ts_utc,ts_almaty,yandex_score,yandex_trend,yandex_jam_km,dgis_score,ev_crash,ev_roadwork,ev_restriction,ev_comment,ev_other
2026-09-02T04:00,2026-09-02T09:00,7,0,142.5,7,123,16,163,137,5
2026-09-02T04:01,2026-09-02T09:01,,,,7,,,,,
2026-09-02T04:02,2026-09-02T09:02,,,,7,,,,,
2026-09-02T04:03,2026-09-02T09:03,,,,7,,,,,
2026-09-02T04:04,2026-09-02T09:04,7,0,139.4,7,,,,,
2026-09-02T04:05,2026-09-02T09:05,,,,7,123,18,163,143,5
2026-09-02T04:06,2026-09-02T09:06,,,,7,,,,,
2026-09-02T04:07,2026-09-02T09:07,,,,6,,,,,
2026-09-02T04:08,2026-09-02T09:08,7,0,139.0,6,,,,,
2026-09-02T04:10,2026-09-02T09:10,,,,6,,,,,
2026-09-02T04:10,2026-09-02T09:10,,,,6,124,18,163,145,5
2026-09-02T04:11,2026-09-02T09:11,,,,6,,,,,
2026-09-02T04:12,2026-09-02T09:12,7,0,133.8,6,,,,,
2026-09-02T04:13,2026-09-02T09:13,,,,6,,,,,
2026-09-02T04:14,2026-09-02T09:14,,,,6,,,,,
2026-09-02T04:15,2026-09-02T09:15,,,,6,130,20,164,148,5
2026-09-02T04:17,2026-09-02T09:17,7,0,128.9,6,,,,,
2026-09-02T04:18,2026-09-02T09:18,,,,6,,,,,
2026-09-02T04:18,2026-09-02T09:18,,,,6,,,,,
2026-09-02T04:19,2026-09-02T09:19,,,,6,,,,,
2026-09-02T04:21,2026-09-02T09:21,7,0,127.3,6,129,20,164,153,5
2026-09-02T04:22,2026-09-02T09:22,,,,6,,,,,
2026-09-02T04:23,2026-09-02T09:23,,,,6,,,,,
2026-09-02T04:24,2026-09-02T09:24,,,,6,,,,,
2026-09-02T04:25,2026-09-02T09:25,6,0,120.6,6,,,,,
2026-09-02T04:26,2026-09-02T09:26,,,,6,128,20,166,162,5
2026-09-02T04:27,2026-09-02T09:27,,,,6,,,,,
2026-09-02T04:28,2026-09-02T09:28,,,,6,,,,,
2026-09-02T04:29,2026-09-02T09:29,6,0,122.0,6,,,,,
2026-09-02T04:30,2026-09-02T09:30,,,,6,,,,,
2026-09-02T04:31,2026-09-02T09:31,,,,5,122,20,167,172,5
2026-09-02T04:32,2026-09-02T09:32,,,,5,,,,,
2026-09-02T04:33,2026-09-02T09:33,6,0,120.0,6,,,,,
2026-09-02T04:34,2026-09-02T09:34,,,,6,,,,,
2026-09-02T04:34,2026-09-02T09:34,,,,6,,,,,
2026-09-02T04:35,2026-09-02T09:35,,,,6,124,21,167,173,6
2026-09-02T04:36,2026-09-02T09:36,6,0,120.4,6,,,,,
2026-09-02T04:37,2026-09-02T09:37,,,,5,,,,,
2026-09-02T04:38,2026-09-02T09:38,,,,5,,,,,
2026-09-02T04:39,2026-09-02T09:39,,,,5,,,,,
2026-09-02T04:40,2026-09-02T09:40,6,0,119.7,5,128,20,169,177,5
2026-09-02T04:41,2026-09-02T09:41,,,,5,,,,,
2026-09-02T04:42,2026-09-02T09:42,,,,5,,,,,
2026-09-02T04:43,2026-09-02T09:43,,,,5,,,,,
2026-09-02T04:44,2026-09-02T09:44,6,0,121.6,5,,,,,
2026-09-02T04:45,2026-09-02T09:45,,,,5,128,22,171,179,5
2026-09-02T04:46,2026-09-02T09:46,,,,5,,,,,
2026-09-02T04:47,2026-09-02T09:47,,,,5,,,,,
2026-09-02T04:48,2026-09-02T09:48,6,0,119.9,5,,,,,
2026-09-02T04:49,2026-09-02T09:49,,,,5,,,,,
2026-09-02T04:50,2026-09-02T09:50,,,,6,125,22,174,177,6
2026-09-02T04:51,2026-09-02T09:51,,,,6,,,,,
2026-09-02T04:52,2026-09-02T09:52,6,0,119.1,6,,,,,
2026-09-02T04:53,2026-09-02T09:53,,,,6,,,,,
2026-09-02T04:54,2026-09-02T09:54,,,,6,,,,,
2026-09-02T04:55,2026-09-02T09:55,,,,6,127,22,175,177,6
2026-09-02T04:56,2026-09-02T09:56,7,0,121.7,6,,,,,
2026-09-02T04:57,2026-09-02T09:57,,,,6,,,,,
2026-09-02T04:58,2026-09-02T09:58,,,,6,,,,,
2026-09-02T04:59,2026-09-02T09:59,,,,6,,,,,
2026-09-02T05:00,2026-09-02T10:00,7,0,121.0,6,128,21,175,179,6
2026-09-02T05:01,2026-09-02T10:01,,,,6,,,,,
2026-09-02T05:02,2026-09-02T10:02,,,,5,,,,,
2026-09-02T05:03,2026-09-02T10:03,,,,5,,,,,
2026-09-02T05:04,2026-09-02T10:04,6,0,116.9,6,,,,,
2026-09-02T05:05,2026-09-02T10:05,,,,6,130,22,176,174,6
2026-09-02T05:06,2026-09-02T10:06,,,,6,,,,,
2026-09-02T05:07,2026-09-02T10:07,,,,5,,,,,
2026-09-02T05:08,2026-09-02T10:08,6,0,121.7,5,,,,,
2026-09-02T05:09,2026-09-02T10:09,,,,5,,,,,
2026-09-02T05:10,2026-09-02T10:10,,,,5,123,20,176,174,5
2026-09-02T05:11,2026-09-02T10:11,,,,5,,,,,
2026-09-02T05:12,2026-09-02T10:12,6,0,114.5,5,,,,,
2026-09-02T05:13,2026-09-02T10:13,,,,5,,,,,
2026-09-02T05:14,2026-09-02T10:14,,,,5,,,,,
2026-09-02T05:15,2026-09-02T10:15,,,,5,118,20,176,166,4
2026-09-02T05:16,2026-09-02T10:16,6,0,116.0,5,,,,,
2026-09-02T05:17,2026-09-02T10:17,,,,5,,,,,
2026-09-02T05:18,2026-09-02T10:18,,,,5,,,,,
2026-09-02T05:19,2026-09-02T10:19,,,,5,,,,,
2026-09-02T05:20,2026-09-02T10:20,6,0,111.4,5,120,20,176,164,4
2026-09-02T05:21,2026-09-02T10:21,,,,5,,,,,
2026-09-02T05:22,2026-09-02T10:22,,,,5,,,,,
2026-09-02T05:23,2026-09-02T10:23,,,,5,,,,,
2026-09-02T05:24,2026-09-02T10:24,6,0,110.2,5,,,,,
2026-09-02T05:25,2026-09-02T10:25,,,,5,116,21,175,156,4
2026-09-02T05:26,2026-09-02T10:26,,,,5,,,,,
2026-09-02T05:27,2026-09-02T10:27,,,,5,,,,,
2026-09-02T05:27,2026-09-02T10:27,5,0,112.4,5,,,,,
2026-09-02T05:28,2026-09-02T10:28,,,,5,,,,,
2026-09-02T05:29,2026-09-02T10:29,,,,5,116,21,176,157,3
2026-09-02T05:30,2026-09-02T10:30,,,,5,,,,,
2026-09-02T05:31,2026-09-02T10:31,5,0,115.7,5,,,,,
2026-09-02T05:32,2026-09-02T10:32,,,,5,,,,,
2026-09-02T05:33,2026-09-02T10:33,,,,5,,,,,
2026-09-02T05:34,2026-09-02T10:34,,,,5,122,25,176,155,3
2026-09-02T05:35,2026-09-02T10:35,5,0,112.3,5,,,,,
2026-09-02T05:36,2026-09-02T10:36,,,,5,,,,,
2026-09-02T05:37,2026-09-02T10:37,,,,5,,,,,
2026-09-02T05:38,2026-09-02T10:38,,,,5,,,,,
2026-09-02T05:39,2026-09-02T10:39,5,0,114.0,5,127,25,176,150,3
2026-09-02T05:40,2026-09-02T10:40,,,,5,,,,,
2026-09-02T05:41,2026-09-02T10:41,,,,5,,,,,
2026-09-02T05:42,2026-09-02T10:42,,,,5,,,,,
2026-09-02T05:43,2026-09-02T10:43,5,0,110.8,5,,,,,
2026-09-02T05:44,2026-09-02T10:44,,,,5,132,26,177,151,3
2026-09-02T05:45,2026-09-02T10:45,,,,5,,,,,
2026-09-02T05:47,2026-09-02T10:47,,,,5,,,,,
2026-09-02T05:47,2026-09-02T10:47,6,0,113.9,5,,,,,
2026-09-02T05:49,2026-09-02T10:49,,,,5,,,,,
2026-09-02T05:50,2026-09-02T10:50,,,,5,129,27,177,147,3
2026-09-02T05:51,2026-09-02T10:51,,,,5,,,,,
2026-09-02T05:52,2026-09-02T10:52,6,0,105.3,5,,,,,
2026-09-02T05:53,2026-09-02T10:53,,,,5,,,,,
2026-09-02T05:54,2026-09-02T10:54,,,,5,,,,,
2026-09-02T05:55,2026-09-02T10:55,,,,5,128,27,178,146,3
2026-09-02T05:56,2026-09-02T10:56,6,0,106.7,5,,,,,
2026-09-02T05:57,2026-09-02T10:57,,,,5,,,,,
2026-09-02T05:58,2026-09-02T10:58,,,,5,,,,,
2026-09-02T05:59,2026-09-02T10:59,,,,5,,,,,
2026-09-02T06:00,2026-09-02T11:00,6,0,109.8,5,136,28,179,142,4
2026-09-02T06:01,2026-09-02T11:01,,,,5,,,,,
2026-09-02T06:02,2026-09-02T11:02,,,,5,,,,,
2026-09-02T06:03,2026-09-02T11:03,,,,5,,,,,
2026-09-02T06:04,2026-09-02T11:04,6,0,114.7,5,,,,,
2026-09-02T06:05,2026-09-02T11:05,,,,5,129,29,178,129,4
2026-09-02T06:06,2026-09-02T11:06,,,,5,,,,,
2026-09-02T06:07,2026-09-02T11:07,,,,5,,,,,
2026-09-02T06:08,2026-09-02T11:08,6,0,112.2,5,,,,,
2026-09-02T06:09,2026-09-02T11:09,,,,5,,,,,
2026-09-02T06:10,2026-09-02T11:10,,,,5,124,28,178,124,4
2026-09-02T06:11,2026-09-02T11:11,,,,5,,,,,
2026-09-02T06:13,2026-09-02T11:13,6,0,112.1,5,,,,,
2026-09-02T06:14,2026-09-02T11:14,,,,5,,,,,
2026-09-02T06:15,2026-09-02T11:15,,,,5,,,,,
2026-09-02T06:16,2026-09-02T11:16,,,,5,115,30,172,121,4
2026-09-02T06:17,2026-09-02T11:17,6,0,111.4,5,,,,,
2026-09-02T06:18,2026-09-02T11:18,,,,5,,,,,
2026-09-02T06:19,2026-09-02T11:19,,,,5,,,,,
2026-09-02T06:20,2026-09-02T11:20,,,,5,,,,,
2026-09-02T06:21,2026-09-02T11:21,5,0,111.5,5,118,32,170,113,3
2026-09-02T06:22,2026-09-02T11:22,,,,5,,,,,
2026-09-02T06:23,2026-09-02T11:23,,,,5,,,,,
2026-09-02T06:24,2026-09-02T11:24,,,,5,,,,,
2026-09-02T06:25,2026-09-02T11:25,5,0,114.5,5,,,,,
2026-09-02T06:25,2026-09-02T11:25,,,,5,114,31,169,113,3
2026-09-02T06:26,2026-09-02T11:26,,,,5,,,,,
2026-09-02T06:27,2026-09-02T11:27,,,,5,,,,,
2026-09-02T06:28,2026-09-02T11:28,5,0,108.6,5,,,,,
2026-09-02T06:29,2026-09-02T11:29,,,,5,,,,,
2026-09-02T06:30,2026-09-02T11:30,,,,5,112,32,169,102,3
2026-09-02T06:31,2026-09-02T11:31,,,,5,,,,,
2026-09-02T06:32,2026-09-02T11:32,5,0,107.9,5,,,,,
2026-09-02T06:33,2026-09-02T11:33,,,,5,,,,,
2026-09-02T06:34,2026-09-02T11:34,,,,5,,,,,
2026-09-02T06:35,2026-09-02T11:35,,,,5,107,32,182,101,3
2026-09-02T06:36,2026-09-02T11:36,5,0,111.8,5,,,,,
2026-09-02T06:37,2026-09-02T11:37,,,,5,,,,,
2026-09-02T06:38,2026-09-02T11:38,,,,5,,,,,
2026-09-02T06:39,2026-09-02T11:39,,,,5,,,,,
2026-09-02T06:40,2026-09-02T11:40,5,0,110.7,5,105,35,181,97,3
2026-09-02T06:41,2026-09-02T11:41,,,,5,,,,,
2026-09-02T06:42,2026-09-02T11:42,,,,5,,,,,
2026-09-02T06:43,2026-09-02T11:43,,,,5,,,,,
2026-09-02T06:44,2026-09-02T11:44,5,0,112.0,5,,,,,
2026-09-02T06:45,2026-09-02T11:45,,,,5,111,37,181,91,3
2026-09-02T06:46,2026-09-02T11:46,,,,5,,,,,
2026-09-02T06:47,2026-09-02T11:47,,,,5,,,,,
2026-09-02T06:48,2026-09-02T11:48,5,0,113.2,5,,,,,
2026-09-02T06:49,2026-09-02T11:49,,,,5,,,,,
2026-09-02T06:50,2026-09-02T11:50,,,,5,111,37,180,89,4
2026-09-02T06:51,2026-09-02T11:51,,,,5,,,,,
2026-09-02T06:52,2026-09-02T11:52,5,0,113.1,5,,,,,
2026-09-02T06:53,2026-09-02T11:53,,,,5,,,,,
2026-09-02T06:53,2026-09-02T11:53,,,,5,,,,,
2026-09-02T06:55,2026-09-02T11:55,,,,5,120,38,181,87,6
2026-09-02T06:55,2026-09-02T11:55,5,0,100.5,5,,,,,
2026-09-02T06:57,2026-09-02T11:57,,,,5,,,,,
2026-09-02T06:58,2026-09-02T11:58,,,,5,,,,,
2026-09-02T06:59,2026-09-02T11:59,,,,5,,,,,
2026-09-02T07:00,2026-09-02T12:00,5,0,104.2,5,120,36,181,83,6
2026-09-02T07:01,2026-09-02T12:01,,,,5,,,,,
2026-09-02T07:02,2026-09-02T12:02,,,,5,,,,,
2026-09-02T07:03,2026-09-02T12:03,,,,5,,,,,
2026-09-02T07:04,2026-09-02T12:04,5,0,101.5,5,,,,,
2026-09-02T07:05,2026-09-02T12:05,,,,5,118,34,181,80,5
2026-09-02T07:06,2026-09-02T12:06,,,,5,,,,,
2026-09-02T07:06,2026-09-02T12:06,,,,5,,,,,
2026-09-02T07:07,2026-09-02T12:07,5,0,,4,,,,,
2026-09-02T07:09,2026-09-02T12:09,,,,4,,,,,
2026-09-02T07:09,2026-09-02T12:09,,,,4,115,33,183,82,5
2026-09-02T07:11,2026-09-02T12:11,,,,4,,,,,
2026-09-02T07:12,2026-09-02T12:12,5,0,,4,,,,,
2026-09-02T07:13,2026-09-02T12:13,,,,4,,,,,
2026-09-02T07:14,2026-09-02T12:14,,,,4,,,,,
2026-09-02T07:15,2026-09-02T12:15,,,,4,112,33,185,80,5
2026-09-02T07:16,2026-09-02T12:16,5,0,,4,,,,,
2026-09-02T07:17,2026-09-02T12:17,,,,4,,,,,
2026-09-02T07:18,2026-09-02T12:18,,,,4,,,,,
2026-09-02T07:19,2026-09-02T12:19,,,,4,,,,,
2026-09-02T07:20,2026-09-02T12:20,5,0,,4,112,33,185,84,5
2026-09-02T07:21,2026-09-02T12:21,,,,4,,,,,
2026-09-02T07:22,2026-09-02T12:22,,,,4,,,,,
2026-09-02T07:23,2026-09-02T12:23,,,,4,,,,,
2026-09-02T07:24,2026-09-02T12:24,5,0,,4,,,,,
2026-09-02T07:25,2026-09-02T12:25,,,,4,113,33,184,84,5
2026-09-02T07:26,2026-09-02T12:26,,,,4,,,,,
2026-09-02T07:27,2026-09-02T12:27,,,,4,,,,,
2026-09-02T07:28,2026-09-02T12:28,5,0,100.5,4,,,,,
2026-09-02T07:29,2026-09-02T12:29,,,,4,,,,,
2026-09-02T07:30,2026-09-02T12:30,,,,4,108,33,183,85,4
2026-09-02T07:31,2026-09-02T12:31,,,,4,,,,,
2026-09-02T07:32,2026-09-02T12:32,5,0,,4,,,,,
2026-09-02T07:33,2026-09-02T12:33,,,,4,,,,,
2026-09-02T07:34,2026-09-02T12:34,,,,4,,,,,
2026-09-02T07:35,2026-09-02T12:35,,,,4,107,31,182,84,4
2026-09-02T07:36,2026-09-02T12:36,5,0,,4,,,,,
2026-09-02T07:37,2026-09-02T12:37,,,,4,,,,,
2026-09-02T07:38,2026-09-02T12:38,,,,4,,,,,
2026-09-02T07:39,2026-09-02T12:39,,,,4,,,,,
2026-09-02T07:40,2026-09-02T12:40,5,0,,4,109,31,181,81,4
2026-09-02T07:41,2026-09-02T12:41,,,,4,,,,,
2026-09-02T07:42,2026-09-02T12:42,,,,5,,,,,
2026-09-02T07:43,2026-09-02T12:43,,,,5,,,,,
2026-09-02T07:44,2026-09-02T12:44,5,0,,5,,,,,
2026-09-02T07:45,2026-09-02T12:45,,,,5,117,29,181,80,5
2026-09-02T07:46,2026-09-02T12:46,,,,5,,,,,
2026-09-02T07:47,2026-09-02T12:47,,,,5,,,,,
2026-09-02T07:48,2026-09-02T12:48,5,0,,5,,,,,
2026-09-02T07:49,2026-09-02T12:49,,,,5,,,,,
2026-09-02T07:50,2026-09-02T12:50,,,,5,114,31,181,77,5
2026-09-02T07:51,2026-09-02T12:51,,,,5,,,,,
2026-09-02T07:52,2026-09-02T12:52,5,0,101.3,5,,,,,
2026-09-02T07:53,2026-09-02T12:53,,,,5,,,,,
2026-09-02T07:54,2026-09-02T12:54,,,,5,,,,,
2026-09-02T07:54,2026-09-02T12:54,,,,5,118,32,180,75,5
2026-09-02T07:56,2026-09-02T12:56,5,0,,5,,,,,
2026-09-02T07:57,2026-09-02T12:57,,,,5,,,,,
2026-09-02T07:58,2026-09-02T12:58,,,,5,,,,,
2026-09-02T07:59,2026-09-02T12:59,,,,5,,,,,
2026-09-02T08:00,2026-09-02T13:00,5,0,,5,110,34,178,70,5
2026-09-02T08:01,2026-09-02T13:01,,,,5,,,,,
2026-09-02T08:02,2026-09-02T13:02,,,,5,,,,,
2026-09-02T08:03,2026-09-02T13:03,,,,5,,,,,
2026-09-02T08:04,2026-09-02T13:04,5,0,,5,,,,,
2026-09-02T08:05,2026-09-02T13:05,,,,5,110,37,177,70,5
2026-09-02T08:06,2026-09-02T13:06,,,,5,,,,,
2026-09-02T08:07,2026-09-02T13:07,,,,5,,,,,
2026-09-02T08:08,2026-09-02T13:08,5,0,,5,,,,,
2026-09-02T08:09,2026-09-02T13:09,,,,5,,,,,
2026-09-02T08:10,2026-09-02T13:10,,,,5,109,39,175,70,5
2026-09-02T08:10,2026-09-02T13:10,,,,5,,,,,
2026-09-02T08:11,2026-09-02T13:11,5,0,,5,,,,,
2026-09-02T08:12,2026-09-02T13:12,,,,5,,,,,
2026-09-02T08:13,2026-09-02T13:13,,,,5,,,,,
2026-09-02T08:14,2026-09-02T13:14,,,,5,110,41,175,71,5
2026-09-02T08:15,2026-09-02T13:15,5,0,100.3,5,,,,,
2026-09-02T08:16,2026-09-02T13:16,,,,5,,,,,
2026-09-02T08:17,2026-09-02T13:17,,,,5,,,,,
2026-09-02T08:18,2026-09-02T13:18,,,,5,,,,,
2026-09-02T08:20,2026-09-02T13:20,5,0,103.7,5,108,44,175,68,4
2026-09-02T08:20,2026-09-02T13:20,,,,5,,,,,
2026-09-02T08:21,2026-09-02T13:21,,,,5,,,,,
2026-09-02T08:22,2026-09-02T13:22,,,,5,,,,,
2026-09-02T08:23,2026-09-02T13:23,5,0,107.2,5,,,,,
2026-09-02T08:24,2026-09-02T13:24,,,,5,107,44,175,67,4
2026-09-02T08:25,2026-09-02T13:25,,,,5,,,,,
2026-09-02T08:26,2026-09-02T13:26,,,,5,,,,,
2026-09-02T08:27,2026-09-02T13:27,5,0,105.3,5,,,,,
2026-09-02T08:28,2026-09-02T13:28,,,,5,,,,,
2026-09-02T08:29,2026-09-02T13:29,,,,5,111,44,174,69,4
2026-09-02T08:31,2026-09-02T13:31,,,,5,,,,,
2026-09-02T08:32,2026-09-02T13:32,5,0,104.9,5,,,,,
2026-09-02T08:33,2026-09-02T13:33,,,,5,,,,,
2026-09-02T08:34,2026-09-02T13:34,,,,5,,,,,
2026-09-02T08:35,2026-09-02T13:35,,,,5,107,42,174,69,4
2026-09-02T08:36,2026-09-02T13:36,5,0,104.1,5,,,,,
2026-09-02T08:37,2026-09-02T13:37,,,,5,,,,,
2026-09-02T08:38,2026-09-02T13:38,,,,5,,,,,
2026-09-02T08:39,2026-09-02T13:39,,,,5,,,,,
2026-09-02T08:40,2026-09-02T13:40,5,0,103.4,5,109,42,173,68,4
2026-09-02T08:40,2026-09-02T13:40,,,,5,,,,,
2026-09-02T08:41,2026-09-02T13:41,,,,5,,,,,
2026-09-02T08:42,2026-09-02T13:42,,,,5,,,,,
2026-09-02T08:43,2026-09-02T13:43,5,0,108.2,5,,,,,
2026-09-02T08:44,2026-09-02T13:44,,,,5,111,41,172,67,4
2026-09-02T08:45,2026-09-02T13:45,,,,5,,,,,
2026-09-02T08:46,2026-09-02T13:46,,,,5,,,,,
2026-09-02T08:47,2026-09-02T13:47,5,0,106.8,5,,,,,
2026-09-02T08:48,2026-09-02T13:48,,,,5,,,,,
2026-09-02T08:49,2026-09-02T13:49,,,,5,114,40,172,67,4
2026-09-02T08:50,2026-09-02T13:50,,,,5,,,,,
2026-09-02T08:51,2026-09-02T13:51,5,0,105.9,5,,,,,
2026-09-02T08:52,2026-09-02T13:52,,,,5,,,,,
2026-09-02T08:53,2026-09-02T13:53,,,,5,,,,,
2026-09-02T08:53,2026-09-02T13:53,,,,5,117,41,171,66,4
2026-09-02T08:54,2026-09-02T13:54,5,0,105.3,5,,,,,
2026-09-02T08:55,2026-09-02T13:55,,,,5,,,,,
2026-09-02T08:56,2026-09-02T13:56,,,,5,,,,,
2026-09-02T08:57,2026-09-02T13:57,,,,5,,,,,
2026-09-02T08:58,2026-09-02T13:58,5,0,108.9,5,113,41,172,64,4
2026-09-02T08:59,2026-09-02T13:59,,,,5,,,,,
2026-09-02T09:00,2026-09-02T14:00,,,,5,,,,,
2026-09-02T09:01,2026-09-02T14:01,,,,5,,,,,
2026-09-02T09:02,2026-09-02T14:02,5,0,105.0,5,,,,,
2026-09-02T09:03,2026-09-02T14:03,,,,5,114,42,172,63,4
2026-09-02T09:04,2026-09-02T14:04,,,,5,,,,,
2026-09-02T09:05,2026-09-02T14:05,,,,5,,,,,
2026-09-02T09:06,2026-09-02T14:06,5,0,105.3,5,,,,,
2026-09-02T09:07,2026-09-02T14:07,,,,5,,,,,
2026-09-02T09:08,2026-09-02T14:08,,,,5,113,44,172,59,4
2026-09-02T09:09,2026-09-02T14:09,,,,5,,,,,
2026-09-02T09:10,2026-09-02T14:10,5,0,101.7,5,,,,,
2026-09-02T09:12,2026-09-02T14:12,,,,5,,,,,
2026-09-02T09:13,2026-09-02T14:13,,,,5,,,,,
2026-09-02T09:13,2026-09-02T14:13,,,,5,113,43,170,59,3
2026-09-02T09:14,2026-09-02T14:14,5,0,103.8,5,,,,,
2026-09-02T09:15,2026-09-02T14:15,,,,5,,,,,
2026-09-02T09:17,2026-09-02T14:17,,,,5,,,,,
2026-09-02T09:17,2026-09-02T14:17,,,,5,,,,,
2026-09-02T09:19,2026-09-02T14:19,5,0,105.7,5,111,39,170,58,2
2026-09-02T09:20,2026-09-02T14:20,,,,5,,,,,
2026-09-02T09:21,2026-09-02T14:21,,,,5,,,,,
2026-09-02T09:22,2026-09-02T14:22,,,,5,,,,,
2026-09-02T09:23,2026-09-02T14:23,5,0,,5,,,,,
2026-09-02T09:24,2026-09-02T14:24,,,,5,107,40,171,58,2
2026-09-02T09:25,2026-09-02T14:25,,,,5,,,,,
2026-09-02T09:26,2026-09-02T14:26,,,,5,,,,,
2026-09-02T09:27,2026-09-02T14:27,5,0,104.5,5,,,,,
2026-09-02T09:28,2026-09-02T14:28,,,,5,,,,,
2026-09-02T09:29,2026-09-02T14:29,,,,5,107,39,171,58,2
2026-09-02T09:30,2026-09-02T14:30,,,,5,,,,,
2026-09-02T09:31,2026-09-02T14:31,5,0,98.8,5,,,,,
2026-09-02T09:32,2026-09-02T14:32,,,,5,,,,,
2026-09-02T09:33,2026-09-02T14:33,,,,5,,,,,
2026-09-02T09:34,2026-09-02T14:34,,,,5,106,39,171,56,2
2026-09-02T09:35,2026-09-02T14:35,5,0,104.5,5,,,,,
2026-09-02T09:36,2026-09-02T14:36,,,,5,,,,,
2026-09-02T09:37,2026-09-02T14:37,,,,5,,,,,
2026-09-02T09:38,2026-09-02T14:38,,,,5,,,,,
2026-09-02T09:39,2026-09-02T14:39,6,0,109.8,5,103,39,171,54,2
2026-09-02T09:40,2026-09-02T14:40,,,,5,,,,,
2026-09-02T09:41,2026-09-02T14:41,6,0,112.2,5,104,38,171,54,2
2026-09-02T09:42,2026-09-02T14:42,,,,5,,,,,
2026-09-02T09:43,2026-09-02T14:43,,,,5,,,,,
2026-09-02T09:44,2026-09-02T14:44,,,,5,,,,,
2026-09-02T09:46,2026-09-02T14:46,6,0,109.9,5,,,,,
2026-09-02T09:47,2026-09-02T14:47,,,,5,102,35,171,56,2
2026-09-02T09:48,2026-09-02T14:48,,,,5,,,,,
2026-09-02T09:48,2026-09-02T14:48,,,,5,,,,,
2026-09-02T09:49,2026-09-02T14:49,6,0,116.4,5,,,,,
2026-09-02T09:50,2026-09-02T14:50,,,,5,,,,,
2026-09-02T09:51,2026-09-02T14:51,,,,5,102,36,171,59,3
2026-09-02T09:52,2026-09-02T14:52,,,,5,,,,,
2026-09-02T09:53,2026-09-02T14:53,6,0,116.1,5,,,,,
2026-09-02T09:54,2026-09-02T14:54,,,,5,,,,,
2026-09-02T09:55,2026-09-02T14:55,,,,5,,,,,
2026-09-02T09:56,2026-09-02T14:56,,,,5,99,36,171,62,3
2026-09-02T09:57,2026-09-02T14:57,6,0,113.9,5,,,,,
2026-09-02T09:58,2026-09-02T14:58,,,,5,,,,,
2026-09-02T09:58,2026-09-02T14:58,,,,5,,,,,
2026-09-02T09:59,2026-09-02T14:59,,,,5,,,,,
2026-09-02T10:00,2026-09-02T15:00,7,0,112.3,5,101,39,171,63,3
2026-09-02T10:01,2026-09-02T15:01,,,,5,,,,,
2026-09-02T10:02,2026-09-02T15:02,,,,5,,,,,
2026-09-02T10:03,2026-09-02T15:03,,,,5,,,,,
2026-09-02T10:04,2026-09-02T15:04,6,0,120.1,5,,,,,
2026-09-02T10:05,2026-09-02T15:05,,,,5,103,38,172,60,3
2026-09-02T10:06,2026-09-02T15:06,,,,5,,,,,
2026-09-02T10:07,2026-09-02T15:07,,,,5,,,,,
2026-09-02T10:08,2026-09-02T15:08,6,0,111.5,5,,,,,
2026-09-02T10:09,2026-09-02T15:09,,,,5,,,,,
2026-09-02T10:10,2026-09-02T15:10,,,,5,105,38,170,61,3
2026-09-02T10:11,2026-09-02T15:11,,,,5,,,,,
2026-09-02T10:12,2026-09-02T15:12,6,0,112.2,5,,,,,
2026-09-02T10:13,2026-09-02T15:13,,,,5,,,,,
2026-09-02T10:14,2026-09-02T15:14,,,,5,,,,,
2026-09-02T10:15,2026-09-02T15:15,,,,5,101,38,168,61,3
2026-09-02T10:16,2026-09-02T15:16,6,0,110.6,5,,,,,
2026-09-02T10:17,2026-09-02T15:17,,,,5,,,,,
2026-09-02T10:18,2026-09-02T15:18,,,,5,,,,,
2026-09-02T10:19,2026-09-02T15:19,,,,5,,,,,
2026-09-02T10:20,2026-09-02T15:20,6,0,116.2,5,98,37,172,63,3
2026-09-02T10:21,2026-09-02T15:21,,,,5,,,,,
2026-09-02T10:22,2026-09-02T15:22,,,,5,,,,,
2026-09-02T10:23,2026-09-02T15:23,,,,5,,,,,
2026-09-02T10:24,2026-09-02T15:24,6,0,114.3,5,,,,,
2026-09-02T10:25,2026-09-02T15:25,,,,5,101,37,173,67,3
2026-09-02T10:26,2026-09-02T15:26,,,,5,,,,,
2026-09-02T10:27,2026-09-02T15:27,,,,5,,,,,
2026-09-02T10:28,2026-09-02T15:28,6,0,112.0,5,,,,,
2026-09-02T10:29,2026-09-02T15:29,,,,5,,,,,
2026-09-02T10:30,2026-09-02T15:30,,,,5,104,38,176,68,4
2026-09-02T10:31,2026-09-02T15:31,,,,5,,,,,
2026-09-02T10:32,2026-09-02T15:32,6,0,112.8,5,,,,,
2026-09-02T10:33,2026-09-02T15:33,,,,5,,,,,
2026-09-02T10:33,2026-09-02T15:33,,,,5,,,,,
2026-09-02T10:35,2026-09-02T15:35,,,,5,107,39,177,68,5
2026-09-02T10:36,2026-09-02T15:36,6,0,111.5,5,,,,,
2026-09-02T10:37,2026-09-02T15:37,,,,5,,,,,
2026-09-02T10:38,2026-09-02T15:38,,,,5,,,,,
2026-09-02T10:38,2026-09-02T15:38,,,,5,,,,,
2026-09-02T10:40,2026-09-02T15:40,6,0,115.0,5,104,38,176,71,5
2026-09-02T10:41,2026-09-02T15:41,,,,5,,,,,
2026-09-02T10:42,2026-09-02T15:42,,,,5,,,,,
2026-09-02T10:43,2026-09-02T15:43,,,,5,,,,,
2026-09-02T10:44,2026-09-02T15:44,6,0,120.4,5,,,,,
2026-09-02T10:45,2026-09-02T15:45,,,,5,105,39,175,70,5
2026-09-02T10:46,2026-09-02T15:46,,,,5,,,,,
2026-09-02T10:47,2026-09-02T15:47,,,,5,,,,,
2026-09-02T10:48,2026-09-02T15:48,6,0,114.9,5,,,,,
2026-09-02T10:49,2026-09-02T15:49,,,,5,,,,,
2026-09-02T10:50,2026-09-02T15:50,,,,5,107,39,177,70,5
2026-09-02T10:51,2026-09-02T15:51,,,,5,,,,,
2026-09-02T10:52,2026-09-02T15:52,6,0,116.6,5,,,,,
2026-09-02T10:53,2026-09-02T15:53,,,,5,,,,,
2026-09-02T10:54,2026-09-02T15:54,,,,5,,,,,
2026-09-02T10:55,2026-09-02T15:55,,,,5,107,38,177,71,5
2026-09-02T10:56,2026-09-02T15:56,6,0,114.3,5,,,,,
2026-09-02T10:57,2026-09-02T15:57,,,,5,,,,,
2026-09-02T10:58,2026-09-02T15:58,,,,5,,,,,
2026-09-02T10:59,2026-09-02T15:59,,,,5,,,,,
2026-09-02T11:00,2026-09-02T16:00,6,0,114.8,5,109,34,177,74,5
2026-09-02T11:01,2026-09-02T16:01,,,,5,,,,,
2026-09-02T11:02,2026-09-02T16:02,,,,5,,,,,
2026-09-02T11:03,2026-09-02T16:03,,,,5,,,,,
2026-09-02T11:04,2026-09-02T16:04,6,0,109.9,5,,,,,
2026-09-02T11:05,2026-09-02T16:05,,,,5,107,31,177,80,5
2026-09-02T11:06,2026-09-02T16:06,,,,5,,,,,
2026-09-02T11:07,2026-09-02T16:07,,,,5,,,,,
2026-09-02T11:08,2026-09-02T16:08,6,0,111.8,5,,,,,
2026-09-02T11:09,2026-09-02T16:09,,,,5,,,,,
2026-09-02T11:10,2026-09-02T16:10,,,,5,110,29,177,78,5
2026-09-02T11:11,2026-09-02T16:11,,,,5,,,,,
2026-09-02T11:11,2026-09-02T16:11,6,0,111.5,5,,,,,
2026-09-02T11:12,2026-09-02T16:12,,,,5,,,,,
2026-09-02T11:13,2026-09-02T16:13,,,,5,,,,,
2026-09-02T11:14,2026-09-02T16:14,,,,5,111,28,177,77,5
2026-09-02T11:15,2026-09-02T16:15,6,0,114.0,5,,,,,
2026-09-02T11:16,2026-09-02T16:16,,,,5,,,,,
2026-09-02T11:17,2026-09-02T16:17,,,,6,,,,,
2026-09-02T11:18,2026-09-02T16:18,,,,6,,,,,
2026-09-02T11:19,2026-09-02T16:19,6,0,113.1,6,113,26,177,80,5
2026-09-02T11:20,2026-09-02T16:20,,,,6,,,,,
2026-09-02T11:21,2026-09-02T16:21,,,,6,,,,,
2026-09-02T11:22,2026-09-02T16:22,,,,6,,,,,
2026-09-02T11:23,2026-09-02T16:23,6,0,117.0,6,,,,,
2026-09-02T11:24,2026-09-02T16:24,,,,6,111,28,177,82,5
2026-09-02T11:25,2026-09-02T16:25,,,,6,,,,,
2026-09-02T11:26,2026-09-02T16:26,,,,6,,,,,
2026-09-02T11:27,2026-09-02T16:27,7,0,117.3,6,,,,,
2026-09-02T11:28,2026-09-02T16:28,,,,6,,,,,
2026-09-02T11:30,2026-09-02T16:30,,,,6,104,27,175,80,4
2026-09-02T11:31,2026-09-02T16:31,,,,6,,,,,
2026-09-02T11:32,2026-09-02T16:32,7,0,117.2,6,,,,,
2026-09-02T11:33,2026-09-02T16:33,,,,6,,,,,
2026-09-02T11:33,2026-09-02T16:33,,,,6,,,,,
2026-09-02T11:34,2026-09-02T16:34,,,,6,103,26,175,81,4
2026-09-02T11:35,2026-09-02T16:35,7,0,118.5,6,,,,,
2026-09-02T11:36,2026-09-02T16:36,,,,6,,,,,
2026-09-02T11:37,2026-09-02T16:37,,,,6,,,,,
2026-09-02T11:38,2026-09-02T16:38,,,,6,,,,,
2026-09-02T11:39,2026-09-02T16:39,7,0,122.9,6,104,27,175,82,4
2026-09-02T11:40,2026-09-02T16:40,,,,6,,,,,
2026-09-02T11:41,2026-09-02T16:41,,,,6,,,,,
2026-09-02T11:42,2026-09-02T16:42,,,,6,,,,,
2026-09-02T11:43,2026-09-02T16:43,7,0,119.3,6,,,,,
2026-09-02T11:44,2026-09-02T16:44,,,,6,102,26,174,80,4
2026-09-02T11:45,2026-09-02T16:45,,,,6,,,,,
2026-09-02T11:46,2026-09-02T16:46,,,,6,,,,,
2026-09-02T11:47,2026-09-02T16:47,7,0,124.0,6,,,,,
2026-09-02T11:48,2026-09-02T16:48,,,,6,,,,,
2026-09-02T11:49,2026-09-02T16:49,,,,6,103,26,175,81,4
2026-09-02T11:50,2026-09-02T16:50,,,,6,,,,,
2026-09-02T11:51,2026-09-02T16:51,7,0,122.1,6,,,,,
2026-09-02T11:52,2026-09-02T16:52,,,,6,,,,,
2026-09-02T11:53,2026-09-02T16:53,,,,6,,,,,
2026-09-02T11:54,2026-09-02T16:54,,,,6,106,25,174,81,5
2026-09-02T11:55,2026-09-02T16:55,7,0,123.6,6,,,,,
2026-09-02T11:56,2026-09-02T16:56,,,,6,,,,,
2026-09-02T11:57,2026-09-02T16:57,,,,6,,,,,
2026-09-02T11:58,2026-09-02T16:58,,,,6,,,,,
2026-09-02T11:59,2026-09-02T16:59,7,0,125.4,6,100,25,173,81,4
2026-09-02T12:00,2026-09-02T17:00,,,,6,,,,,
2026-09-02T12:01,2026-09-02T17:01,,,,6,,,,,
2026-09-02T12:02,2026-09-02T17:02,,,,6,,,,,
2026-09-02T12:03,2026-09-02T17:03,7,0,123.5,6,,,,,
2026-09-02T12:04,2026-09-02T17:04,,,,6,100,26,173,82,7
2026-09-02T12:05,2026-09-02T17:05,,,,6,,,,,
2026-09-02T12:06,2026-09-02T17:06,,,,6,,,,,
2026-09-02T12:07,2026-09-02T17:07,7,0,125.1,7,,,,,
2026-09-02T12:08,2026-09-02T17:08,,,,7,,,,,
2026-09-02T12:09,2026-09-02T17:09,,,,7,104,24,175,85,7
2026-09-02T12:10,2026-09-02T17:10,,,,7,,,,,
2026-09-02T12:11,2026-09-02T17:11,7,0,133.1,7,,,,,
2026-09-02T12:12,2026-09-02T17:12,,,,7,,,,,
2026-09-02T12:13,2026-09-02T17:13,,,,8,,,,,
2026-09-02T12:14,2026-09-02T17:14,,,,8,99,24,175,86,6
2026-09-02T12:15,2026-09-02T17:15,7,0,138.3,8,,,,,
2026-09-02T12:16,2026-09-02T17:16,,,,8,,,,,
2026-09-02T12:16,2026-09-02T17:16,,,,8,,,,,
2026-09-02T12:17,2026-09-02T17:17,,,,8,,,,,
2026-09-02T12:18,2026-09-02T17:18,7,0,146.6,8,98,26,175,92,6
2026-09-02T12:19,2026-09-02T17:19,,,,8,,,,,
2026-09-02T12:20,2026-09-02T17:20,,,,8,,,,,
2026-09-02T12:21,2026-09-02T17:21,,,,8,,,,,
2026-09-02T12:22,2026-09-02T17:22,7,0,150.7,8,,,,,
2026-09-02T12:23,2026-09-02T17:23,,,,8,97,26,174,95,6
2026-09-02T12:24,2026-09-02T17:24,,,,8,,,,,
2026-09-02T12:25,2026-09-02T17:25,,,,8,,,,,
2026-09-02T12:26,2026-09-02T17:26,7,0,151.9,9,,,,,
2026-09-02T12:27,2026-09-02T17:27,,,,9,,,,,
2026-09-02T12:27,2026-09-02T17:27,,,,9,92,27,174,97,6
2026-09-02T12:29,2026-09-02T17:29,,,,9,,,,,
2026-09-02T12:29,2026-09-02T17:29,7,0,153.9,9,,,,,
2026-09-02T12:30,2026-09-02T17:30,,,,9,,,,,
2026-09-02T12:31,2026-09-02T17:31,,,,9,,,,,
2026-09-02T12:32,2026-09-02T17:32,,,,9,92,27,175,104,6
2026-09-02T12:33,2026-09-02T17:33,8,0,155.1,9,,,,,
2026-09-02T12:34,2026-09-02T17:34,,,,9,,,,,
2026-09-02T12:35,2026-09-02T17:35,,,,9,,,,,
2026-09-02T12:36,2026-09-02T17:36,,,,9,,,,,
2026-09-02T12:37,2026-09-02T17:37,8,0,156.6,9,93,26,175,106,6
2026-09-02T12:45,2026-09-02T17:45,8,0,158.6,9,100,28,175,108,7
2026-09-02T12:46,2026-09-02T17:46,,,,9,,,,,
2026-09-02T12:47,2026-09-02T17:47,,,,9,,,,,
2026-09-02T12:47,2026-09-02T17:47,,,,9,,,,,
2026-09-02T12:48,2026-09-02T17:48,8,0,157.2,9,,,,,
2026-09-02T12:49,2026-09-02T17:49,,,,9,99,30,175,107,7
2026-09-02T12:50,2026-09-02T17:50,,,,9,,,,,
2026-09-02T12:51,2026-09-02T17:51,,,,9,,,,,
2026-09-02T12:52,2026-09-02T17:52,8,0,160.8,9,,,,,
2026-09-02T12:53,2026-09-02T17:53,,,,9,,,,,
2026-09-02T12:54,2026-09-02T17:54,,,,9,100,30,175,107,7
2026-09-02T12:55,2026-09-02T17:55,,,,9,,,,,
2026-09-02T12:56,2026-09-02T17:56,8,0,158.0,9,,,,,
2026-09-02T12:57,2026-09-02T17:57,,,,9,,,,,
2026-09-02T12:58,2026-09-02T17:58,,,,9,,,,,
2026-09-02T12:59,2026-09-02T17:59,,,,9,104,29,177,111,7
2026-09-02T13:00,2026-09-02T18:00,8,0,157.3,9,,,,,
2026-09-02T13:01,2026-09-02T18:01,,,,8,,,,,
2026-09-02T13:02,2026-09-02T18:02,,,,8,,,,,
2026-09-02T13:03,2026-09-02T18:03,,,,8,,,,,
2026-09-02T13:04,2026-09-02T18:04,8,0,154.3,9,108,29,177,117,8
2026-09-02T13:05,2026-09-02T18:05,,,,9,,,,,
2026-09-02T13:06,2026-09-02T18:06,,,,9,,,,,
2026-09-02T13:07,2026-09-02T18:07,,,,9,,,,,
2026-09-02T13:09,2026-09-02T18:09,8,0,163.7,9,,,,,
2026-09-02T13:09,2026-09-02T18:09,,,,9,103,29,178,126,9
2026-09-02T13:10,2026-09-02T18:10,,,,9,,,,,
2026-09-02T13:11,2026-09-02T18:11,,,,9,,,,,
2026-09-02T13:12,2026-09-02T18:12,8,0,166.0,9,,,,,
2026-09-02T13:13,2026-09-02T18:13,,,,9,,,,,
2026-09-02T13:14,2026-09-02T18:14,,,,9,101,29,180,141,10
2026-09-02T13:15,2026-09-02T18:15,,,,9,,,,,
2026-09-02T13:15,2026-09-02T18:15,8,0,163.9,9,,,,,
2026-09-02T13:17,2026-09-02T18:17,,,,9,,,,,
2026-09-02T13:17,2026-09-02T18:17,,,,9,,,,,
2026-09-02T13:18,2026-09-02T18:18,,,,9,106,31,177,142,12
2026-09-02T13:19,2026-09-02T18:19,8,0,168.3,9,,,,,
2026-09-02T13:20,2026-09-02T18:20,,,,9,,,,,
2026-09-02T13:22,2026-09-02T18:22,,,,9,,,,,
2026-09-02T13:23,2026-09-02T18:23,,,,9,,,,,
2026-09-02T13:23,2026-09-02T18:23,8,0,169.6,9,110,31,180,147,11
2026-09-02T13:24,2026-09-02T18:24,,,,9,,,,,
2026-09-02T13:25,2026-09-02T18:25,,,,9,,,,,
2026-09-02T13:26,2026-09-02T18:26,,,,9,,,,,
2026-09-02T13:28,2026-09-02T18:28,8,0,163.6,9,,,,,
2026-09-02T13:28,2026-09-02T18:28,,,,9,113,32,178,171,14
2026-09-02T13:30,2026-09-02T18:30,,,,9,,,,,
2026-09-02T13:30,2026-09-02T18:30,,,,9,,,,,
2026-09-02T13:32,2026-09-02T18:32,9,0,167.3,9,,,,,
2026-09-02T13:33,2026-09-02T18:33,,,,9,,,,,
2026-09-02T13:34,2026-09-02T18:34,,,,9,110,33,177,198,12
2026-09-02T13:34,2026-09-02T18:34,,,,9,,,,,
2026-09-02T13:35,2026-09-02T18:35,9,0,166.0,9,,,,,
2026-09-02T13:36,2026-09-02T18:36,,,,9,,,,,
2026-09-02T13:37,2026-09-02T18:37,,,,9,,,,,
2026-09-02T13:38,2026-09-02T18:38,,,,9,109,37,176,214,11
2026-09-02T13:39,2026-09-02T18:39,9,0,161.3,9,,,,,
2026-09-02T13:40,2026-09-02T18:40,,,,9,,,,,
2026-09-02T13:41,2026-09-02T18:41,,,,9,,,,,
2026-09-02T13:42,2026-09-02T18:42,,,,9,,,,,
2026-09-02T13:43,2026-09-02T18:43,9,0,167.5,9,117,37,179,222,11
2026-09-02T13:44,2026-09-02T18:44,,,,9,,,,,
2026-09-02T13:45,2026-09-02T18:45,,,,9,,,,,
2026-09-02T13:46,2026-09-02T18:46,,,,9,,,,,
2026-09-02T13:47,2026-09-02T18:47,9,0,157.4,9,,,,,
2026-09-02T13:48,2026-09-02T18:48,,,,9,124,39,180,241,12
2026-09-02T13:49,2026-09-02T18:49,,,,9,,,,,
2026-09-02T13:50,2026-09-02T18:50,,,,9,,,,,
2026-09-02T13:51,2026-09-02T18:51,9,0,159.4,9,,,,,
2026-09-02T13:52,2026-09-02T18:52,,,,9,,,,,
2026-09-02T13:53,2026-09-02T18:53,,,,9,128,42,182,252,13
2026-09-02T13:54,2026-09-02T18:54,,,,9,,,,,
2026-09-02T13:55,2026-09-02T18:55,9,0,157.1,9,,,,,
2026-09-02T13:57,2026-09-02T18:57,,,,9,,,,,
2026-09-02T13:58,2026-09-02T18:58,,,,9,,,,,
2026-09-02T13:58,2026-09-02T18:58,,,,9,134,43,182,268,13
2026-09-02T13:59,2026-09-02T18:59,9,0,158.3,9,,,,,
2026-09-02T14:00,2026-09-02T19:00,,,,9,,,,,
2026-09-02T14:01,2026-09-02T19:01,,,,9,,,,,
2026-09-02T14:02,2026-09-02T19:02,,,,9,,,,,
2026-09-02T14:03,2026-09-02T19:03,8,0,151.4,9,135,46,183,278,13
2026-09-02T14:04,2026-09-02T19:04,,,,9,,,,,
2026-09-02T14:05,2026-09-02T19:05,,,,9,,,,,
2026-09-02T14:07,2026-09-02T19:07,,,,9,,,,,
2026-09-02T14:08,2026-09-02T19:08,8,0,150.6,9,,,,,
2026-09-02T14:09,2026-09-02T19:09,,,,9,128,48,184,285,13
2026-09-02T14:10,2026-09-02T19:10,,,,9,,,,,
2026-09-02T14:11,2026-09-02T19:11,,,,9,,,,,
2026-09-02T14:12,2026-09-02T19:12,8,0,147.7,9,,,,,
2026-09-02T14:13,2026-09-02T19:13,,,,9,,,,,
2026-09-02T14:13,2026-09-02T19:13,,,,9,124,47,184,292,13
2026-09-02T14:14,2026-09-02T19:14,,,,9,,,,,
2026-09-02T14:15,2026-09-02T19:15,8,0,150.0,8,,,,,
2026-09-02T14:16,2026-09-02T19:16,,,,8,,,,,
2026-09-02T14:17,2026-09-02T19:17,,,,8,,,,,
2026-09-02T14:18,2026-09-02T19:18,,,,9,127,48,184,303,12
2026-09-02T14:19,2026-09-02T19:19,8,0,155.3,9,,,,,
2026-09-02T14:20,2026-09-02T19:20,,,,9,,,,,
2026-09-02T14:21,2026-09-02T19:21,,,,8,,,,,
2026-09-02T14:23,2026-09-02T19:23,,,,8,,,,,
2026-09-02T14:24,2026-09-02T19:24,8,0,151.5,8,132,52,185,312,13
2026-09-02T14:25,2026-09-02T19:25,,,,8,,,,,
2026-09-02T14:26,2026-09-02T19:26,,,,8,,,,,
2026-09-02T14:27,2026-09-02T19:27,,,,8,,,,,
2026-09-02T14:28,2026-09-02T19:28,8,0,156.5,8,,,,,
2026-09-02T14:29,2026-09-02T19:29,,,,8,133,52,185,321,13
2026-09-02T14:30,2026-09-02T19:30,,,,8,,,,,
2026-09-02T14:31,2026-09-02T19:31,,,,8,,,,,
2026-09-02T14:32,2026-09-02T19:32,7,0,154.5,8,,,,,
2026-09-02T14:33,2026-09-02T19:33,,,,8,,,,,
2026-09-02T14:34,2026-09-02T19:34,,,,8,134,53,185,330,13
2026-09-02T14:35,2026-09-02T19:35,,,,8,,,,,
2026-09-02T14:37,2026-09-02T19:37,7,0,156.1,8,,,,,
2026-09-02T14:38,2026-09-02T19:38,,,,7,,,,,
2026-09-02T14:39,2026-09-02T19:39,,,,7,,,,,
2026-09-02T14:40,2026-09-02T19:40,,,,7,128,53,185,335,12
2026-09-02T14:40,2026-09-02T19:40,7,0,149.6,7,,,,,
2026-09-02T14:41,2026-09-02T19:41,,,,7,,,,,
2026-09-02T14:42,2026-09-02T19:42,,,,7,,,,,
2026-09-02T14:43,2026-09-02T19:43,,,,7,,,,,
2026-09-02T14:44,2026-09-02T19:44,7,0,147.8,7,128,53,185,340,11
2026-09-02T14:45,2026-09-02T19:45,,,,7,,,,,
2026-09-02T14:46,2026-09-02T19:46,,,,7,,,,,
2026-09-02T14:47,2026-09-02T19:47,,,,7,,,,,
2026-09-02T14:48,2026-09-02T19:48,7,0,145.2,7,,,,,
2026-09-02T14:49,2026-09-02T19:49,,,,7,130,57,186,344,9
2026-09-02T14:50,2026-09-02T19:50,,,,6,,,,,
2026-09-02T14:51,2026-09-02T19:51,,,,6,,,,,
2026-09-02T14:52,2026-09-02T19:52,7,0,136.5,6,,,,,
2026-09-02T14:53,2026-09-02T19:53,,,,6,,,,,
2026-09-02T14:54,2026-09-02T19:54,,,,6,132,59,186,347,9
2026-09-02T14:55,2026-09-02T19:55,,,,6,,,,,
2026-09-02T14:56,2026-09-02T19:56,7,0,128.3,6,,,,,
2026-09-02T14:57,2026-09-02T19:57,,,,6,,,,,
2026-09-02T14:58,2026-09-02T19:58,,,,6,,,,,
2026-09-02T14:59,2026-09-02T19:59,,,,6,127,58,186,345,7
2026-09-02T14:59,2026-09-02T19:59,7,0,128.1,6,,,,,
2026-09-02T15:00,2026-09-02T20:00,,,,6,,,,,
2026-09-02T15:01,2026-09-02T20:01,,,,6,,,,,
2026-09-02T15:03,2026-09-02T20:03,,,,6,,,,,
2026-09-02T15:04,2026-09-02T20:04,7,0,124.9,6,126,58,185,349,6
2026-09-02T15:05,2026-09-02T20:05,,,,6,,,,,
2026-09-02T15:06,2026-09-02T20:06,,,,6,,,,,
2026-09-02T15:07,2026-09-02T20:07,,,,5,,,,,
2026-09-02T15:08,2026-09-02T20:08,7,0,127.9,5,,,,,
2026-09-02T15:09,2026-09-02T20:09,,,,5,131,57,183,348,6
2026-09-02T15:10,2026-09-02T20:10,,,,5,,,,,
2026-09-02T15:11,2026-09-02T20:11,,,,5,,,,,
2026-09-02T15:12,2026-09-02T20:12,7,0,121.9,5,,,,,
2026-09-02T15:13,2026-09-02T20:13,,,,5,,,,,
2026-09-02T15:14,2026-09-02T20:14,,,,5,128,58,183,348,5
2026-09-02T15:15,2026-09-02T20:15,,,,5,,,,,
2026-09-02T15:16,2026-09-02T20:16,7,0,117.6,5,,,,,
2026-09-02T15:17,2026-09-02T20:17,,,,5,,,,,
2026-09-02T15:18,2026-09-02T20:18,,,,5,,,,,
2026-09-02T15:19,2026-09-02T20:19,,,,5,128,55,183,346,4
2026-09-02T15:20,2026-09-02T20:20,6,0,120.8,5,,,,,
2026-09-02T15:22,2026-09-02T20:22,,,,5,,,,,
2026-09-02T15:22,2026-09-02T20:22,,,,5,,,,,
2026-09-02T15:24,2026-09-02T20:24,,,,5,,,,,
2026-09-02T15:25,2026-09-02T20:25,6,0,114.5,5,125,55,182,335,4
2026-09-02T15:26,2026-09-02T20:26,,,,5,,,,,
2026-09-02T15:26,2026-09-02T20:26,,,,5,,,,,
2026-09-02T15:28,2026-09-02T20:28,,,,4,,,,,
2026-09-02T15:29,2026-09-02T20:29,6,0,112.1,4,,,,,
2026-09-02T15:30,2026-09-02T20:30,,,,4,121,54,182,320,4
2026-09-02T15:31,2026-09-02T20:31,,,,4,,,,,
2026-09-02T15:31,2026-09-02T20:31,,,,4,,,,,
2026-09-02T15:33,2026-09-02T20:33,6,0,110.1,4,,,,,
2026-09-02T15:33,2026-09-02T20:33,,,,4,,,,,
2026-09-02T15:34,2026-09-02T20:34,,,,4,119,53,183,308,4
2026-09-02T15:36,2026-09-02T20:36,,,,4,,,,,
2026-09-02T15:37,2026-09-02T20:37,5,0,106.2,4,,,,,
2026-09-02T15:38,2026-09-02T20:38,,,,4,,,,,
2026-09-02T15:39,2026-09-02T20:39,,,,4,,,,,
2026-09-02T15:40,2026-09-02T20:40,,,,4,116,52,182,295,4
2026-09-02T15:41,2026-09-02T20:41,5,0,105.3,4,,,,,
2026-09-02T15:42,2026-09-02T20:42,,,,4,,,,,
2026-09-02T15:43,2026-09-02T20:43,,,,4,,,,,
2026-09-02T15:44,2026-09-02T20:44,,,,4,,,,,
2026-09-02T15:45,2026-09-02T20:45,5,0,,4,117,51,181,284,4
2026-09-02T15:46,2026-09-02T20:46,,,,4,,,,,
2026-09-02T15:47,2026-09-02T20:47,,,,4,,,,,
2026-09-02T15:48,2026-09-02T20:48,,,,4,,,,,
2026-09-02T15:49,2026-09-02T20:49,5,0,101.9,4,,,,,
2026-09-02T15:50,2026-09-02T20:50,,,,4,108,47,182,274,4
2026-09-02T15:51,2026-09-02T20:51,,,,4,,,,,
2026-09-02T15:52,2026-09-02T20:52,,,,4,,,,,
2026-09-02T15:54,2026-09-02T20:54,5,0,,4,,,,,
2026-09-02T15:54,2026-09-02T20:54,,,,4,,,,,
2026-09-02T15:56,2026-09-02T20:56,,,,3,101,48,183,265,4
2026-09-02T15:56,2026-09-02T20:56,,,,3,,,,,
2026-09-02T15:57,2026-09-02T20:57,4,0,97.3,3,,,,,
2026-09-02T15:58,2026-09-02T20:58,,,,3,,,,,
2026-09-02T15:59,2026-09-02T20:59,,,,3,,,,,
2026-09-02T16:01,2026-09-02T21:01,,,,3,100,49,182,255,3
2026-09-02T16:01,2026-09-02T21:01,4,0,,3,,,,,
2026-09-02T16:02,2026-09-02T21:02,,,,3,,,,,
2026-09-02T16:03,2026-09-02T21:03,,,,3,,,,,
2026-09-02T16:04,2026-09-02T21:04,,,,3,,,,,
2026-09-02T16:05,2026-09-02T21:05,4,0,,3,100,50,182,244,3
2026-09-02T16:06,2026-09-02T21:06,,,,3,,,,,
2026-09-02T16:07,2026-09-02T21:07,,,,3,,,,,
2026-09-02T16:08,2026-09-02T21:08,,,,3,,,,,
2026-09-02T16:08,2026-09-02T21:08,4,0,98.5,3,,,,,
2026-09-02T16:09,2026-09-02T21:09,,,,3,99,50,181,233,3
2026-09-02T16:10,2026-09-02T21:10,,,,3,,,,,
2026-09-02T16:11,2026-09-02T21:11,,,,3,,,,,
2026-09-02T16:12,2026-09-02T21:12,4,0,,3,,,,,
2026-09-02T16:13,2026-09-02T21:13,,,,3,,,,,
2026-09-02T16:14,2026-09-02T21:14,,,,3,95,49,180,219,3
2026-09-02T16:15,2026-09-02T21:15,,,,3,,,,,
2026-09-02T16:16,2026-09-02T21:16,3,0,,3,,,,,
2026-09-02T16:17,2026-09-02T21:17,,,,3,,,,,
2026-09-02T16:18,2026-09-02T21:18,,,,3,,,,,
2026-09-02T16:19,2026-09-02T21:19,,,,3,91,47,178,204,3
2026-09-02T16:20,2026-09-02T21:20,3,0,,3,,,,,
2026-09-02T16:21,2026-09-02T21:21,,,,3,,,,,
2026-09-02T16:22,2026-09-02T21:22,,,,3,,,,,
2026-09-02T16:23,2026-09-02T21:23,,,,3,,,,,
2026-09-02T16:24,2026-09-02T21:24,3,0,,3,87,47,176,193,3
2026-09-02T16:25,2026-09-02T21:25,,,,2,,,,,
2026-09-02T16:26,2026-09-02T21:26,,,,2,,,,,
2026-09-02T16:27,2026-09-02T21:27,,,,2,,,,,
2026-09-02T16:28,2026-09-02T21:28,3,0,,2,,,,,
2026-09-02T16:29,2026-09-02T21:29,,,,2,85,46,177,186,3
2026-09-02T16:30,2026-09-02T21:30,,,,2,,,,,
2026-09-02T16:31,2026-09-02T21:31,,,,2,,,,,
2026-09-02T16:31,2026-09-02T21:31,3,0,,2,,,,,
2026-09-02T16:32,2026-09-02T21:32,,,,2,,,,,
2026-09-02T16:33,2026-09-02T21:33,,,,2,81,43,175,182,3
2026-09-02T16:34,2026-09-02T21:34,,,,2,,,,,
2026-09-02T16:35,2026-09-02T21:35,3,0,,2,,,,,
2026-09-02T16:36,2026-09-02T21:36,,,,2,,,,,
2026-09-02T16:37,2026-09-02T21:37,,,,2,,,,,
2026-09-02T16:38,2026-09-02T21:38,,,,2,72,40,176,170,3
2026-09-02T16:39,2026-09-02T21:39,3,0,,2,,,,,
2026-09-02T16:40,2026-09-02T21:40,,,,2,,,,,
2026-09-02T16:41,2026-09-02T21:41,,,,2,,,,,
2026-09-02T16:42,2026-09-02T21:42,,,,2,,,,,
2026-09-02T16:43,2026-09-02T21:43,3,0,,2,66,41,175,159,3
2026-09-02T16:44,2026-09-02T21:44,,,,2,,,,,
2026-09-02T16:45,2026-09-02T21:45,,,,2,,,,,
2026-09-02T16:46,2026-09-02T21:46,,,,2,,,,,
2026-09-02T16:47,2026-09-02T21:47,2,0,,2,,,,,
2026-09-02T16:48,2026-09-02T21:48,,,,2,71,39,175,154,3
2026-09-02T16:49,2026-09-02T21:49,,,,2,,,,,
2026-09-02T16:50,2026-09-02T21:50,,,,2,,,,,
2026-09-02T16:51,2026-09-02T21:51,2,0,,2,,,,,
2026-09-02T16:52,2026-09-02T21:52,,,,2,,,,,
2026-09-02T16:53,2026-09-02T21:53,,,,2,64,36,174,145,1
2026-09-02T16:54,2026-09-02T21:54,,,,2,,,,,
2026-09-02T16:55,2026-09-02T21:55,2,0,,2,,,,,
2026-09-02T16:55,2026-09-02T21:55,,,,2,,,,,
2026-09-02T16:57,2026-09-02T21:57,,,,2,,,,,
2026-09-02T16:58,2026-09-02T21:58,,,,2,64,36,173,134,1
2026-09-02T16:59,2026-09-02T21:59,2,0,,2,,,,,
2026-09-02T16:59,2026-09-02T21:59,,,,2,,,,,
2026-09-02T17:00,2026-09-02T22:00,,,,2,,,,,
2026-09-02T17:01,2026-09-02T22:01,,,,1,,,,,
2026-09-02T17:02,2026-09-02T22:02,2,0,,1,68,34,171,130,2
2026-09-02T17:03,2026-09-02T22:03,,,,1,,,,,
2026-09-02T17:04,2026-09-02T22:04,,,,1,,,,,
2026-09-02T17:05,2026-09-02T22:05,,,,1,,,,,
2026-09-02T17:06,2026-09-02T22:06,2,0,,1,,,,,
2026-09-02T17:07,2026-09-02T22:07,,,,1,66,33,170,129,2
2026-09-02T17:08,2026-09-02T22:08,,,,1,,,,,
2026-09-02T17:09,2026-09-02T22:09,,,,1,,,,,
2026-09-02T17:10,2026-09-02T22:10,2,0,,1,,,,,
2026-09-02T17:11,2026-09-02T22:11,,,,1,,,,,
2026-09-02T17:12,2026-09-02T22:12,,,,1,70,32,168,122,2
2026-09-02T17:13,2026-09-02T22:13,,,,1,,,,,
2026-09-02T17:14,2026-09-02T22:14,2,0,,1,,,,,
2026-09-02T17:15,2026-09-02T22:15,,,,1,,,,,
2026-09-02T17:16,2026-09-02T22:16,,,,1,,,,,
2026-09-02T17:17,2026-09-02T22:17,,,,1,67,31,168,120,2
2026-09-02T17:18,2026-09-02T22:18,2,0,,1,,,,,
2026-09-02T17:19,2026-09-02T22:19,,,,1,,,,,
2026-09-02T17:20,2026-09-02T22:20,,,,1,,,,,
2026-09-02T17:21,2026-09-02T22:21,,,,1,,,,,
2026-09-02T17:22,2026-09-02T22:22,2,0,63.9,1,68,29,166,117,2
2026-09-02T17:23,2026-09-02T22:23,,,,1,,,,,
2026-09-02T17:24,2026-09-02T22:24,,,,1,,,,,
2026-09-02T17:25,2026-09-02T22:25,,,,1,,,,,
2026-09-02T17:26,2026-09-02T22:26,2,0,,1,,,,,
2026-09-02T17:27,2026-09-02T22:27,,,,1,63,26,166,118,2
2026-09-02T17:28,2026-09-02T22:28,,,,1,,,,,
2026-09-02T17:29,2026-09-02T22:29,,,,1,,,,,
2026-09-02T17:29,2026-09-02T22:29,2,0,,1,,,,,
2026-09-02T17:30,2026-09-02T22:30,,,,1,,,,,
2026-09-02T17:31,2026-09-02T22:31,,,,1,60,24,166,117,2
2026-09-02T17:32,2026-09-02T22:32,,,,1,,,,,
2026-09-02T17:33,2026-09-02T22:33,1,0,,1,,,,,
2026-09-02T17:34,2026-09-02T22:34,,,,1,,,,,
2026-09-02T17:35,2026-09-02T22:35,,,,1,,,,,
2026-09-02T17:36,2026-09-02T22:36,,,,1,60,25,167,111,2
2026-09-02T17:37,2026-09-02T22:37,1,0,,1,,,,,
2026-09-02T17:38,2026-09-02T22:38,,,,1,,,,,
2026-09-02T17:39,2026-09-02T22:39,,,,1,,,,,
2026-09-02T17:40,2026-09-02T22:40,,,,1,,,,,
2026-09-02T17:41,2026-09-02T22:41,1,0,,1,58,23,167,103,2
2026-09-02T17:42,2026-09-02T22:42,,,,1,,,,,
2026-09-02T17:43,2026-09-02T22:43,,,,1,,,,,
2026-09-02T17:44,2026-09-02T22:44,,,,1,,,,,
2026-09-02T17:45,2026-09-02T22:45,1,0,,1,,,,,
2026-09-02T17:46,2026-09-02T22:46,,,,1,59,22,167,98,2
2026-09-02T17:47,2026-09-02T22:47,,,,1,,,,,
2026-09-02T17:48,2026-09-02T22:48,,,,1,,,,,
2026-09-02T17:49,2026-09-02T22:49,1,0,,1,,,,,
2026-09-02T17:50,2026-09-02T22:50,,,,1,,,,,
2026-09-02T17:51,2026-09-02T22:51,,,,1,54,18,165,91,2
2026-09-02T17:52,2026-09-02T22:52,,,,1,,,,,
2026-09-02T17:53,2026-09-02T22:53,1,0,,1,,,,,
2026-09-02T17:54,2026-09-02T22:54,,,,1,,,,,
2026-09-02T17:55,2026-09-02T22:55,,,,1,,,,,
2026-09-02T17:55,2026-09-02T22:55,,,,1,54,18,165,91,2
2026-09-02T17:57,2026-09-02T22:57,1,0,,1,,,,,
2026-09-02T17:57,2026-09-02T22:57,,,,1,,,,,
2026-09-02T17:58,2026-09-02T22:58,,,,1,,,,,
2026-09-02T17:59,2026-09-02T22:59,,,,1,,,,,
2026-09-02T18:00,2026-09-02T23:00,1,0,,1,53,18,165,88,2
2026-09-02T18:01,2026-09-02T23:01,,,,1,,,,,
2026-09-02T18:02,2026-09-02T23:02,,,,1,,,,,
2026-09-02T18:03,2026-09-02T23:03,,,,1,,,,,
2026-09-02T18:04,2026-09-02T23:04,1,0,,1,,,,,
2026-09-02T18:05,2026-09-02T23:05,,,,1,52,17,165,83,2
2026-09-02T18:06,2026-09-02T23:06,,,,1,,,,,
2026-09-02T18:07,2026-09-02T23:07,,,,1,,,,,
2026-09-02T18:08,2026-09-02T23:08,1,0,,1,,,,,
2026-09-02T18:09,2026-09-02T23:09,,,,1,,,,,
2026-09-02T18:10,2026-09-02T23:10,,,,1,49,17,164,76,2
2026-09-02T18:11,2026-09-02T23:11,,,,1,,,,,
2026-09-02T18:12,2026-09-02T23:12,1,0,,1,,,,,
2026-09-02T18:13,2026-09-02T23:13,,,,1,,,,,
2026-09-02T18:14,2026-09-02T23:14,,,,1,,,,,
2026-09-02T18:15,2026-09-02T23:15,,,,1,44,15,164,70,2
2026-09-02T18:16,2026-09-02T23:16,1,0,,1,,,,,
2026-09-02T18:17,2026-09-02T23:17,,,,1,,,,,
2026-09-02T18:18,2026-09-02T23:18,,,,1,,,,,
2026-09-02T18:19,2026-09-02T23:19,,,,1,,,,,
2026-09-02T18:20,2026-09-02T23:20,1,0,,1,43,15,164,63,2
2026-09-02T18:21,2026-09-02T23:21,,,,1,,,,,
2026-09-02T18:22,2026-09-02T23:22,,,,1,,,,,
2026-09-02T18:23,2026-09-02T23:23,,,,1,,,,,
2026-09-02T18:24,2026-09-02T23:24,1,0,38.1,1,,,,,
2026-09-02T18:25,2026-09-02T23:25,1,0,36.3,1,44,16,166,60,2
2026-09-02T18:26,2026-09-02T23:26,,,,1,,,,,
2026-09-02T18:27,2026-09-02T23:27,,,,1,,,,,
2026-09-02T18:28,2026-09-02T23:28,,,,1,,,,,
2026-09-02T18:29,2026-09-02T23:29,1,0,,1,,,,,
2026-09-02T18:30,2026-09-02T23:30,,,,1,40,16,166,57,2
2026-09-02T18:31,2026-09-02T23:31,,,,1,,,,,
2026-09-02T18:33,2026-09-02T23:33,,,,1,,,,,
2026-09-02T18:33,2026-09-02T23:33,1,0,,1,,,,,
2026-09-02T18:34,2026-09-02T23:34,,,,1,,,,,
2026-09-02T18:35,2026-09-02T23:35,,,,1,37,15,166,56,1
2026-09-02T18:36,2026-09-02T23:36,,,,1,,,,,
2026-09-02T18:37,2026-09-02T23:37,1,0,,1,,,,,
2026-09-02T18:38,2026-09-02T23:38,,,,1,,,,,
2026-09-02T18:39,2026-09-02T23:39,,,,1,,,,,
2026-09-02T18:40,2026-09-02T23:40,,,,1,33,15,166,56,1
2026-09-02T18:41,2026-09-02T23:41,1,0,,1,,,,,
2026-09-02T18:42,2026-09-02T23:42,,,,1,,,,,
2026-09-02T18:42,2026-09-02T23:42,,,,1,,,,,
2026-09-02T18:43,2026-09-02T23:43,,,,1,,,,,
2026-09-02T18:44,2026-09-02T23:44,0,0,,1,31,13,166,54,1
2026-09-02T18:45,2026-09-02T23:45,,,,1,,,,,
2026-09-02T18:46,2026-09-02T23:46,,,,1,,,,,
2026-09-02T18:47,2026-09-02T23:47,,,,1,,,,,
2026-09-02T18:48,2026-09-02T23:48,0,0,,1,,,,,
2026-09-02T18:49,2026-09-02T23:49,,,,1,29,14,165,51,1
2026-09-02T18:50,2026-09-02T23:50,,,,1,,,,,
2026-09-02T18:51,2026-09-02T23:51,,,,1,,,,,
2026-09-02T18:52,2026-09-02T23:52,0,0,,1,,,,,
2026-09-02T18:54,2026-09-02T23:54,,,,1,,,,,
2026-09-02T18:54,2026-09-02T23:54,,,,1,28,13,164,48,1
2026-09-02T18:56,2026-09-02T23:56,,,,1,,,,,
2026-09-02T18:57,2026-09-02T23:57,0,0,,1,,,,,
2026-09-02T18:58,2026-09-02T23:58,,,,1,,,,,
2026-09-02T18:59,2026-09-02T23:59,,,,1,,,,,
2026-09-02T19:00,2026-09-03T00:00,,,,1,25,13,164,44,1
2026-09-02T19:01,2026-09-03T00:01,0,0,,1,,,,,
2026-09-02T19:02,2026-09-03T00:02,,,,1,,,,,
2026-09-02T19:03,2026-09-03T00:03,,,,1,,,,,
2026-09-02T19:04,2026-09-03T00:04,,,,1,,,,,
2026-09-02T19:05,2026-09-03T00:05,0,0,,1,24,12,164,45,1
2026-09-02T19:06,2026-09-03T00:06,,,,1,,,,,
2026-09-02T19:07,2026-09-03T00:07,,,,1,,,,,
2026-09-02T19:07,2026-09-03T00:07,,,,1,,,,,
2026-09-02T19:09,2026-09-03T00:09,0,0,,1,,,,,
2026-09-02T19:10,2026-09-03T00:10,,,,1,24,12,164,41,1
2026-09-02T19:11,2026-09-03T00:11,,,,1,,,,,
2026-09-02T19:11,2026-09-03T00:11,,,,1,,,,,
2026-09-02T19:13,2026-09-03T00:13,0,0,,1,,,,,
2026-09-02T19:13,2026-09-03T00:13,,,,1,,,,,
2026-09-02T19:14,2026-09-03T00:14,,,,1,23,12,164,40,1
2026-09-02T19:15,2026-09-03T00:15,,,,1,,,,,
2026-09-02T19:16,2026-09-03T00:16,0,0,,1,,,,,
2026-09-02T19:17,2026-09-03T00:17,,,,1,,,,,
2026-09-02T19:18,2026-09-03T00:18,,,,1,,,,,
2026-09-02T19:19,2026-09-03T00:19,,,,1,22,11,163,41,1
2026-09-02T19:20,2026-09-03T00:20,0,0,,1,,,,,
2026-09-02T19:21,2026-09-03T00:21,,,,1,,,,,
2026-09-02T19:22,2026-09-03T00:22,,,,1,,,,,
2026-09-02T19:23,2026-09-03T00:23,,,,1,,,,,
2026-09-02T19:24,2026-09-03T00:24,0,0,,1,23,11,164,38,1
2026-09-02T19:25,2026-09-03T00:25,,,,1,,,,,
2026-09-02T19:26,2026-09-03T00:26,,,,1,,,,,
2026-09-02T19:27,2026-09-03T00:27,,,,1,,,,,
2026-09-02T19:28,2026-09-03T00:28,0,0,,1,,,,,
2026-09-02T19:29,2026-09-03T00:29,,,,1,21,14,163,37,1
2026-09-02T19:30,2026-09-03T00:30,,,,1,,,,,
2026-09-02T19:31,2026-09-03T00:31,,,,1,,,,,
2026-09-02T19:32,2026-09-03T00:32,0,0,,1,,,,,
2026-09-02T19:33,2026-09-03T00:33,,,,1,,,,,
2026-09-02T19:34,2026-09-03T00:34,,,,1,21,13,164,36,1
2026-09-02T19:35,2026-09-03T00:35,,,,1,,,,,
2026-09-02T19:36,2026-09-03T00:36,0,0,,1,,,,,
2026-09-02T19:37,2026-09-03T00:37,,,,1,,,,,
2026-09-02T19:38,2026-09-03T00:38,,,,1,,,,,
2026-09-02T19:38,2026-09-03T00:38,,,,1,22,13,163,36,1
2026-09-02T19:40,2026-09-03T00:40,0,0,,1,,,,,
2026-09-02T19:41,2026-09-03T00:41,,,,1,,,,,
2026-09-02T19:42,2026-09-03T00:42,,,,1,,,,,
2026-09-02T19:43,2026-09-03T00:43,,,,1,,,,,
2026-09-02T19:44,2026-09-03T00:44,0,0,,1,24,12,162,35,1
2026-09-02T19:45,2026-09-03T00:45,,,,1,,,,,
2026-09-02T19:46,2026-09-03T00:46,,,,1,,,,,
2026-09-02T19:47,2026-09-03T00:47,,,,1,,,,,
2026-09-02T19:48,2026-09-03T00:48,0,0,,1,,,,,
2026-09-02T19:49,2026-09-03T00:49,,,,1,22,12,163,32,1
2026-09-02T19:50,2026-09-03T00:50,,,,1,,,,,
2026-09-02T19:51,2026-09-03T00:51,,,,1,,,,,
2026-09-02T19:52,2026-09-03T00:52,0,0,,1,,,,,
2026-09-02T19:53,2026-09-03T00:53,,,,1,,,,,
2026-09-02T19:54,2026-09-03T00:54,,,,1,19,12,165,30,1
2026-09-02T19:55,2026-09-03T00:55,,,,1,,,,,
2026-09-02T19:56,2026-09-03T00:56,0,0,,1,,,,,
2026-09-02T19:57,2026-09-03T00:57,,,,1,,,,,
2026-09-02T19:58,2026-09-03T00:58,,,,1,,,,,
2026-09-02T19:59,2026-09-03T00:59,,,,1,20,13,165,30,1
2026-09-02T20:00,2026-09-03T01:00,0,0,,1,,,,,
2026-09-02T20:01,2026-09-03T01:01,,,,1,,,,,
2026-09-02T20:02,2026-09-03T01:02,,,,1,,,,,
2026-09-02T20:03,2026-09-03T01:03,,,,1,,,,,
2026-09-02T20:04,2026-09-03T01:04,0,0,,1,20,12,165,30,1
2026-09-02T20:05,2026-09-03T01:05,,,,1,,,,,
2026-09-02T20:06,2026-09-03T01:06,,,,1,,,,,
2026-09-02T20:07,2026-09-03T01:07,,,,1,,,,,
2026-09-02T20:08,2026-09-03T01:08,0,0,,1,,,,,
2026-09-02T20:09,2026-09-03T01:09,,,,1,19,12,165,27,1
2026-09-02T20:10,2026-09-03T01:10,,,,1,,,,,
2026-09-02T20:11,2026-09-03T01:11,,,,1,,,,,
2026-09-02T20:12,2026-09-03T01:12,0,0,,1,,,,,
2026-09-02T20:13,2026-09-03T01:13,,,,1,,,,,
2026-09-02T20:14,2026-09-03T01:14,,,,1,18,12,164,23,1
2026-09-02T20:15,2026-09-03T01:15,,,,1,,,,,
2026-09-02T20:15,2026-09-03T01:15,0,0,,1,,,,,
2026-09-02T20:17,2026-09-03T01:17,,,,1,,,,,
2026-09-02T20:18,2026-09-03T01:18,,,,1,,,,,
2026-09-02T20:19,2026-09-03T01:19,,,,1,18,11,164,21,1
2026-09-02T20:20,2026-09-03T01:20,0,0,21.7,1,,,,,
2026-09-02T20:21,2026-09-03T01:21,,,,1,,,,,
2026-09-02T20:21,2026-09-03T01:21,,,,1,,,,,
2026-09-02T20:22,2026-09-03T01:22,,,,1,,,,,
2026-09-02T20:23,2026-09-03T01:23,0,0,,1,19,11,164,21,1
2026-09-02T20:24,2026-09-03T01:24,,,,1,,,,,
2026-09-02T20:25,2026-09-03T01:25,,,,1,,,,,
2026-09-02T20:26,2026-09-03T01:26,,,,1,,,,,
2026-09-02T20:27,2026-09-03T01:27,0,0,,1,,,,,
2026-09-02T20:28,2026-09-03T01:28,,,,1,18,11,165,20,1
2026-09-02T20:29,2026-09-03T01:29,,,,1,,,,,
2026-09-02T20:30,2026-09-03T01:30,,,,1,,,,,
2026-09-02T20:31,2026-09-03T01:31,0,0,,1,,,,,
2026-09-02T20:32,2026-09-03T01:32,,,,1,,,,,
2026-09-02T20:33,2026-09-03T01:33,,,,1,19,10,164,19,1
2026-09-02T20:34,2026-09-03T01:34,,,,1,,,,,
2026-09-02T20:35,2026-09-03T01:35,0,0,,1,,,,,
2026-09-02T20:36,2026-09-03T01:36,,,,1,,,,,
2026-09-02T20:37,2026-09-03T01:37,,,,1,,,,,
2026-09-02T20:38,2026-09-03T01:38,,,,1,20,10,164,17,1
2026-09-02T20:39,2026-09-03T01:39,0,0,,1,,,,,
2026-09-02T20:40,2026-09-03T01:40,,,,1,,,,,
2026-09-02T20:41,2026-09-03T01:41,,,,1,,,,,
2026-09-02T20:42,2026-09-03T01:42,,,,1,,,,,
2026-09-02T20:43,2026-09-03T01:43,0,0,,1,20,10,164,16,1
2026-09-02T20:44,2026-09-03T01:44,,,,1,,,,,
2026-09-02T20:45,2026-09-03T01:45,,,,1,,,,,
2026-09-02T20:46,2026-09-03T01:46,,,,1,,,,,
2026-09-02T20:47,2026-09-03T01:47,0,0,,1,,,,,
2026-09-02T20:49,2026-09-03T01:49,,,,1,20,10,164,12,1
2026-09-02T20:49,2026-09-03T01:49,,,,1,,,,,
2026-09-02T20:50,2026-09-03T01:50,,,,1,,,,,
2026-09-02T20:51,2026-09-03T01:51,0,0,,1,,,,,
2026-09-02T20:52,2026-09-03T01:52,,,,1,,,,,
2026-09-02T20:53,2026-09-03T01:53,,,,1,23,9,164,12,1
2026-09-02T20:54,2026-09-03T01:54,,,,1,,,,,
2026-09-02T20:55,2026-09-03T01:55,0,0,,1,,,,,
2026-09-02T20:56,2026-09-03T01:56,,,,1,,,,,
2026-09-02T20:57,2026-09-03T01:57,,,,1,,,,,
2026-09-02T20:58,2026-09-03T01:58,,,,1,22,9,164,12,1
2026-09-02T20:59,2026-09-03T01:59,0,0,,1,,,,,
2026-09-02T20:59,2026-09-03T01:59,,,,1,,,,,
2026-09-02T21:00,2026-09-03T02:00,,,,1,,,,,
2026-09-02T21:01,2026-09-03T02:01,,,,1,,,,,
2026-09-02T21:02,2026-09-03T02:02,0,0,,1,20,10,164,13,1
2026-09-02T21:03,2026-09-03T02:03,,,,1,,,,,
2026-09-02T21:04,2026-09-03T02:04,,,,1,,,,,
2026-09-02T21:05,2026-09-03T02:05,,,,1,,,,,
2026-09-02T21:06,2026-09-03T02:06,0,0,,1,,,,,
2026-09-02T21:07,2026-09-03T02:07,,,,1,19,10,164,13,1
2026-09-02T21:08,2026-09-03T02:08,,,,1,,,,,
2026-09-02T21:09,2026-09-03T02:09,,,,1,,,,,
2026-09-02T21:10,2026-09-03T02:10,0,0,,1,,,,,
2026-09-02T21:10,2026-09-03T02:10,,,,1,,,,,
2026-09-02T21:11,2026-09-03T02:11,,,,1,18,10,164,13,1
2026-09-02T21:12,2026-09-03T02:12,,,,1,,,,,
2026-09-02T21:13,2026-09-03T02:13,0,0,,1,,,,,
2026-09-02T21:14,2026-09-03T02:14,,,,1,,,,,
2026-09-02T21:15,2026-09-03T02:15,,,,1,,,,,
2026-09-02T21:16,2026-09-03T02:16,,,,1,18,10,164,13,1
2026-09-02T21:17,2026-09-03T02:17,0,0,,1,,,,,
2026-09-02T21:18,2026-09-03T02:18,,,,1,,,,,
2026-09-02T21:19,2026-09-03T02:19,,,,1,,,,,
2026-09-02T21:21,2026-09-03T02:21,,,,1,,,,,
2026-09-02T21:21,2026-09-03T02:21,0,0,,1,15,10,164,10,1
2026-09-02T21:22,2026-09-03T02:22,,,,1,,,,,
2026-09-02T21:23,2026-09-03T02:23,,,,1,,,,,
2026-09-02T21:24,2026-09-03T02:24,,,,1,,,,,
2026-09-02T21:25,2026-09-03T02:25,0,0,21.2,1,,,,,
2026-09-02T21:27,2026-09-03T02:27,,,,1,14,9,161,8,1
2026-09-02T21:28,2026-09-03T02:28,,,,1,,,,,
2026-09-02T21:29,2026-09-03T02:29,,,,1,,,,,
2026-09-02T21:30,2026-09-03T02:30,0,0,,1,,,,,
2026-09-02T21:31,2026-09-03T02:31,,,,1,,,,,
2026-09-02T21:32,2026-09-03T02:32,,,,1,12,9,161,8,1
2026-09-02T21:33,2026-09-03T02:33,,,,1,,,,,
2026-09-02T21:34,2026-09-03T02:34,0,0,,1,,,,,
2026-09-02T21:35,2026-09-03T02:35,,,,1,,,,,
2026-09-02T21:36,2026-09-03T02:36,,,,1,,,,,
2026-09-02T21:37,2026-09-03T02:37,,,,1,11,8,161,8,1
2026-09-02T21:38,2026-09-03T02:38,0,0,,1,,,,,
2026-09-02T21:39,2026-09-03T02:39,,,,1,,,,,
2026-09-02T21:40,2026-09-03T02:40,,,,1,,,,,
2026-09-02T21:41,2026-09-03T02:41,,,,1,,,,,
2026-09-02T21:42,2026-09-03T02:42,0,0,,1,11,8,161,9,1
2026-09-02T21:43,2026-09-03T02:43,,,,1,,,,,
2026-09-02T21:43,2026-09-03T02:43,,,,1,,,,,
2026-09-02T21:44,2026-09-03T02:44,,,,1,,,,,
2026-09-02T21:45,2026-09-03T02:45,0,0,,1,,,,,
2026-09-02T21:46,2026-09-03T02:46,,,,1,11,7,161,9,1
2026-09-02T21:47,2026-09-03T02:47,,,,1,,,,,
2026-09-02T21:48,2026-09-03T02:48,,,,1,,,,,
2026-09-02T21:49,2026-09-03T02:49,0,0,,1,,,,,
2026-09-02T21:50,2026-09-03T02:50,,,,1,,,,,
2026-09-02T21:51,2026-09-03T02:51,,,,1,10,7,161,7,1
2026-09-02T21:52,2026-09-03T02:52,,,,1,,,,,
2026-09-02T21:54,2026-09-03T02:54,0,0,,1,,,,,
2026-09-02T21:55,2026-09-03T02:55,,,,1,,,,,
2026-09-02T21:56,2026-09-03T02:56,,,,1,,,,,
2026-09-02T21:57,2026-09-03T02:57,,,,1,9,7,161,7,1
2026-09-02T21:58,2026-09-03T02:58,0,0,17.4,1,,,,,
2026-09-02T21:59,2026-09-03T02:59,,,,1,,,,,
2026-09-02T22:00,2026-09-03T03:00,,,,1,,,,,
2026-09-02T22:01,2026-09-03T03:01,,,,1,,,,,
2026-09-02T22:02,2026-09-03T03:02,0,0,,1,8,6,161,7,1
2026-09-02T22:03,2026-09-03T03:03,,,,1,,,,,
2026-09-02T22:04,2026-09-03T03:04,,,,1,,,,,
2026-09-02T22:05,2026-09-03T03:05,,,,1,,,,,
2026-09-02T22:06,2026-09-03T03:06,0,0,,1,,,,,
2026-09-02T22:07,2026-09-03T03:07,,,,1,6,6,161,6,1
2026-09-02T22:08,2026-09-03T03:08,,,,1,,,,,
2026-09-02T22:09,2026-09-03T03:09,,,,1,,,,,
2026-09-02T22:10,2026-09-03T03:10,0,0,,1,,,,,
2026-09-02T22:11,2026-09-03T03:11,,,,1,,,,,
2026-09-02T22:12,2026-09-03T03:12,,,,1,4,6,161,6,1
2026-09-02T22:13,2026-09-03T03:13,,,,1,,,,,
2026-09-02T22:14,2026-09-03T03:14,0,0,,1,,,,,
2026-09-02T22:15,2026-09-03T03:15,,,,1,,,,,
2026-09-02T22:15,2026-09-03T03:15,,,,1,,,,,
2026-09-02T22:17,2026-09-03T03:17,,,,1,4,6,161,5,1
2026-09-02T22:17,2026-09-03T03:17,0,0,,1,,,,,
2026-09-02T22:19,2026-09-03T03:19,,,,1,,,,,
2026-09-02T22:20,2026-09-03T03:20,,,,1,,,,,
2026-09-02T22:21,2026-09-03T03:21,,,,1,,,,,
2026-09-02T22:22,2026-09-03T03:22,0,0,,1,2,6,161,5,1
2026-09-02T22:23,2026-09-03T03:23,,,,1,,,,,
2026-09-02T22:23,2026-09-03T03:23,,,,1,,,,,
2026-09-02T22:25,2026-09-03T03:25,,,,1,,,,,
2026-09-02T22:26,2026-09-03T03:26,0,0,,1,,,,,
2026-09-02T22:27,2026-09-03T03:27,,,,1,2,3,161,4,1
2026-09-02T22:28,2026-09-03T03:28,,,,1,,,,,
2026-09-02T22:29,2026-09-03T03:29,,,,1,,,,,
2026-09-02T22:30,2026-09-03T03:30,0,0,,1,,,,,
2026-09-02T22:31,2026-09-03T03:31,,,,1,,,,,
2026-09-02T22:32,2026-09-03T03:32,,,,1,2,2,161,3,1
2026-09-02T22:32,2026-09-03T03:32,,,,1,,,,,
2026-09-02T22:33,2026-09-03T03:33,0,0,,1,,,,,
2026-09-02T22:35,2026-09-03T03:35,,,,1,,,,,
2026-09-02T22:36,2026-09-03T03:36,,,,1,,,,,
2026-09-02T22:37,2026-09-03T03:37,,,,1,2,2,160,3,1
2026-09-02T22:37,2026-09-03T03:37,0,0,,1,,,,,
2026-09-02T22:38,2026-09-03T03:38,,,,1,,,,,
2026-09-02T22:39,2026-09-03T03:39,,,,1,,,,,
2026-09-02T22:40,2026-09-03T03:40,,,,1,,,,,
2026-09-02T22:41,2026-09-03T03:41,0,0,,1,1,2,160,3,1
2026-09-02T22:42,2026-09-03T03:42,,,,1,,,,,
2026-09-02T22:43,2026-09-03T03:43,,,,1,,,,,
2026-09-02T22:44,2026-09-03T03:44,,,,1,,,,,
2026-09-02T22:45,2026-09-03T03:45,0,0,,1,,,,,
2026-09-02T22:46,2026-09-03T03:46,,,,1,1,2,160,3,1
2026-09-02T22:46,2026-09-03T03:46,,,,1,,,,,
2026-09-02T22:48,2026-09-03T03:48,,,,1,,,,,
2026-09-02T22:49,2026-09-03T03:49,0,0,,1,,,,,
2026-09-02T22:50,2026-09-03T03:50,,,,1,,,,,
2026-09-02T22:50,2026-09-03T03:50,,,,1,1,2,157,3,1
2026-09-02T22:52,2026-09-03T03:52,,,,1,,,,,
2026-09-02T22:53,2026-09-03T03:53,0,0,18.8,1,,,,,
2026-09-02T22:54,2026-09-03T03:54,,,,1,,,,,
2026-09-02T22:55,2026-09-03T03:55,,,,1,,,,,
2026-09-02T22:56,2026-09-03T03:56,,,,1,1,1,157,3,1
2026-09-02T22:57,2026-09-03T03:57,0,0,,1,,,,,
2026-09-02T22:58,2026-09-03T03:58,,,,1,,,,,
2026-09-02T22:59,2026-09-03T03:59,,,,1,,,,,
2026-09-02T23:00,2026-09-03T04:00,,,,1,,,,,
2026-09-02T23:01,2026-09-03T04:01,0,0,,1,1,1,157,3,1
2026-09-02T23:02,2026-09-03T04:02,,,,1,,,,,
2026-09-02T23:03,2026-09-03T04:03,,,,1,,,,,
2026-09-02T23:04,2026-09-03T04:04,,,,1,,,,,
2026-09-02T23:05,2026-09-03T04:05,0,0,,1,,,,,
2026-09-02T23:06,2026-09-03T04:06,,,,1,1,1,157,2,1
2026-09-02T23:07,2026-09-03T04:07,,,,1,,,,,
2026-09-02T23:08,2026-09-03T04:08,,,,1,,,,,
2026-09-02T23:09,2026-09-03T04:09,0,0,,1,,,,,
2026-09-02T23:10,2026-09-03T04:10,,,,1,,,,,
2026-09-02T23:11,2026-09-03T04:11,,,,1,1,1,157,1,1
2026-09-02T23:12,2026-09-03T04:12,,,,1,,,,,
2026-09-02T23:13,2026-09-03T04:13,0,0,,1,,,,,
2026-09-02T23:15,2026-09-03T04:15,,,,1,,,,,
2026-09-02T23:16,2026-09-03T04:16,,,,1,,,,,
2026-09-02T23:17,2026-09-03T04:17,,,,1,1,1,157,0,1
2026-09-02T23:18,2026-09-03T04:18,0,0,,1,,,,,
2026-09-02T23:18,2026-09-03T04:18,,,,1,,,,,
2026-09-02T23:19,2026-09-03T04:19,,,,1,,,,,
2026-09-02T23:20,2026-09-03T04:20,,,,1,,,,,
2026-09-02T23:22,2026-09-03T04:22,0,0,,1,1,1,156,0,1
2026-09-02T23:23,2026-09-03T04:23,,,,1,,,,,
2026-09-02T23:24,2026-09-03T04:24,,,,1,,,,,
2026-09-02T23:25,2026-09-03T04:25,,,,1,,,,,
2026-09-02T23:26,2026-09-03T04:26,0,0,,1,,,,,
2026-09-02T23:27,2026-09-03T04:27,,,,1,1,1,155,0,1
2026-09-02T23:28,2026-09-03T04:28,,,,1,,,,,
2026-09-02T23:29,2026-09-03T04:29,,,,1,,,,,
2026-09-02T23:30,2026-09-03T04:30,0,0,,1,,,,,
2026-09-02T23:31,2026-09-03T04:31,,,,1,,,,,
2026-09-02T23:32,2026-09-03T04:32,,,,1,1,1,155,0,1
2026-09-02T23:33,2026-09-03T04:33,,,,1,,,,,
2026-09-02T23:34,2026-09-03T04:34,0,0,,1,,,,,
2026-09-02T23:35,2026-09-03T04:35,,,,1,,,,,
2026-09-02T23:36,2026-09-03T04:36,,,,1,,,,,
2026-09-02T23:37,2026-09-03T04:37,,,,1,1,1,155,0,1
2026-09-02T23:38,2026-09-03T04:38,0,0,,1,,,,,
2026-09-02T23:39,2026-09-03T04:39,,,,1,,,,,
2026-09-02T23:40,2026-09-03T04:40,,,,1,,,,,
2026-09-02T23:42,2026-09-03T04:42,,,,1,,,,,
2026-09-02T23:43,2026-09-03T04:43,0,0,,1,1,1,155,0,1
2026-09-02T23:44,2026-09-03T04:44,,,,1,,,,,
2026-09-02T23:44,2026-09-03T04:44,,,,1,,,,,
2026-09-02T23:46,2026-09-03T04:46,,,,1,,,,,
2026-09-02T23:47,2026-09-03T04:47,0,0,,1,,,,,
2026-09-02T23:48,2026-09-03T04:48,,,,1,0,1,155,0,1
2026-09-02T23:49,2026-09-03T04:49,,,,1,,,,,
2026-09-02T23:50,2026-09-03T04:50,,,,1,,,,,
2026-09-02T23:51,2026-09-03T04:51,0,0,,1,,,,,
2026-09-02T23:52,2026-09-03T04:52,,,,1,,,,,
2026-09-02T23:53,2026-09-03T04:53,,,,1,0,1,155,0,1
2026-09-02T23:54,2026-09-03T04:54,,,,1,,,,,
2026-09-02T23:55,2026-09-03T04:55,0,0,,1,,,,,
2026-09-02T23:56,2026-09-03T04:56,,,,1,,,,,
2026-09-02T23:57,2026-09-03T04:57,,,,1,,,,,
2026-09-02T23:58,2026-09-03T04:58,,,,1,1,1,155,0,1
2026-09-02T23:59,2026-09-03T04:59,0,0,,1,,,,,
2026-09-03T00:00,2026-09-03T05:00,,,,1,,,,,
2026-09-03T00:01,2026-09-03T05:01,,,,1,,,,,
2026-09-03T00:02,2026-09-03T05:02,,,,1,,,,,
2026-09-03T00:03,2026-09-03T05:03,0,0,,1,2,0,155,0,1
2026-09-03T00:04,2026-09-03T05:04,,,,1,,,,,
2026-09-03T00:05,2026-09-03T05:05,,,,1,,,,,
2026-09-03T00:06,2026-09-03T05:06,0,0,,1,2,0,155,0,1
2026-09-03T00:07,2026-09-03T05:07,,,,1,,,,,
2026-09-03T00:08,2026-09-03T05:08,,,,1,,,,,
2026-09-03T00:09,2026-09-03T05:09,,,,1,,,,,
2026-09-03T00:10,2026-09-03T05:10,0,0,,1,,,,,
2026-09-03T00:11,2026-09-03T05:11,,,,1,3,0,139,0,1
2026-09-03T00:13,2026-09-03T05:13,,,,1,,,,,
2026-09-03T00:13,2026-09-03T05:13,,,,1,,,,,
2026-09-03T00:14,2026-09-03T05:14,0,0,,1,,,,,
2026-09-03T00:15,2026-09-03T05:15,,,,1,,,,,
2026-09-03T00:16,2026-09-03T05:16,,,,1,3,0,139,0,1
2026-09-03T00:17,2026-09-03T05:17,,,,1,,,,,
2026-09-03T00:18,2026-09-03T05:18,0,0,,1,,,,,
2026-09-03T00:19,2026-09-03T05:19,,,,1,,,,,
2026-09-03T00:21,2026-09-03T05:21,,,,1,,,,,
2026-09-03T00:22,2026-09-03T05:22,,,,1,3,0,139,0,1
2026-09-03T00:22,2026-09-03T05:22,0,0,,1,,,,,
2026-09-03T00:23,2026-09-03T05:23,,,,1,,,,,
2026-09-03T00:24,2026-09-03T05:24,,,,1,,,,,
2026-09-03T00:25,2026-09-03T05:25,,,,1,,,,,
2026-09-03T00:26,2026-09-03T05:26,0,0,,1,3,1,139,0,1
2026-09-03T00:27,2026-09-03T05:27,,,,1,,,,,
2026-09-03T00:28,2026-09-03T05:28,,,,1,,,,,
2026-09-03T00:29,2026-09-03T05:29,,,,1,,,,,
2026-09-03T00:30,2026-09-03T05:30,0,0,,1,,,,,
2026-09-03T00:31,2026-09-03T05:31,,,,1,3,1,139,0,1
2026-09-03T00:32,2026-09-03T05:32,,,,1,,,,,
2026-09-03T00:33,2026-09-03T05:33,,,,1,,,,,
2026-09-03T00:33,2026-09-03T05:33,0,0,,1,,,,,
2026-09-03T00:35,2026-09-03T05:35,,,,1,,,,,
2026-09-03T00:36,2026-09-03T05:36,,,,1,3,1,139,0,1
2026-09-03T00:37,2026-09-03T05:37,,,,1,,,,,
2026-09-03T00:38,2026-09-03T05:38,0,0,,1,,,,,
2026-09-03T00:39,2026-09-03T05:39,,,,1,,,,,
2026-09-03T00:40,2026-09-03T05:40,,,,1,,,,,
2026-09-03T00:41,2026-09-03T05:41,,,,1,3,1,139,0,1
2026-09-03T00:42,2026-09-03T05:42,0,0,,1,,,,,
2026-09-03T00:43,2026-09-03T05:43,,,,1,,,,,
2026-09-03T00:44,2026-09-03T05:44,,,,1,,,,,
2026-09-03T00:45,2026-09-03T05:45,,,,1,,,,,
2026-09-03T00:47,2026-09-03T05:47,0,0,,1,3,1,139,0,1
2026-09-03T00:48,2026-09-03T05:48,,,,1,,,,,
2026-09-03T00:49,2026-09-03T05:49,,,,1,,,,,
2026-09-03T00:50,2026-09-03T05:50,,,,1,,,,,
2026-09-03T00:51,2026-09-03T05:51,0,0,,1,,,,,
2026-09-03T00:52,2026-09-03T05:52,,,,1,3,1,139,0,1
2026-09-03T00:53,2026-09-03T05:53,,,,1,,,,,
2026-09-03T00:54,2026-09-03T05:54,,,,1,,,,,
2026-09-03T00:55,2026-09-03T05:55,0,0,,1,,,,,
2026-09-03T00:56,2026-09-03T05:56,,,,1,,,,,
2026-09-03T00:57,2026-09-03T05:57,,,,1,3,1,141,0,1
2026-09-03T00:58,2026-09-03T05:58,,,,1,,,,,
2026-09-03T00:59,2026-09-03T05:59,0,0,,1,,,,,
2026-09-03T01:00,2026-09-03T06:00,,,,1,,,,,
2026-09-03T01:01,2026-09-03T06:01,,,,1,,,,,
2026-09-03T01:02,2026-09-03T06:02,,,,1,4,1,141,0,1
2026-09-03T01:03,2026-09-03T06:03,0,0,,1,,,,,
2026-09-03T01:04,2026-09-03T06:04,,,,1,,,,,
2026-09-03T01:05,2026-09-03T06:05,,,,1,,,,,
2026-09-03T01:06,2026-09-03T06:06,,,,1,,,,,
2026-09-03T01:08,2026-09-03T06:08,0,0,,1,5,1,141,0,1
2026-09-03T01:09,2026-09-03T06:09,,,,1,,,,,
2026-09-03T01:10,2026-09-03T06:10,,,,1,,,,,
2026-09-03T01:10,2026-09-03T06:10,,,,1,,,,,
2026-09-03T01:12,2026-09-03T06:12,0,0,26.3,1,,,,,
2026-09-03T01:13,2026-09-03T06:13,,,,1,5,1,141,0,1
2026-09-03T01:14,2026-09-03T06:14,,,,1,,,,,
2026-09-03T01:15,2026-09-03T06:15,,,,1,,,,,
2026-09-03T01:16,2026-09-03T06:16,0,0,,1,,,,,
2026-09-03T01:17,2026-09-03T06:17,,,,1,,,,,
2026-09-03T01:18,2026-09-03T06:18,,,,1,5,1,142,0,1
2026-09-03T01:19,2026-09-03T06:19,,,,1,,,,,
2026-09-03T01:20,2026-09-03T06:20,0,0,,1,,,,,
2026-09-03T01:21,2026-09-03T06:21,,,,1,,,,,
2026-09-03T01:22,2026-09-03T06:22,,,,1,,,,,
2026-09-03T01:23,2026-09-03T06:23,,,,1,6,1,142,0,1
2026-09-03T01:24,2026-09-03T06:24,0,0,,1,,,,,
2026-09-03T01:25,2026-09-03T06:25,,,,1,,,,,
2026-09-03T01:26,2026-09-03T06:26,,,,1,,,,,
2026-09-03T01:27,2026-09-03T06:27,,,,1,,,,,
2026-09-03T01:29,2026-09-03T06:29,0,0,,1,7,1,142,1,1
2026-09-03T01:30,2026-09-03T06:30,,,,1,,,,,
2026-09-03T01:31,2026-09-03T06:31,,,,1,,,,,
2026-09-03T01:32,2026-09-03T06:32,,,,1,,,,,
2026-09-03T01:33,2026-09-03T06:33,0,0,,1,,,,,
2026-09-03T01:34,2026-09-03T06:34,,,,1,8,1,142,2,1
2026-09-03T01:35,2026-09-03T06:35,,,,1,,,,,
2026-09-03T01:36,2026-09-03T06:36,,,,1,,,,,
2026-09-03T01:37,2026-09-03T06:37,0,0,36.2,1,,,,,
2026-09-03T01:38,2026-09-03T06:38,,,,1,,,,,
2026-09-03T01:39,2026-09-03T06:39,,,,1,9,1,142,5,1
2026-09-03T01:41,2026-09-03T06:41,,,,1,,,,,
2026-09-03T01:42,2026-09-03T06:42,0,0,,1,,,,,
2026-09-03T01:43,2026-09-03T06:43,,,,1,,,,,
2026-09-03T01:44,2026-09-03T06:44,,,,1,,,,,
2026-09-03T01:45,2026-09-03T06:45,,,,1,9,1,142,6,1
2026-09-03T01:46,2026-09-03T06:46,1,0,,1,,,,,
2026-09-03T01:47,2026-09-03T06:47,,,,1,,,,,
2026-09-03T01:48,2026-09-03T06:48,,,,1,,,,,
2026-09-03T01:49,2026-09-03T06:49,,,,1,,,,,
2026-09-03T01:50,2026-09-03T06:50,1,0,,1,11,1,142,9,1
2026-09-03T01:51,2026-09-03T06:51,,,,1,,,,,
2026-09-03T01:52,2026-09-03T06:52,,,,1,,,,,
2026-09-03T01:53,2026-09-03T06:53,,,,1,,,,,
2026-09-03T01:54,2026-09-03T06:54,1,0,,1,,,,,
2026-09-03T01:55,2026-09-03T06:55,,,,1,12,2,142,9,1
2026-09-03T01:55,2026-09-03T06:55,,,,1,,,,,
2026-09-03T01:57,2026-09-03T06:57,,,,1,,,,,
2026-09-03T01:58,2026-09-03T06:58,1,0,,1,,,,,
2026-09-03T01:59,2026-09-03T06:59,,,,1,,,,,
2026-09-03T02:00,2026-09-03T07:00,,,,1,12,2,142,11,1
2026-09-03T02:00,2026-09-03T07:00,,,,1,,,,,
2026-09-03T02:01,2026-09-03T07:01,2,0,,1,,,,,
2026-09-03T02:02,2026-09-03T07:02,,,,1,,,,,
2026-09-03T02:04,2026-09-03T07:04,,,,1,,,,,
2026-09-03T02:05,2026-09-03T07:05,,,,1,14,2,142,18,1
2026-09-03T02:05,2026-09-03T07:05,2,0,,1,,,,,
2026-09-03T02:07,2026-09-03T07:07,,,,2,,,,,
2026-09-03T02:08,2026-09-03T07:08,,,,2,,,,,
2026-09-03T02:09,2026-09-03T07:09,,,,2,,,,,
2026-09-03T02:10,2026-09-03T07:10,2,0,,2,16,2,142,20,1
2026-09-03T02:11,2026-09-03T07:11,,,,2,,,,,
2026-09-03T02:12,2026-09-03T07:12,,,,2,,,,,
2026-09-03T02:13,2026-09-03T07:13,,,,2,,,,,
2026-09-03T02:14,2026-09-03T07:14,3,0,,2,,,,,
2026-09-03T02:15,2026-09-03T07:15,,,,2,17,2,143,22,1
2026-09-03T02:16,2026-09-03T07:16,,,,2,,,,,
2026-09-03T02:17,2026-09-03T07:17,,,,2,,,,,
2026-09-03T02:18,2026-09-03T07:18,3,0,,3,,,,,
2026-09-03T02:19,2026-09-03T07:19,,,,3,,,,,
2026-09-03T02:19,2026-09-03T07:19,,,,3,17,2,144,25,1
2026-09-03T02:20,2026-09-03T07:20,,,,3,,,,,
2026-09-03T02:21,2026-09-03T07:21,4,0,,3,,,,,
2026-09-03T02:22,2026-09-03T07:22,,,,3,,,,,
2026-09-03T02:23,2026-09-03T07:23,,,,3,,,,,
2026-09-03T02:24,2026-09-03T07:24,,,,4,18,2,145,27,1
2026-09-03T02:25,2026-09-03T07:25,4,0,,4,,,,,
2026-09-03T02:26,2026-09-03T07:26,,,,4,,,,,
2026-09-03T02:27,2026-09-03T07:27,,,,4,,,,,
2026-09-03T02:28,2026-09-03T07:28,,,,4,,,,,
2026-09-03T02:29,2026-09-03T07:29,5,0,100.1,4,22,3,145,29,1
2026-09-03T02:30,2026-09-03T07:30,,,,4,,,,,
2026-09-03T02:31,2026-09-03T07:31,,,,4,,,,,
2026-09-03T02:32,2026-09-03T07:32,,,,4,,,,,
2026-09-03T02:33,2026-09-03T07:33,6,0,110.6,4,,,,,
2026-09-03T02:34,2026-09-03T07:34,,,,5,30,4,144,32,1
2026-09-03T02:35,2026-09-03T07:35,,,,5,,,,,
2026-09-03T02:36,2026-09-03T07:36,,,,5,,,,,
2026-09-03T02:37,2026-09-03T07:37,6,0,112.7,5,,,,,
2026-09-03T02:38,2026-09-03T07:38,,,,5,,,,,
2026-09-03T02:38,2026-09-03T07:38,,,,5,36,4,145,39,1
2026-09-03T02:39,2026-09-03T07:39,,,,5,,,,,
2026-09-03T02:41,2026-09-03T07:41,7,0,118.8,5,,,,,
2026-09-03T02:42,2026-09-03T07:42,,,,5,,,,,
2026-09-03T02:43,2026-09-03T07:43,,,,6,,,,,
2026-09-03T02:44,2026-09-03T07:44,,,,6,40,5,147,42,0
2026-09-03T02:45,2026-09-03T07:45,7,0,127.0,6,,,,,
2026-09-03T02:46,2026-09-03T07:46,,,,6,,,,,
2026-09-03T02:47,2026-09-03T07:47,,,,6,,,,,
2026-09-03T02:48,2026-09-03T07:48,,,,6,,,,,
2026-09-03T02:49,2026-09-03T07:49,7,0,130.6,6,42,6,147,47,0
2026-09-03T02:50,2026-09-03T07:50,,,,6,,,,,
2026-09-03T02:51,2026-09-03T07:51,,,,6,,,,,
2026-09-03T02:52,2026-09-03T07:52,,,,6,,,,,
2026-09-03T02:53,2026-09-03T07:53,7,0,135.2,6,,,,,
2026-09-03T02:54,2026-09-03T07:54,,,,6,48,6,147,50,0
2026-09-03T02:55,2026-09-03T07:55,,,,6,,,,,
2026-09-03T02:56,2026-09-03T07:56,,,,6,,,,,
2026-09-03T02:57,2026-09-03T07:57,7,0,139.4,6,,,,,
2026-09-03T02:58,2026-09-03T07:58,,,,6,,,,,
2026-09-03T02:59,2026-09-03T07:59,,,,6,49,6,147,57,0
2026-09-03T02:59,2026-09-03T07:59,,,,6,,,,,
2026-09-03T03:00,2026-09-03T08:00,7,0,137.1,6,,,,,
2026-09-03T03:01,2026-09-03T08:01,,,,6,,,,,
2026-09-03T03:02,2026-09-03T08:02,,,,6,,,,,
2026-09-03T03:03,2026-09-03T08:03,,,,7,50,6,148,60,0
2026-09-03T03:05,2026-09-03T08:05,7,0,136.2,7,,,,,
2026-09-03T03:06,2026-09-03T08:06,,,,7,,,,,
2026-09-03T03:06,2026-09-03T08:06,,,,7,,,,,
2026-09-03T03:08,2026-09-03T08:08,,,,7,,,,,
2026-09-03T03:08,2026-09-03T08:08,7,0,136.2,7,52,6,148,64,0
2026-09-03T03:10,2026-09-03T08:10,,,,7,,,,,
2026-09-03T03:11,2026-09-03T08:11,,,,7,,,,,
2026-09-03T03:12,2026-09-03T08:12,,,,7,,,,,
2026-09-03T03:13,2026-09-03T08:13,7,0,134.6,7,,,,,
2026-09-03T03:14,2026-09-03T08:14,,,,7,53,9,150,72,0
2026-09-03T03:15,2026-09-03T08:15,,,,7,,,,,
2026-09-03T03:16,2026-09-03T08:16,,,,7,,,,,
2026-09-03T03:17,2026-09-03T08:17,7,0,136.6,7,,,,,
2026-09-03T03:18,2026-09-03T08:18,,,,7,,,,,
2026-09-03T03:19,2026-09-03T08:19,,,,7,56,11,151,76,0
2026-09-03T03:20,2026-09-03T08:20,,,,7,,,,,
2026-09-03T03:21,2026-09-03T08:21,7,0,142.5,7,,,,,
2026-09-03T03:22,2026-09-03T08:22,,,,7,,,,,
2026-09-03T03:23,2026-09-03T08:23,,,,7,,,,,
2026-09-03T03:24,2026-09-03T08:24,,,,7,56,11,152,74,0
2026-09-03T03:26,2026-09-03T08:26,7,0,140.0,7,,,,,
2026-09-03T03:27,2026-09-03T08:27,,,,7,,,,,
2026-09-03T03:28,2026-09-03T08:28,,,,7,,,,,
2026-09-03T03:28,2026-09-03T08:28,,,,7,,,,,
2026-09-03T03:30,2026-09-03T08:30,7,0,148.1,7,68,10,151,82,0
2026-09-03T03:31,2026-09-03T08:31,,,,7,,,,,
2026-09-03T03:32,2026-09-03T08:32,,,,7,,,,,
2026-09-03T03:33,2026-09-03T08:33,,,,7,,,,,
2026-09-03T03:34,2026-09-03T08:34,7,0,141.3,7,,,,,
2026-09-03T03:35,2026-09-03T08:35,,,,7,70,12,151,84,0
2026-09-03T03:36,2026-09-03T08:36,,,,7,,,,,
2026-09-03T03:37,2026-09-03T08:37,,,,7,,,,,
2026-09-03T03:38,2026-09-03T08:38,7,0,144.0,7,,,,,
2026-09-03T03:39,2026-09-03T08:39,,,,7,,,,,
2026-09-03T03:40,2026-09-03T08:40,,,,7,78,12,151,88,0
2026-09-03T03:41,2026-09-03T08:41,,,,7,,,,,
2026-09-03T03:42,2026-09-03T08:42,7,0,145.8,7,,,,,
2026-09-03T03:43,2026-09-03T08:43,,,,7,,,,,
2026-09-03T03:44,2026-09-03T08:44,,,,7,,,,,
2026-09-03T03:45,2026-09-03T08:45,,,,7,85,12,152,91,0
2026-09-03T03:46,2026-09-03T08:46,7,0,145.3,7,,,,,
2026-09-03T03:47,2026-09-03T08:47,,,,7,,,,,
2026-09-03T03:48,2026-09-03T08:48,,,,7,,,,,
2026-09-03T03:49,2026-09-03T08:49,,,,7,,,,,
2026-09-03T03:50,2026-09-03T08:50,7,0,144.7,7,86,15,154,91,0
2026-09-03T03:51,2026-09-03T08:51,,,,7,,,,,
2026-09-03T03:52,2026-09-03T08:52,,,,7,,,,,
2026-09-03T03:53,2026-09-03T08:53,,,,7,,,,,
2026-09-03T03:54,2026-09-03T08:54,7,0,150.6,7,,,,,
2026-09-03T03:55,2026-09-03T08:55,,,,7,89,16,156,93,0
2026-09-03T03:56,2026-09-03T08:56,,,,7,,,,,
2026-09-03T03:57,2026-09-03T08:57,,,,7,,,,,
2026-09-03T03:58,2026-09-03T08:58,7,0,146.3,7,,,,,
2026-09-03T03:59,2026-09-03T08:59,,,,7,,,,,
2026-09-03T04:01,2026-09-03T09:01,,,,7,91,17,157,96,1
2026-09-03T04:01,2026-09-03T09:01,,,,7,,,,,
2026-09-03T04:02,2026-09-03T09:02,7,0,142.9,7,,,,,
2026-09-03T04:03,2026-09-03T09:03,,,,7,,,,,
2026-09-03T04:04,2026-09-03T09:04,,,,7,,,,,
2026-09-03T04:06,2026-09-03T09:06,,,,7,88,17,159,101,1
2026-09-03T04:06,2026-09-03T09:06,7,0,141.1,7,,,,,
2026-09-03T04:08,2026-09-03T09:08,,,,6,,,,,
2026-09-03T04:08,2026-09-03T09:08,,,,6,,,,,
2026-09-03T04:09,2026-09-03T09:09,,,,6,,,,,
2026-09-03T04:10,2026-09-03T09:10,7,0,142.5,6,85,19,159,108,1
2026-09-03T04:11,2026-09-03T09:11,,,,6,,,,,
2026-09-03T04:12,2026-09-03T09:12,,,,6,,,,,
2026-09-03T04:13,2026-09-03T09:13,,,,6,,,,,
2026-09-03T04:14,2026-09-03T09:14,7,0,136.2,6,,,,,
2026-09-03T04:15,2026-09-03T09:15,,,,6,84,19,160,106,1
2026-09-03T04:16,2026-09-03T09:16,,,,6,,,,,
2026-09-03T04:17,2026-09-03T09:17,,,,6,,,,,
2026-09-03T04:18,2026-09-03T09:18,7,0,135.5,6,,,,,
2026-09-03T04:19,2026-09-03T09:19,,,,6,,,,,
2026-09-03T04:20,2026-09-03T09:20,,,,6,84,19,160,105,1
2026-09-03T04:21,2026-09-03T09:21,,,,6,,,,,
2026-09-03T04:22,2026-09-03T09:22,7,0,138.4,6,,,,,
2026-09-03T04:23,2026-09-03T09:23,,,,6,,,,,
2026-09-03T04:24,2026-09-03T09:24,,,,6,,,,,
2026-09-03T04:25,2026-09-03T09:25,,,,6,79,19,161,107,1
2026-09-03T04:26,2026-09-03T09:26,6,0,135.6,6,,,,,
2026-09-03T04:27,2026-09-03T09:27,,,,6,,,,,
2026-09-03T04:28,2026-09-03T09:28,,,,6,,,,,
2026-09-03T04:29,2026-09-03T09:29,,,,6,,,,,
2026-09-03T04:29,2026-09-03T09:29,6,0,130.1,6,82,19,161,106,1
2026-09-03T04:31,2026-09-03T09:31,,,,6,,,,,
2026-09-03T04:32,2026-09-03T09:32,,,,6,,,,,
2026-09-03T04:33,2026-09-03T09:33,,,,6,,,,,
2026-09-03T04:34,2026-09-03T09:34,6,0,129.0,5,,,,,
2026-09-03T04:35,2026-09-03T09:35,,,,5,84,19,161,104,1
2026-09-03T04:36,2026-09-03T09:36,,,,5,,,,,
2026-09-03T04:37,2026-09-03T09:37,,,,5,,,,,
2026-09-03T04:38,2026-09-03T09:38,6,0,128.8,5,,,,,
2026-09-03T04:39,2026-09-03T09:39,,,,6,,,,,
2026-09-03T04:40,2026-09-03T09:40,,,,6,87,20,160,105,1
2026-09-03T04:41,2026-09-03T09:41,,,,6,,,,,
2026-09-03T04:42,2026-09-03T09:42,6,0,125.9,6,,,,,
2026-09-03T04:43,2026-09-03T09:43,,,,6,,,,,
2026-09-03T04:44,2026-09-03T09:44,,,,5,,,,,
2026-09-03T04:45,2026-09-03T09:45,,,,5,90,20,161,103,1
2026-09-03T04:46,2026-09-03T09:46,6,0,125.0,5,,,,,
2026-09-03T04:47,2026-09-03T09:47,,,,5,,,,,
2026-09-03T04:48,2026-09-03T09:48,,,,5,,,,,
2026-09-03T04:49,2026-09-03T09:49,,,,5,,,,,
2026-09-03T04:50,2026-09-03T09:50,6,0,123.1,5,87,20,160,100,1
2026-09-03T04:51,2026-09-03T09:51,,,,5,,,,,
2026-09-03T04:52,2026-09-03T09:52,,,,5,,,,,
2026-09-03T04:53,2026-09-03T09:53,,,,5,,,,,
2026-09-03T04:54,2026-09-03T09:54,6,0,113.7,5,,,,,
2026-09-03T04:55,2026-09-03T09:55,,,,5,88,20,161,102,2
2026-09-03T04:56,2026-09-03T09:56,,,,5,,,,,
2026-09-03T04:57,2026-09-03T09:57,,,,5,,,,,
2026-09-03T04:58,2026-09-03T09:58,6,0,116.0,5,,,,,
2026-09-03T04:59,2026-09-03T09:59,,,,5,,,,,
2026-09-03T05:00,2026-09-03T10:00,,,,5,81,20,161,105,2
2026-09-03T05:01,2026-09-03T10:01,,,,5,,,,,
2026-09-03T05:02,2026-09-03T10:02,6,0,114.4,5,,,,,
2026-09-03T05:03,2026-09-03T10:03,,,,5,,,,,
2026-09-03T05:04,2026-09-03T10:04,,,,5,,,,,
2026-09-03T05:05,2026-09-03T10:05,,,,5,79,21,162,103,2
2026-09-03T05:06,2026-09-03T10:06,6,0,117.1,5,,,,,
2026-09-03T05:07,2026-09-03T10:07,,,,5,,,,,
2026-09-03T05:08,2026-09-03T10:08,,,,5,,,,,
2026-09-03T05:09,2026-09-03T10:09,,,,5,,,,,
2026-09-03T05:10,2026-09-03T10:10,6,0,106.1,5,76,22,162,97,2
2026-09-03T05:11,2026-09-03T10:11,,,,5,,,,,
2026-09-03T05:12,2026-09-03T10:12,,,,5,,,,,
2026-09-03T05:13,2026-09-03T10:13,,,,5,,,,,
2026-09-03T05:14,2026-09-03T10:14,6,0,104.6,5,,,,,
2026-09-03T05:15,2026-09-03T10:15,,,,5,73,23,160,98,2
2026-09-03T05:16,2026-09-03T10:16,,,,5,,,,,
2026-09-03T05:17,2026-09-03T10:17,,,,5,,,,,
2026-09-03T05:18,2026-09-03T10:18,5,0,104.8,5,,,,,
2026-09-03T05:19,2026-09-03T10:19,,,,5,,,,,
2026-09-03T05:20,2026-09-03T10:20,,,,4,74,23,160,93,2
2026-09-03T05:21,2026-09-03T10:21,,,,4,,,,,
2026-09-03T05:22,2026-09-03T10:22,5,0,109.2,4,,,,,
2026-09-03T05:23,2026-09-03T10:23,,,,4,,,,,
2026-09-03T05:24,2026-09-03T10:24,,,,4,,,,,
2026-09-03T05:25,2026-09-03T10:25,,,,4,74,24,163,93,2
2026-09-03T05:26,2026-09-03T10:26,5,0,104.2,4,,,,,
2026-09-03T05:27,2026-09-03T10:27,,,,4,,,,,
2026-09-03T05:28,2026-09-03T10:28,,,,4,,,,,
2026-09-03T05:29,2026-09-03T10:29,,,,4,,,,,
2026-09-03T05:30,2026-09-03T10:30,5,0,104.2,4,72,25,163,89,1
2026-09-03T05:31,2026-09-03T10:31,,,,4,,,,,
2026-09-03T05:32,2026-09-03T10:32,,,,4,,,,,
2026-09-03T05:33,2026-09-03T10:33,,,,4,,,,,
2026-09-03T05:34,2026-09-03T10:34,5,0,106.0,4,,,,,
2026-09-03T05:35,2026-09-03T10:35,,,,4,68,25,165,86,2
2026-09-03T05:36,2026-09-03T10:36,,,,4,,,,,
2026-09-03T05:37,2026-09-03T10:37,,,,4,,,,,
2026-09-03T05:38,2026-09-03T10:38,5,0,103.0,4,,,,,
2026-09-03T05:40,2026-09-03T10:40,,,,4,,,,,
2026-09-03T05:41,2026-09-03T10:41,,,,4,73,24,165,85,2
2026-09-03T05:42,2026-09-03T10:42,,,,4,,,,,
2026-09-03T05:42,2026-09-03T10:42,5,0,103.2,4,,,,,
2026-09-03T05:43,2026-09-03T10:43,,,,4,,,,,
2026-09-03T05:44,2026-09-03T10:44,,,,4,,,,,
2026-09-03T05:45,2026-09-03T10:45,,,,5,77,24,166,86,2
2026-09-03T05:47,2026-09-03T10:47,5,0,109.3,5,78,24,166,86,2
2026-09-03T05:48,2026-09-03T10:48,,,,5,,,,,
2026-09-03T05:49,2026-09-03T10:49,,,,5,,,,,
2026-09-03T05:50,2026-09-03T10:50,,,,5,,,,,
2026-09-03T05:51,2026-09-03T10:51,5,0,109.3,5,,,,,
2026-09-03T05:52,2026-09-03T10:52,,,,5,78,24,166,81,2
2026-09-03T05:52,2026-09-03T10:52,,,,5,,,,,
2026-09-03T05:53,2026-09-03T10:53,,,,5,,,,,
2026-09-03T05:54,2026-09-03T10:54,5,0,110.3,5,,,,,
2026-09-03T05:55,2026-09-03T10:55,,,,5,,,,,
2026-09-03T05:56,2026-09-03T10:56,,,,5,79,24,169,78,2
2026-09-03T05:57,2026-09-03T10:57,,,,5,,,,,
2026-09-03T05:58,2026-09-03T10:58,5,0,112.0,5,,,,,
2026-09-03T05:59,2026-09-03T10:59,,,,5,,,,,
2026-09-03T06:00,2026-09-03T11:00,,,,5,,,,,
2026-09-03T06:01,2026-09-03T11:01,,,,5,81,24,169,75,2
2026-09-03T06:02,2026-09-03T11:02,5,0,108.7,5,,,,,
2026-09-03T06:03,2026-09-03T11:03,,,,5,,,,,
2026-09-03T06:04,2026-09-03T11:04,,,,5,,,,,
2026-09-03T06:05,2026-09-03T11:05,,,,5,,,,,
2026-09-03T06:06,2026-09-03T11:06,5,0,108.7,5,80,25,173,72,2
2026-09-03T06:07,2026-09-03T11:07,,,,5,,,,,
2026-09-03T06:08,2026-09-03T11:08,,,,5,,,,,
2026-09-03T06:09,2026-09-03T11:09,,,,5,,,,,
2026-09-03T06:10,2026-09-03T11:10,5,0,104.6,5,,,,,
2026-09-03T06:11,2026-09-03T11:11,,,,5,79,24,174,69,2
2026-09-03T06:12,2026-09-03T11:12,,,,4,,,,,
2026-09-03T06:13,2026-09-03T11:13,,,,4,,,,,
2026-09-03T06:14,2026-09-03T11:14,5,0,107.4,4,,,,,
2026-09-03T06:15,2026-09-03T11:15,,,,4,,,,,
2026-09-03T06:16,2026-09-03T11:16,,,,4,79,22,170,70,2
2026-09-03T06:17,2026-09-03T11:17,,,,4,,,,,
2026-09-03T06:18,2026-09-03T11:18,5,0,107.0,4,,,,,
2026-09-03T06:19,2026-09-03T11:19,,,,4,,,,,
2026-09-03T06:20,2026-09-03T11:20,,,,4,,,,,
2026-09-03T06:21,2026-09-03T11:21,,,,4,82,23,170,70,2
2026-09-03T06:22,2026-09-03T11:22,5,0,102.5,4,,,,,
2026-09-03T06:23,2026-09-03T11:23,,,,4,,,,,
2026-09-03T06:24,2026-09-03T11:24,,,,4,,,,,
2026-09-03T06:25,2026-09-03T11:25,,,,4,,,,,
2026-09-03T06:26,2026-09-03T11:26,5,0,104.8,4,81,26,170,68,1
2026-09-03T06:27,2026-09-03T11:27,,,,4,,,,,
2026-09-03T06:28,2026-09-03T11:28,,,,4,,,,,
2026-09-03T06:29,2026-09-03T11:29,,,,4,,,,,
2026-09-03T06:30,2026-09-03T11:30,5,0,103.4,4,,,,,
2026-09-03T06:31,2026-09-03T11:31,,,,4,88,27,173,63,1
2026-09-03T06:32,2026-09-03T11:32,,,,4,,,,,
2026-09-03T06:33,2026-09-03T11:33,,,,4,,,,,
2026-09-03T06:34,2026-09-03T11:34,5,0,103.8,4,,,,,
2026-09-03T06:35,2026-09-03T11:35,,,,4,,,,,
2026-09-03T06:36,2026-09-03T11:36,,,,4,93,28,173,60,1
2026-09-03T06:37,2026-09-03T11:37,,,,4,,,,,
2026-09-03T06:38,2026-09-03T11:38,5,0,105.1,4,,,,,
2026-09-03T06:39,2026-09-03T11:39,,,,4,,,,,
2026-09-03T06:40,2026-09-03T11:40,,,,4,,,,,
2026-09-03T06:41,2026-09-03T11:41,,,,5,92,30,176,60,1
2026-09-03T06:42,2026-09-03T11:42,5,0,106.4,5,,,,,
2026-09-03T06:43,2026-09-03T11:43,,,,5,,,,,
2026-09-03T06:44,2026-09-03T11:44,,,,5,,,,,
2026-09-03T06:45,2026-09-03T11:45,,,,5,,,,,
2026-09-03T06:46,2026-09-03T11:46,5,0,112.5,5,89,31,175,60,2
2026-09-03T06:47,2026-09-03T11:47,,,,5,,,,,
2026-09-03T06:48,2026-09-03T11:48,,,,5,,,,,
2026-09-03T06:49,2026-09-03T11:49,,,,5,,,,,
2026-09-03T06:50,2026-09-03T11:50,5,0,109.7,5,,,,,
2026-09-03T06:51,2026-09-03T11:51,,,,5,91,28,177,60,3
2026-09-03T06:52,2026-09-03T11:52,,,,5,,,,,
2026-09-03T06:53,2026-09-03T11:53,,,,5,,,,,
2026-09-03T06:54,2026-09-03T11:54,5,0,107.7,5,,,,,
2026-09-03T06:55,2026-09-03T11:55,,,,5,,,,,
2026-09-03T06:56,2026-09-03T11:56,,,,5,89,27,176,62,3
2026-09-03T06:57,2026-09-03T11:57,,,,5,,,,,
2026-09-03T06:58,2026-09-03T11:58,5,0,104.1,4,,,,,
2026-09-03T06:59,2026-09-03T11:59,,,,4,,,,,
2026-09-03T07:00,2026-09-03T12:00,,,,4,,,,,
2026-09-03T07:01,2026-09-03T12:01,,,,4,91,24,189,63,4
2026-09-03T07:02,2026-09-03T12:02,5,0,107.1,4,,,,,
2026-09-03T07:03,2026-09-03T12:03,,,,4,,,,,
2026-09-03T07:04,2026-09-03T12:04,,,,4,,,,,
2026-09-03T07:05,2026-09-03T12:05,,,,4,,,,,
2026-09-03T07:06,2026-09-03T12:06,5,0,103.7,4,91,26,187,64,3
2026-09-03T07:07,2026-09-03T12:07,,,,4,,,,,
2026-09-03T07:08,2026-09-03T12:08,,,,4,,,,,
2026-09-03T07:09,2026-09-03T12:09,,,,4,,,,,
2026-09-03T07:10,2026-09-03T12:10,5,0,108.6,4,,,,,
2026-09-03T07:11,2026-09-03T12:11,,,,4,89,24,195,67,3
2026-09-03T07:12,2026-09-03T12:12,,,,4,,,,,
2026-09-03T07:13,2026-09-03T12:13,,,,4,,,,,
2026-09-03T07:14,2026-09-03T12:14,5,0,103.8,4,,,,,
2026-09-03T07:15,2026-09-03T12:15,,,,4,,,,,
2026-09-03T07:16,2026-09-03T12:16,,,,4,93,24,193,68,3
2026-09-03T07:17,2026-09-03T12:17,,,,4,,,,,
2026-09-03T07:18,2026-09-03T12:18,5,0,111.1,4,,,,,
2026-09-03T07:19,2026-09-03T12:19,,,,4,,,,,
2026-09-03T07:20,2026-09-03T12:20,,,,5,,,,,
2026-09-03T07:21,2026-09-03T12:21,,,,5,92,23,204,69,2
2026-09-03T07:22,2026-09-03T12:22,5,0,101.7,4,,,,,
2026-09-03T07:23,2026-09-03T12:23,,,,4,,,,,
2026-09-03T07:24,2026-09-03T12:24,,,,5,,,,,
2026-09-03T07:25,2026-09-03T12:25,,,,5,,,,,
2026-09-03T07:26,2026-09-03T12:26,5,0,103.7,5,95,23,204,68,2
2026-09-03T07:27,2026-09-03T12:27,,,,5,,,,,
2026-09-03T07:28,2026-09-03T12:28,,,,5,,,,,
2026-09-03T07:29,2026-09-03T12:29,,,,5,,,,,
2026-09-03T07:30,2026-09-03T12:30,5,0,104.3,5,,,,,
2026-09-03T07:31,2026-09-03T12:31,,,,5,93,23,203,64,2
2026-09-03T07:32,2026-09-03T12:32,,,,5,,,,,
2026-09-03T07:33,2026-09-03T12:33,,,,5,,,,,
2026-09-03T07:34,2026-09-03T12:34,5,0,105.1,5,,,,,
2026-09-03T07:35,2026-09-03T12:35,,,,5,,,,,
2026-09-03T07:36,2026-09-03T12:36,,,,5,100,23,204,62,2
2026-09-03T07:37,2026-09-03T12:37,,,,5,,,,,
2026-09-03T07:38,2026-09-03T12:38,5,0,107.0,5,,,,,
2026-09-03T07:39,2026-09-03T12:39,,,,5,,,,,
2026-09-03T07:40,2026-09-03T12:40,,,,5,,,,,
2026-09-03T07:41,2026-09-03T12:41,,,,5,102,24,214,66,2
2026-09-03T07:43,2026-09-03T12:43,5,0,106.8,5,,,,,
2026-09-03T07:44,2026-09-03T12:44,,,,5,,,,,
2026-09-03T07:45,2026-09-03T12:45,,,,5,,,,,
2026-09-03T07:46,2026-09-03T12:46,,,,5,,,,,
2026-09-03T07:47,2026-09-03T12:47,5,0,106.7,5,103,24,216,66,2
2026-09-03T07:48,2026-09-03T12:48,,,,5,,,,,
2026-09-03T07:48,2026-09-03T12:48,,,,5,,,,,
2026-09-03T07:50,2026-09-03T12:50,,,,5,,,,,
2026-09-03T07:51,2026-09-03T12:51,5,0,109.3,5,,,,,
2026-09-03T07:52,2026-09-03T12:52,,,,5,105,24,229,63,3
2026-09-03T07:53,2026-09-03T12:53,,,,5,,,,,
2026-09-03T07:54,2026-09-03T12:54,,,,5,,,,,
2026-09-03T07:55,2026-09-03T12:55,5,0,104.0,5,,,,,
2026-09-03T07:56,2026-09-03T12:56,,,,5,,,,,
2026-09-03T07:57,2026-09-03T12:57,,,,5,101,25,230,63,3
2026-09-03T07:58,2026-09-03T12:58,,,,5,,,,,
2026-09-03T07:59,2026-09-03T12:59,5,0,106.4,5,,,,,
2026-09-03T08:00,2026-09-03T13:00,,,,5,,,,,
2026-09-03T08:00,2026-09-03T13:00,,,,5,,,,,
2026-09-03T08:01,2026-09-03T13:01,,,,5,100,26,239,65,3
2026-09-03T08:02,2026-09-03T13:02,5,0,104.1,5,,,,,
2026-09-03T08:03,2026-09-03T13:03,,,,5,,,,,
2026-09-03T08:04,2026-09-03T13:04,,,,5,,,,,
2026-09-03T08:05,2026-09-03T13:05,,,,5,,,,,
2026-09-03T08:06,2026-09-03T13:06,5,0,103.7,5,101,25,239,66,3
2026-09-03T08:07,2026-09-03T13:07,,,,5,,,,,
2026-09-03T08:08,2026-09-03T13:08,,,,5,,,,,
2026-09-03T08:09,2026-09-03T13:09,,,,5,,,,,
2026-09-03T08:10,2026-09-03T13:10,5,0,102.0,5,,,,,
2026-09-03T08:11,2026-09-03T13:11,,,,5,100,25,240,69,4
2026-09-03T08:12,2026-09-03T13:12,,,,5,,,,,
2026-09-03T08:13,2026-09-03T13:13,,,,5,,,,,
2026-09-03T08:14,2026-09-03T13:14,5,0,105.3,5,,,,,
2026-09-03T08:15,2026-09-03T13:15,,,,5,,,,,
2026-09-03T08:16,2026-09-03T13:16,,,,5,104,25,240,72,3
2026-09-03T08:17,2026-09-03T13:17,,,,5,,,,,
2026-09-03T08:18,2026-09-03T13:18,5,0,108.3,5,,,,,
2026-09-03T08:19,2026-09-03T13:19,,,,5,,,,,
2026-09-03T08:20,2026-09-03T13:20,,,,5,,,,,
2026-09-03T08:20,2026-09-03T13:20,,,,5,100,26,240,73,3
2026-09-03T08:21,2026-09-03T13:21,5,0,105.1,5,,,,,
2026-09-03T08:23,2026-09-03T13:23,,,,5,,,,,
2026-09-03T08:24,2026-09-03T13:24,,,,5,,,,,
2026-09-03T08:25,2026-09-03T13:25,,,,5,,,,,
2026-09-03T08:26,2026-09-03T13:26,5,0,111.9,5,105,25,241,73,3
2026-09-03T08:27,2026-09-03T13:27,,,,5,,,,,
2026-09-03T08:28,2026-09-03T13:28,,,,5,,,,,
2026-09-03T08:28,2026-09-03T13:28,,,,5,,,,,
2026-09-03T08:29,2026-09-03T13:29,5,0,110.6,5,,,,,
2026-09-03T08:30,2026-09-03T13:30,,,,5,104,25,241,80,3
2026-09-03T08:31,2026-09-03T13:31,,,,5,,,,,
2026-09-03T08:32,2026-09-03T13:32,,,,5,,,,,
2026-09-03T08:33,2026-09-03T13:33,6,0,112.1,5,,,,,
2026-09-03T08:34,2026-09-03T13:34,,,,5,,,,,
2026-09-03T08:35,2026-09-03T13:35,,,,5,103,27,240,83,3
2026-09-03T08:36,2026-09-03T13:36,,,,5,,,,,
2026-09-03T08:37,2026-09-03T13:37,5,0,112.4,5,,,,,
2026-09-03T08:38,2026-09-03T13:38,,,,5,,,,,
2026-09-03T08:39,2026-09-03T13:39,,,,5,,,,,
2026-09-03T08:40,2026-09-03T13:40,,,,5,105,28,241,86,3
2026-09-03T08:41,2026-09-03T13:41,5,0,114.2,5,,,,,
2026-09-03T08:42,2026-09-03T13:42,,,,5,,,,,
2026-09-03T08:42,2026-09-03T13:42,,,,5,,,,,
2026-09-03T08:43,2026-09-03T13:43,,,,5,,,,,
2026-09-03T08:44,2026-09-03T13:44,6,0,111.1,5,106,28,233,86,3
2026-09-03T08:45,2026-09-03T13:45,,,,5,,,,,
2026-09-03T08:46,2026-09-03T13:46,,,,5,,,,,
2026-09-03T08:47,2026-09-03T13:47,,,,5,,,,,
2026-09-03T08:48,2026-09-03T13:48,6,0,112.5,5,,,,,
2026-09-03T08:49,2026-09-03T13:49,,,,5,105,28,233,89,3
2026-09-03T08:50,2026-09-03T13:50,,,,5,,,,,
2026-09-03T08:51,2026-09-03T13:51,,,,5,,,,,
2026-09-03T08:52,2026-09-03T13:52,6,0,111.8,5,,,,,
2026-09-03T08:53,2026-09-03T13:53,,,,5,,,,,
2026-09-03T08:54,2026-09-03T13:54,,,,5,104,27,233,93,3
2026-09-03T08:55,2026-09-03T13:55,,,,5,,,,,
2026-09-03T08:56,2026-09-03T13:56,5,0,112.0,5,,,,,
2026-09-03T08:57,2026-09-03T13:57,,,,5,,,,,
2026-09-03T08:58,2026-09-03T13:58,,,,5,,,,,
2026-09-03T08:59,2026-09-03T13:59,,,,5,107,27,230,89,3
2026-09-03T09:00,2026-09-03T14:00,5,0,116.8,5,,,,,
2026-09-03T09:01,2026-09-03T14:01,,,,5,,,,,
2026-09-03T09:02,2026-09-03T14:02,,,,5,,,,,
2026-09-03T09:03,2026-09-03T14:03,,,,5,,,,,
2026-09-03T09:04,2026-09-03T14:04,5,0,110.9,5,108,25,230,88,3
2026-09-03T09:05,2026-09-03T14:05,,,,5,,,,,
2026-09-03T09:06,2026-09-03T14:06,,,,5,,,,,
2026-09-03T09:07,2026-09-03T14:07,,,,5,,,,,
2026-09-03T09:08,2026-09-03T14:08,5,0,111.1,5,,,,,
2026-09-03T09:09,2026-09-03T14:09,,,,5,105,24,228,89,2
2026-09-03T09:10,2026-09-03T14:10,,,,5,,,,,
2026-09-03T09:11,2026-09-03T14:11,,,,5,,,,,
2026-09-03T09:12,2026-09-03T14:12,5,0,107.3,5,,,,,
2026-09-03T09:13,2026-09-03T14:13,,,,5,,,,,
2026-09-03T09:14,2026-09-03T14:14,,,,5,103,25,228,90,2
2026-09-03T09:15,2026-09-03T14:15,,,,5,,,,,
2026-09-03T09:16,2026-09-03T14:16,5,0,106.2,5,,,,,
2026-09-03T09:17,2026-09-03T14:17,,,,5,,,,,
2026-09-03T09:18,2026-09-03T14:18,,,,5,,,,,
2026-09-03T09:19,2026-09-03T14:19,,,,5,100,24,229,89,2
2026-09-03T09:20,2026-09-03T14:20,5,0,110.6,5,,,,,
2026-09-03T09:21,2026-09-03T14:21,,,,5,,,,,
2026-09-03T09:22,2026-09-03T14:22,,,,5,,,,,
2026-09-03T09:23,2026-09-03T14:23,,,,5,,,,,
2026-09-03T09:24,2026-09-03T14:24,5,0,106.8,5,102,22,228,88,2
2026-09-03T09:25,2026-09-03T14:25,,,,5,,,,,
2026-09-03T09:26,2026-09-03T14:26,,,,5,,,,,
2026-09-03T09:27,2026-09-03T14:27,,,,5,,,,,
2026-09-03T09:28,2026-09-03T14:28,5,0,106.5,5,,,,,
2026-09-03T09:29,2026-09-03T14:29,,,,5,107,22,228,88,2
2026-09-03T09:30,2026-09-03T14:30,,,,5,,,,,
2026-09-03T09:31,2026-09-03T14:31,,,,5,,,,,
2026-09-03T09:32,2026-09-03T14:32,5,0,107.1,5,,,,,
2026-09-03T09:33,2026-09-03T14:33,,,,4,,,,,
2026-09-03T09:34,2026-09-03T14:34,,,,4,100,23,228,87,2
2026-09-03T09:35,2026-09-03T14:35,,,,5,,,,,
2026-09-03T09:36,2026-09-03T14:36,5,0,110.0,5,,,,,
2026-09-03T09:37,2026-09-03T14:37,,,,5,,,,,
2026-09-03T09:38,2026-09-03T14:38,,,,5,,,,,
2026-09-03T09:39,2026-09-03T14:39,,,,5,101,25,231,83,3
2026-09-03T09:40,2026-09-03T14:40,5,0,101.8,5,,,,,
2026-09-03T09:41,2026-09-03T14:41,,,,5,,,,,
2026-09-03T09:42,2026-09-03T14:42,,,,5,,,,,
2026-09-03T09:43,2026-09-03T14:43,,,,5,,,,,
2026-09-03T09:44,2026-09-03T14:44,5,0,109.4,5,105,26,231,79,3
2026-09-03T09:45,2026-09-03T14:45,,,,5,,,,,
2026-09-03T09:46,2026-09-03T14:46,,,,5,,,,,
2026-09-03T09:47,2026-09-03T14:47,,,,5,,,,,
2026-09-03T09:49,2026-09-03T14:49,5,0,109.4,5,,,,,
2026-09-03T09:50,2026-09-03T14:50,,,,5,106,26,233,82,4
2026-09-03T09:51,2026-09-03T14:51,,,,5,,,,,
2026-09-03T09:52,2026-09-03T14:52,,,,5,,,,,
2026-09-03T09:53,2026-09-03T14:53,5,0,108.0,5,,,,,
2026-09-03T09:54,2026-09-03T14:54,,,,5,,,,,
2026-09-03T09:55,2026-09-03T14:55,,,,5,102,27,232,81,4
2026-09-03T09:56,2026-09-03T14:56,,,,5,,,,,
2026-09-03T09:58,2026-09-03T14:58,5,0,103.3,5,,,,,
2026-09-03T09:59,2026-09-03T14:59,,,,5,,,,,
2026-09-03T09:59,2026-09-03T14:59,,,,5,,,,,
2026-09-03T10:01,2026-09-03T15:01,,,,5,105,28,231,83,3
2026-09-03T10:02,2026-09-03T15:02,5,0,107.1,5,,,,,
2026-09-03T10:03,2026-09-03T15:03,,,,5,,,,,
2026-09-03T10:04,2026-09-03T15:04,,,,5,,,,,
2026-09-03T10:05,2026-09-03T15:05,,,,5,,,,,
2026-09-03T10:06,2026-09-03T15:06,5,0,104.5,5,105,26,231,83,3
2026-09-03T10:07,2026-09-03T15:07,,,,5,,,,,
2026-09-03T10:08,2026-09-03T15:08,,,,5,,,,,
2026-09-03T10:09,2026-09-03T15:09,,,,5,,,,,
2026-09-03T10:10,2026-09-03T15:10,5,0,100.4,5,,,,,
2026-09-03T10:11,2026-09-03T15:11,,,,5,104,28,230,81,3
2026-09-03T10:12,2026-09-03T15:12,,,,5,,,,,
2026-09-03T10:12,2026-09-03T15:12,,,,5,,,,,
2026-09-03T10:13,2026-09-03T15:13,5,0,102.2,5,,,,,
2026-09-03T10:14,2026-09-03T15:14,,,,5,,,,,
2026-09-03T10:15,2026-09-03T15:15,,,,5,106,29,230,80,3
2026-09-03T10:16,2026-09-03T15:16,,,,5,,,,,
2026-09-03T10:17,2026-09-03T15:17,5,0,102.9,5,,,,,
2026-09-03T10:18,2026-09-03T15:18,,,,5,,,,,
2026-09-03T10:19,2026-09-03T15:19,,,,5,,,,,
2026-09-03T10:20,2026-09-03T15:20,,,,5,104,29,230,78,2
2026-09-03T10:22,2026-09-03T15:22,5,0,105.9,5,,,,,
2026-09-03T10:23,2026-09-03T15:23,,,,5,,,,,
2026-09-03T10:23,2026-09-03T15:23,,,,5,,,,,
2026-09-03T10:25,2026-09-03T15:25,,,,5,,,,,
2026-09-03T10:26,2026-09-03T15:26,5,0,105.6,5,105,33,230,81,2
2026-09-03T10:26,2026-09-03T15:26,,,,5,,,,,
2026-09-03T10:27,2026-09-03T15:27,,,,5,,,,,
2026-09-03T10:28,2026-09-03T15:28,,,,5,,,,,
2026-09-03T10:29,2026-09-03T15:29,6,0,102.2,5,,,,,
2026-09-03T10:30,2026-09-03T15:30,,,,5,106,33,230,86,2
2026-09-03T10:31,2026-09-03T15:31,,,,5,,,,,
2026-09-03T10:32,2026-09-03T15:32,,,,5,,,,,
2026-09-03T10:33,2026-09-03T15:33,6,0,100.5,5,,,,,
2026-09-03T10:34,2026-09-03T15:34,,,,5,,,,,
2026-09-03T10:35,2026-09-03T15:35,,,,5,106,33,230,84,2
2026-09-03T10:36,2026-09-03T15:36,,,,5,,,,,
2026-09-03T10:37,2026-09-03T15:37,6,0,108.4,5,,,,,
2026-09-03T10:38,2026-09-03T15:38,,,,5,,,,,
2026-09-03T10:39,2026-09-03T15:39,,,,5,,,,,
2026-09-03T10:40,2026-09-03T15:40,,,,5,105,33,229,87,2
2026-09-03T10:41,2026-09-03T15:41,6,0,108.2,5,,,,,
2026-09-03T10:42,2026-09-03T15:42,,,,5,,,,,
2026-09-03T10:43,2026-09-03T15:43,,,,5,,,,,
2026-09-03T10:44,2026-09-03T15:44,,,,5,,,,,
2026-09-03T10:45,2026-09-03T15:45,6,0,105.3,5,107,36,228,89,2
2026-09-03T10:46,2026-09-03T15:46,,,,5,,,,,
2026-09-03T10:47,2026-09-03T15:47,,,,5,,,,,
2026-09-03T10:48,2026-09-03T15:48,,,,5,,,,,
2026-09-03T10:49,2026-09-03T15:49,6,0,110.1,5,,,,,
2026-09-03T10:51,2026-09-03T15:51,,,,5,109,38,229,91,2
2026-09-03T10:52,2026-09-03T15:52,,,,5,,,,,
2026-09-03T10:53,2026-09-03T15:53,,,,5,,,,,
2026-09-03T10:54,2026-09-03T15:54,6,0,109.0,5,,,,,
2026-09-03T10:55,2026-09-03T15:55,,,,5,,,,,
2026-09-03T10:56,2026-09-03T15:56,,,,5,109,36,228,96,1
2026-09-03T10:57,2026-09-03T15:57,,,,5,,,,,
2026-09-03T10:58,2026-09-03T15:58,6,0,110.4,5,,,,,
2026-09-03T10:59,2026-09-03T15:59,,,,5,,,,,
2026-09-03T11:00,2026-09-03T16:00,,,,5,,,,,
2026-09-03T11:01,2026-09-03T16:01,,,,5,110,35,230,100,1
2026-09-03T11:02,2026-09-03T16:02,6,0,109.9,5,,,,,
2026-09-03T11:04,2026-09-03T16:04,,,,5,,,,,
2026-09-03T11:04,2026-09-03T16:04,,,,5,,,,,
2026-09-03T11:05,2026-09-03T16:05,,,,5,,,,,
2026-09-03T11:06,2026-09-03T16:06,6,0,112.6,5,110,36,231,101,1
2026-09-03T11:08,2026-09-03T16:08,,,,5,,,,,
2026-09-03T11:09,2026-09-03T16:09,,,,5,,,,,
2026-09-03T11:10,2026-09-03T16:10,,,,5,,,,,
2026-09-03T11:11,2026-09-03T16:11,6,0,122.2,5,,,,,
2026-09-03T11:12,2026-09-03T16:12,,,,5,107,38,228,100,1
2026-09-03T11:13,2026-09-03T16:13,,,,5,,,,,
2026-09-03T11:14,2026-09-03T16:14,,,,6,,,,,
2026-09-03T11:15,2026-09-03T16:15,6,0,116.3,6,,,,,
2026-09-03T11:16,2026-09-03T16:16,,,,5,,,,,
2026-09-03T11:17,2026-09-03T16:17,,,,6,110,37,228,101,1
2026-09-03T11:18,2026-09-03T16:18,,,,6,,,,,
2026-09-03T11:18,2026-09-03T16:18,6,0,124.2,5,,,,,
2026-09-03T11:19,2026-09-03T16:19,,,,5,,,,,
2026-09-03T11:20,2026-09-03T16:20,,,,6,,,,,
2026-09-03T11:21,2026-09-03T16:21,,,,6,109,37,228,99,2
2026-09-03T11:22,2026-09-03T16:22,6,0,117.2,6,,,,,
2026-09-03T11:23,2026-09-03T16:23,,,,6,,,,,
2026-09-03T11:24,2026-09-03T16:24,,,,6,,,,,
2026-09-03T11:25,2026-09-03T16:25,,,,6,,,,,
2026-09-03T11:26,2026-09-03T16:26,6,0,119.2,6,112,37,227,98,2
2026-09-03T11:27,2026-09-03T16:27,7,0,117.4,6,112,37,227,98,2
2026-09-03T11:28,2026-09-03T16:28,,,,6,,,,,
2026-09-03T11:30,2026-09-03T16:30,,,,6,,,,,
2026-09-03T11:30,2026-09-03T16:30,,,,6,,,,,
2026-09-03T11:31,2026-09-03T16:31,7,0,120.8,6,,,,,
2026-09-03T11:33,2026-09-03T16:33,,,,6,105,34,228,98,2
2026-09-03T11:33,2026-09-03T16:33,,,,6,,,,,
2026-09-03T11:34,2026-09-03T16:34,,,,6,,,,,
2026-09-03T11:35,2026-09-03T16:35,7,0,117.8,6,,,,,
2026-09-03T11:36,2026-09-03T16:36,,,,6,,,,,
2026-09-03T11:37,2026-09-03T16:37,,,,6,105,34,231,99,2
2026-09-03T11:38,2026-09-03T16:38,,,,6,,,,,
2026-09-03T11:39,2026-09-03T16:39,7,0,118.7,6,,,,,
2026-09-03T11:40,2026-09-03T16:40,,,,6,,,,,
2026-09-03T11:41,2026-09-03T16:41,,,,6,,,,,
2026-09-03T11:42,2026-09-03T16:42,,,,6,106,33,230,98,2
2026-09-03T11:43,2026-09-03T16:43,7,0,125.0,6,,,,,
2026-09-03T11:44,2026-09-03T16:44,,,,6,,,,,
2026-09-03T11:45,2026-09-03T16:45,,,,6,,,,,
2026-09-03T11:45,2026-09-03T16:45,,,,6,,,,,
2026-09-03T11:46,2026-09-03T16:46,7,0,126.1,6,102,33,230,102,2
2026-09-03T11:47,2026-09-03T16:47,,,,6,,,,,
2026-09-03T11:49,2026-09-03T16:49,,,,6,,,,,
2026-09-03T11:49,2026-09-03T16:49,,,,6,,,,,
2026-09-03T11:50,2026-09-03T16:50,7,0,123.7,6,,,,,
2026-09-03T11:51,2026-09-03T16:51,,,,6,102,33,230,100,2
2026-09-03T11:52,2026-09-03T16:52,,,,6,,,,,
2026-09-03T11:53,2026-09-03T16:53,,,,6,,,,,
2026-09-03T11:54,2026-09-03T16:54,7,0,125.2,6,,,,,
2026-09-03T11:55,2026-09-03T16:55,,,,6,,,,,
2026-09-03T11:56,2026-09-03T16:56,,,,6,98,33,230,99,2
2026-09-03T11:57,2026-09-03T16:57,,,,6,,,,,
2026-09-03T11:58,2026-09-03T16:58,7,0,119.9,6,,,,,
2026-09-03T11:59,2026-09-03T16:59,,,,6,,,,,
2026-09-03T12:00,2026-09-03T17:00,,,,6,,,,,
2026-09-03T12:01,2026-09-03T17:01,,,,6,107,33,230,99,2
2026-09-03T12:02,2026-09-03T17:02,7,0,124.3,6,,,,,
2026-09-03T12:03,2026-09-03T17:03,,,,6,,,,,
2026-09-03T12:04,2026-09-03T17:04,,,,6,,,,,
2026-09-03T12:05,2026-09-03T17:05,,,,6,,,,,
2026-09-03T12:06,2026-09-03T17:06,7,0,129.8,6,107,33,230,102,3
2026-09-03T12:07,2026-09-03T17:07,,,,7,,,,,
2026-09-03T12:08,2026-09-03T17:08,,,,7,,,,,
2026-09-03T12:09,2026-09-03T17:09,,,,7,,,,,
2026-09-03T12:10,2026-09-03T17:10,7,0,132.4,7,,,,,
2026-09-03T12:11,2026-09-03T17:11,,,,7,109,33,231,101,3
2026-09-03T12:12,2026-09-03T17:12,,,,7,,,,,
2026-09-03T12:13,2026-09-03T17:13,,,,7,,,,,
2026-09-03T12:14,2026-09-03T17:14,7,0,132.7,7,,,,,
2026-09-03T12:15,2026-09-03T17:15,,,,7,,,,,
2026-09-03T12:16,2026-09-03T17:16,,,,8,112,32,233,103,5
2026-09-03T12:17,2026-09-03T17:17,,,,8,,,,,
2026-09-03T12:18,2026-09-03T17:18,7,0,139.9,8,,,,,
2026-09-03T12:19,2026-09-03T17:19,,,,8,,,,,
2026-09-03T12:20,2026-09-03T17:20,,,,8,,,,,
2026-09-03T12:21,2026-09-03T17:21,,,,8,107,32,233,107,6
2026-09-03T12:22,2026-09-03T17:22,7,0,145.4,8,,,,,
2026-09-03T12:23,2026-09-03T17:23,,,,8,,,,,
2026-09-03T12:24,2026-09-03T17:24,,,,8,,,,,
2026-09-03T12:25,2026-09-03T17:25,,,,8,,,,,
2026-09-03T12:26,2026-09-03T17:26,7,0,142.8,8,102,33,233,106,6
2026-09-03T12:27,2026-09-03T17:27,,,,8,,,,,
2026-09-03T12:28,2026-09-03T17:28,,,,8,,,,,
2026-09-03T12:29,2026-09-03T17:29,,,,8,,,,,
2026-09-03T12:30,2026-09-03T17:30,7,0,148.5,9,,,,,
2026-09-03T12:31,2026-09-03T17:31,,,,9,102,33,233,113,6
2026-09-03T12:32,2026-09-03T17:32,,,,9,,,,,
2026-09-03T12:33,2026-09-03T17:33,,,,9,,,,,
2026-09-03T12:34,2026-09-03T17:34,7,0,148.1,9,,,,,
2026-09-03T12:35,2026-09-03T17:35,,,,9,,,,,
2026-09-03T12:36,2026-09-03T17:36,,,,9,102,33,233,117,6
2026-09-03T12:37,2026-09-03T17:37,,,,9,,,,,
2026-09-03T12:38,2026-09-03T17:38,7,0,153.5,9,,,,,
2026-09-03T12:39,2026-09-03T17:39,,,,9,,,,,
2026-09-03T12:40,2026-09-03T17:40,,,,9,,,,,
2026-09-03T12:41,2026-09-03T17:41,,,,9,104,33,234,116,4
2026-09-03T12:42,2026-09-03T17:42,8,0,151.6,9,,,,,
2026-09-03T12:43,2026-09-03T17:43,,,,9,,,,,
2026-09-03T12:44,2026-09-03T17:44,,,,9,,,,,
2026-09-03T12:45,2026-09-03T17:45,,,,9,,,,,
2026-09-03T12:46,2026-09-03T17:46,7,0,155.0,9,103,31,234,117,6
2026-09-03T12:47,2026-09-03T17:47,,,,9,,,,,
2026-09-03T12:48,2026-09-03T17:48,,,,9,,,,,
2026-09-03T12:49,2026-09-03T17:49,,,,9,,,,,
2026-09-03T12:50,2026-09-03T17:50,8,0,157.1,9,,,,,
2026-09-03T12:51,2026-09-03T17:51,,,,9,103,31,233,121,6
2026-09-03T12:52,2026-09-03T17:52,,,,9,,,,,
2026-09-03T12:53,2026-09-03T17:53,,,,9,,,,,
2026-09-03T12:54,2026-09-03T17:54,8,0,155.8,9,,,,,
2026-09-03T12:55,2026-09-03T17:55,,,,9,,,,,
2026-09-03T12:56,2026-09-03T17:56,,,,9,108,32,233,120,6
2026-09-03T12:57,2026-09-03T17:57,,,,9,,,,,
2026-09-03T12:58,2026-09-03T17:58,7,0,156.1,9,,,,,
2026-09-03T12:59,2026-09-03T17:59,,,,9,,,,,
2026-09-03T13:00,2026-09-03T18:00,,,,9,,,,,
2026-09-03T13:01,2026-09-03T18:01,,,,9,111,33,234,128,6
2026-09-03T13:02,2026-09-03T18:02,7,0,151.2,9,,,,,
2026-09-03T13:03,2026-09-03T18:03,,,,9,,,,,
2026-09-03T13:04,2026-09-03T18:04,,,,9,,,,,
2026-09-03T13:05,2026-09-03T18:05,,,,9,,,,,
2026-09-03T13:06,2026-09-03T18:06,7,0,158.9,9,111,33,234,131,5
2026-09-03T13:07,2026-09-03T18:07,,,,9,,,,,
2026-09-03T13:08,2026-09-03T18:08,,,,9,,,,,
2026-09-03T13:09,2026-09-03T18:09,,,,9,,,,,
2026-09-03T13:10,2026-09-03T18:10,7,0,156.0,9,,,,,
2026-09-03T13:10,2026-09-03T18:10,,,,9,113,33,235,136,4
2026-09-03T13:11,2026-09-03T18:11,,,,9,,,,,
2026-09-03T13:12,2026-09-03T18:12,,,,9,,,,,
2026-09-03T13:13,2026-09-03T18:13,8,0,164.1,9,,,,,
2026-09-03T13:15,2026-09-03T18:15,,,,9,,,,,
2026-09-03T13:15,2026-09-03T18:15,,,,9,118,33,237,145,4
2026-09-03T13:16,2026-09-03T18:16,,,,9,,,,,
2026-09-03T13:17,2026-09-03T18:17,8,0,164.7,9,,,,,
2026-09-03T13:18,2026-09-03T18:18,,,,9,,,,,
2026-09-03T13:19,2026-09-03T18:19,,,,9,,,,,
2026-09-03T13:20,2026-09-03T18:20,,,,9,116,33,237,146,4
2026-09-03T13:21,2026-09-03T18:21,8,0,163.9,9,,,,,
2026-09-03T13:23,2026-09-03T18:23,,,,9,,,,,
2026-09-03T13:24,2026-09-03T18:24,,,,9,,,,,
2026-09-03T13:25,2026-09-03T18:25,,,,9,,,,,
2026-09-03T13:26,2026-09-03T18:26,8,0,168.5,9,120,33,237,148,4
2026-09-03T13:27,2026-09-03T18:27,,,,9,,,,,
2026-09-03T13:28,2026-09-03T18:28,,,,9,,,,,
2026-09-03T13:29,2026-09-03T18:29,,,,9,,,,,
2026-09-03T13:30,2026-09-03T18:30,8,0,166.3,9,,,,,
2026-09-03T13:31,2026-09-03T18:31,,,,9,108,34,238,147,4
2026-09-03T13:32,2026-09-03T18:32,,,,9,,,,,
2026-09-03T13:33,2026-09-03T18:33,,,,9,,,,,
2026-09-03T13:34,2026-09-03T18:34,8,0,162.7,9,,,,,
2026-09-03T13:35,2026-09-03T18:35,,,,9,,,,,
2026-09-03T13:36,2026-09-03T18:36,,,,9,104,33,238,160,4
2026-09-03T13:37,2026-09-03T18:37,,,,9,,,,,
2026-09-03T13:38,2026-09-03T18:38,8,0,164.4,9,,,,,
2026-09-03T13:39,2026-09-03T18:39,,,,9,,,,,
2026-09-03T13:40,2026-09-03T18:40,,,,9,,,,,
2026-09-03T13:41,2026-09-03T18:41,,,,9,103,37,238,161,5
2026-09-03T13:42,2026-09-03T18:42,8,0,167.3,9,,,,,
2026-09-03T13:43,2026-09-03T18:43,,,,9,,,,,
2026-09-03T13:44,2026-09-03T18:44,,,,9,,,,,
2026-09-03T13:45,2026-09-03T18:45,,,,9,,,,,
2026-09-03T13:46,2026-09-03T18:46,8,0,165.9,9,103,38,238,166,5
2026-09-03T13:47,2026-09-03T18:47,,,,9,,,,,
2026-09-03T13:48,2026-09-03T18:48,,,,9,,,,,
2026-09-03T13:49,2026-09-03T18:49,,,,9,,,,,
2026-09-03T13:50,2026-09-03T18:50,8,0,163.7,9,,,,,
2026-09-03T13:51,2026-09-03T18:51,,,,9,101,37,238,167,4
2026-09-03T13:52,2026-09-03T18:52,,,,9,,,,,
2026-09-03T13:53,2026-09-03T18:53,,,,9,,,,,
2026-09-03T13:54,2026-09-03T18:54,8,0,163.5,9,,,,,
2026-09-03T13:54,2026-09-03T18:54,,,,9,,,,,
2026-09-03T13:55,2026-09-03T18:55,,,,9,102,37,238,170,4
2026-09-03T13:56,2026-09-03T18:56,,,,9,,,,,
2026-09-03T13:57,2026-09-03T18:57,8,0,164.4,9,,,,,
2026-09-03T13:58,2026-09-03T18:58,,,,9,,,,,
2026-09-03T14:00,2026-09-03T19:00,,,,9,,,,,
2026-09-03T14:00,2026-09-03T19:00,,,,9,109,40,239,178,4
2026-09-03T14:01,2026-09-03T19:01,8,0,157.8,8,,,,,
2026-09-03T14:03,2026-09-03T19:03,,,,8,,,,,
2026-09-03T14:03,2026-09-03T19:03,,,,8,,,,,
2026-09-03T14:04,2026-09-03T19:04,,,,8,,,,,
2026-09-03T14:05,2026-09-03T19:05,7,0,150.3,8,110,42,239,183,4
2026-09-03T14:06,2026-09-03T19:06,,,,8,,,,,
2026-09-03T14:07,2026-09-03T19:07,,,,8,,,,,
2026-09-03T14:08,2026-09-03T19:08,,,,8,,,,,
2026-09-03T14:09,2026-09-03T19:09,7,0,151.7,8,,,,,
2026-09-03T14:10,2026-09-03T19:10,,,,8,112,40,238,184,4
2026-09-03T14:11,2026-09-03T19:11,,,,8,,,,,
2026-09-03T14:12,2026-09-03T19:12,,,,8,,,,,
2026-09-03T14:13,2026-09-03T19:13,7,0,148.6,8,,,,,
2026-09-03T14:14,2026-09-03T19:14,,,,8,,,,,
2026-09-03T14:15,2026-09-03T19:15,,,,8,108,41,238,187,2
2026-09-03T14:16,2026-09-03T19:16,,,,7,,,,,
2026-09-03T14:17,2026-09-03T19:17,7,0,142.3,7,,,,,
2026-09-03T14:18,2026-09-03T19:18,,,,8,,,,,
2026-09-03T14:19,2026-09-03T19:19,,,,8,,,,,
2026-09-03T14:20,2026-09-03T19:20,,,,8,104,41,238,194,3
2026-09-03T14:21,2026-09-03T19:21,7,0,145.2,8,,,,,
2026-09-03T14:22,2026-09-03T19:22,,,,7,,,,,
2026-09-03T14:23,2026-09-03T19:23,,,,7,,,,,
2026-09-03T14:24,2026-09-03T19:24,,,,8,,,,,
2026-09-03T14:24,2026-09-03T19:24,7,0,146.4,7,102,42,238,198,3
2026-09-03T14:26,2026-09-03T19:26,,,,7,,,,,
2026-09-03T14:27,2026-09-03T19:27,,,,7,,,,,
2026-09-03T14:27,2026-09-03T19:27,,,,7,,,,,
2026-09-03T14:28,2026-09-03T19:28,7,0,144.8,7,,,,,
2026-09-03T14:29,2026-09-03T19:29,,,,7,100,41,237,199,6
2026-09-03T14:30,2026-09-03T19:30,,,,7,,,,,
2026-09-03T14:31,2026-09-03T19:31,,,,7,,,,,
2026-09-03T14:32,2026-09-03T19:32,7,0,137.8,7,,,,,
2026-09-03T14:33,2026-09-03T19:33,,,,6,,,,,
2026-09-03T14:34,2026-09-03T19:34,,,,6,101,41,237,198,6
2026-09-03T14:35,2026-09-03T19:35,,,,6,,,,,
2026-09-03T14:36,2026-09-03T19:36,7,0,136.8,6,,,,,
2026-09-03T14:37,2026-09-03T19:37,,,,6,,,,,
2026-09-03T14:38,2026-09-03T19:38,,,,6,,,,,
2026-09-03T14:40,2026-09-03T19:40,,,,6,97,43,238,199,6
2026-09-03T14:41,2026-09-03T19:41,7,0,135.0,6,,,,,
2026-09-03T14:42,2026-09-03T19:42,,,,6,,,,,
2026-09-03T14:43,2026-09-03T19:43,,,,6,,,,,
2026-09-03T14:44,2026-09-03T19:44,,,,6,,,,,
2026-09-03T14:45,2026-09-03T19:45,7,0,130.6,6,98,44,238,201,6
2026-09-03T14:46,2026-09-03T19:46,,,,6,,,,,
2026-09-03T14:47,2026-09-03T19:47,,,,6,,,,,
2026-09-03T14:48,2026-09-03T19:48,,,,6,,,,,
2026-09-03T14:49,2026-09-03T19:49,7,0,129.2,6,,,,,
2026-09-03T14:50,2026-09-03T19:50,,,,6,102,44,238,202,6
2026-09-03T14:50,2026-09-03T19:50,,,,6,,,,,
2026-09-03T14:52,2026-09-03T19:52,,,,5,,,,,
2026-09-03T14:52,2026-09-03T19:52,7,0,125.3,5,,,,,
2026-09-03T14:53,2026-09-03T19:53,,,,5,,,,,
2026-09-03T14:55,2026-09-03T19:55,,,,5,99,44,238,202,6
2026-09-03T14:56,2026-09-03T19:56,,,,5,,,,,
2026-09-03T14:56,2026-09-03T19:56,6,0,121.0,5,,,,,
2026-09-03T14:58,2026-09-03T19:58,,,,5,,,,,
2026-09-03T14:58,2026-09-03T19:58,,,,5,,,,,
2026-09-03T14:59,2026-09-03T19:59,,,,5,100,44,238,205,6
2026-09-03T15:00,2026-09-03T20:00,6,0,123.1,5,,,,,
2026-09-03T15:01,2026-09-03T20:01,,,,5,,,,,
2026-09-03T15:02,2026-09-03T20:02,,,,5,,,,,
2026-09-03T15:03,2026-09-03T20:03,,,,5,,,,,
2026-09-03T15:04,2026-09-03T20:04,5,0,117.1,5,99,44,238,205,7
2026-09-03T15:05,2026-09-03T20:05,,,,5,,,,,
2026-09-03T15:06,2026-09-03T20:06,,,,5,,,,,
2026-09-03T15:07,2026-09-03T20:07,,,,5,,,,,
2026-09-03T15:08,2026-09-03T20:08,6,0,111.9,5,,,,,
2026-09-03T15:10,2026-09-03T20:10,,,,5,102,44,238,203,7
2026-09-03T15:10,2026-09-03T20:10,,,,5,,,,,
2026-09-03T15:11,2026-09-03T20:11,,,,4,,,,,
2026-09-03T15:12,2026-09-03T20:12,5,0,112.9,4,,,,,
2026-09-03T15:13,2026-09-03T20:13,,,,4,,,,,
2026-09-03T15:15,2026-09-03T20:15,,,,4,99,44,237,205,7
2026-09-03T15:15,2026-09-03T20:15,,,,4,,,,,
2026-09-03T15:16,2026-09-03T20:16,5,0,109.9,4,,,,,
2026-09-03T15:18,2026-09-03T20:18,,,,4,,,,,
2026-09-03T15:19,2026-09-03T20:19,,,,4,,,,,
2026-09-03T15:20,2026-09-03T20:20,,,,4,97,45,238,199,6
2026-09-03T15:21,2026-09-03T20:21,5,0,106.4,4,,,,,
2026-09-03T15:21,2026-09-03T20:21,,,,4,,,,,
2026-09-03T15:23,2026-09-03T20:23,,,,4,,,,,
2026-09-03T15:24,2026-09-03T20:24,,,,4,,,,,
2026-09-03T15:25,2026-09-03T20:25,5,0,103.7,4,96,43,238,200,6
2026-09-03T15:26,2026-09-03T20:26,,,,4,,,,,
2026-09-03T15:27,2026-09-03T20:27,,,,4,,,,,
2026-09-03T15:28,2026-09-03T20:28,,,,4,,,,,
2026-09-03T15:28,2026-09-03T20:28,5,0,104.7,4,,,,,
2026-09-03T15:29,2026-09-03T20:29,,,,4,87,43,238,195,6
2026-09-03T15:30,2026-09-03T20:30,,,,4,,,,,
2026-09-03T15:31,2026-09-03T20:31,,,,4,,,,,
2026-09-03T15:32,2026-09-03T20:32,5,0,101.6,4,,,,,
2026-09-03T15:33,2026-09-03T20:33,,,,4,,,,,
2026-09-03T15:34,2026-09-03T20:34,,,,4,82,41,238,188,6
2026-09-03T15:35,2026-09-03T20:35,,,,4,,,,,
2026-09-03T15:36,2026-09-03T20:36,5,0,,4,,,,,
2026-09-03T15:37,2026-09-03T20:37,,,,4,,,,,
2026-09-03T15:38,2026-09-03T20:38,,,,4,,,,,
2026-09-03T15:39,2026-09-03T20:39,,,,4,76,39,237,184,7
2026-09-03T15:40,2026-09-03T20:40,4,0,,4,,,,,
2026-09-03T15:41,2026-09-03T20:41,,,,4,,,,,
2026-09-03T15:42,2026-09-03T20:42,,,,4,,,,,
2026-09-03T15:43,2026-09-03T20:43,,,,4,,,,,
2026-09-03T15:44,2026-09-03T20:44,4,0,,4,77,38,237,184,8
2026-09-03T15:45,2026-09-03T20:45,,,,3,,,,,
2026-09-03T15:46,2026-09-03T20:46,,,,3,,,,,
2026-09-03T15:47,2026-09-03T20:47,,,,3,,,,,
2026-09-03T15:48,2026-09-03T20:48,4,0,,3,,,,,
2026-09-03T15:49,2026-09-03T20:49,,,,3,81,35,237,179,7
2026-09-03T15:50,2026-09-03T20:50,,,,3,,,,,
2026-09-03T15:51,2026-09-03T20:51,,,,3,,,,,
2026-09-03T15:52,2026-09-03T20:52,4,0,,3,,,,,
2026-09-03T15:53,2026-09-03T20:53,,,,3,,,,,
2026-09-03T15:54,2026-09-03T20:54,,,,3,79,33,237,171,7
2026-09-03T15:55,2026-09-03T20:55,,,,3,,,,,
2026-09-03T15:56,2026-09-03T20:56,4,0,,3,,,,,
2026-09-03T15:57,2026-09-03T20:57,,,,3,,,,,
2026-09-03T15:58,2026-09-03T20:58,,,,3,,,,,
2026-09-03T15:59,2026-09-03T20:59,,,,3,82,31,238,164,5
2026-09-03T16:00,2026-09-03T21:00,3,0,,3,,,,,
2026-09-03T16:01,2026-09-03T21:01,,,,3,,,,,
2026-09-03T16:02,2026-09-03T21:02,,,,3,,,,,
2026-09-03T16:03,2026-09-03T21:03,,,,3,,,,,
2026-09-03T16:04,2026-09-03T21:04,3,0,,3,76,32,238,157,4
2026-09-03T16:05,2026-09-03T21:05,,,,3,,,,,
2026-09-03T16:06,2026-09-03T21:06,,,,3,,,,,
2026-09-03T16:07,2026-09-03T21:07,,,,3,,,,,
2026-09-03T16:08,2026-09-03T21:08,3,0,,2,,,,,
2026-09-03T16:09,2026-09-03T21:09,,,,2,80,32,236,153,4
2026-09-03T16:10,2026-09-03T21:10,,,,2,,,,,
2026-09-03T16:11,2026-09-03T21:11,,,,2,,,,,
2026-09-03T16:12,2026-09-03T21:12,3,0,,2,,,,,
2026-09-03T16:13,2026-09-03T21:13,,,,2,,,,,
2026-09-03T16:14,2026-09-03T21:14,,,,2,77,32,235,147,4
2026-09-03T16:15,2026-09-03T21:15,,,,2,,,,,
2026-09-03T16:17,2026-09-03T21:17,3,0,,2,,,,,
2026-09-03T16:17,2026-09-03T21:17,,,,2,,,,,
2026-09-03T16:18,2026-09-03T21:18,,,,2,,,,,
2026-09-03T16:20,2026-09-03T21:20,,,,2,80,31,236,139,4
2026-09-03T16:20,2026-09-03T21:20,3,0,,2,,,,,
2026-09-03T16:21,2026-09-03T21:21,,,,2,,,,,
2026-09-03T16:23,2026-09-03T21:23,,,,2,,,,,
2026-09-03T16:24,2026-09-03T21:24,,,,2,,,,,
2026-09-03T16:25,2026-09-03T21:25,3,0,,2,77,28,236,138,4
2026-09-03T16:25,2026-09-03T21:25,,,,2,,,,,
2026-09-03T16:26,2026-09-03T21:26,,,,2,,,,,
2026-09-03T16:27,2026-09-03T21:27,,,,2,,,,,
2026-09-03T16:28,2026-09-03T21:28,2,0,,2,,,,,
2026-09-03T16:29,2026-09-03T21:29,,,,2,73,27,236,140,4
2026-09-03T16:30,2026-09-03T21:30,,,,2,,,,,
2026-09-03T16:31,2026-09-03T21:31,,,,2,,,,,
2026-09-03T16:32,2026-09-03T21:32,2,0,,2,,,,,
2026-09-03T16:33,2026-09-03T21:33,,,,2,,,,,
2026-09-03T16:34,2026-09-03T21:34,,,,2,71,26,235,140,3
2026-09-03T16:35,2026-09-03T21:35,,,,2,,,,,
2026-09-03T16:36,2026-09-03T21:36,2,0,,2,,,,,
2026-09-03T16:36,2026-09-03T21:36,,,,2,,,,,
2026-09-03T16:38,2026-09-03T21:38,,,,2,,,,,
2026-09-03T16:39,2026-09-03T21:39,,,,2,68,27,235,141,2
2026-09-03T16:40,2026-09-03T21:40,2,0,,2,,,,,
2026-09-03T16:41,2026-09-03T21:41,,,,2,,,,,
2026-09-03T16:42,2026-09-03T21:42,,,,2,,,,,
2026-09-03T16:43,2026-09-03T21:43,,,,2,,,,,
2026-09-03T16:44,2026-09-03T21:44,2,0,,2,67,25,235,149,2
2026-09-03T16:44,2026-09-03T21:44,,,,2,,,,,
2026-09-03T16:46,2026-09-03T21:46,,,,2,,,,,
2026-09-03T16:46,2026-09-03T21:46,,,,2,,,,,
2026-09-03T16:47,2026-09-03T21:47,2,0,64.3,2,,,,,
2026-09-03T16:48,2026-09-03T21:48,,,,2,66,24,235,146,2
2026-09-03T16:49,2026-09-03T21:49,,,,2,,,,,
2026-09-03T16:50,2026-09-03T21:50,,,,2,,,,,
2026-09-03T16:51,2026-09-03T21:51,2,0,,2,,,,,
2026-09-03T16:52,2026-09-03T21:52,,,,1,,,,,
2026-09-03T16:53,2026-09-03T21:53,,,,1,66,24,235,142,2
2026-09-03T16:54,2026-09-03T21:54,,,,1,,,,,
2026-09-03T16:55,2026-09-03T21:55,2,0,,1,,,,,
2026-09-03T16:56,2026-09-03T21:56,,,,1,,,,,
2026-09-03T16:57,2026-09-03T21:57,,,,1,,,,,
2026-09-03T16:58,2026-09-03T21:58,,,,1,67,22,235,142,2
2026-09-03T16:59,2026-09-03T21:59,2,0,,1,,,,,
2026-09-03T17:00,2026-09-03T22:00,,,,1,,,,,
2026-09-03T17:01,2026-09-03T22:01,,,,1,,,,,
2026-09-03T17:02,2026-09-03T22:02,,,,1,,,,,
2026-09-03T17:03,2026-09-03T22:03,2,0,,1,66,20,234,139,2
2026-09-03T17:04,2026-09-03T22:04,,,,1,,,,,
2026-09-03T17:05,2026-09-03T22:05,,,,1,,,,,
2026-09-03T17:06,2026-09-03T22:06,,,,1,,,,,
2026-09-03T17:07,2026-09-03T22:07,2,0,,1,,,,,
2026-09-03T17:08,2026-09-03T22:08,2,0,,1,68,20,234,134,1
2026-09-03T17:09,2026-09-03T22:09,,,,1,,,,,
2026-09-03T17:10,2026-09-03T22:10,,,,1,,,,,
2026-09-03T17:11,2026-09-03T22:11,,,,1,,,,,
2026-09-03T17:12,2026-09-03T22:12,2,0,,1,,,,,
2026-09-03T17:14,2026-09-03T22:14,,,,1,67,19,234,124,0
2026-09-03T17:15,2026-09-03T22:15,,,,1,,,,,
2026-09-03T17:16,2026-09-03T22:16,,,,1,,,,,
2026-09-03T17:17,2026-09-03T22:17,2,0,,1,,,,,
2026-09-03T17:18,2026-09-03T22:18,,,,1,,,,,
2026-09-03T17:19,2026-09-03T22:19,,,,1,62,19,234,116,0
2026-09-03T17:20,2026-09-03T22:20,,,,1,,,,,
2026-09-03T17:21,2026-09-03T22:21,1,0,,1,,,,,
2026-09-03T17:22,2026-09-03T22:22,,,,1,,,,,
2026-09-03T17:23,2026-09-03T22:23,,,,1,,,,,
2026-09-03T17:25,2026-09-03T22:25,,,,1,62,18,234,113,0
2026-09-03T17:26,2026-09-03T22:26,1,0,,1,,,,,
2026-09-03T17:27,2026-09-03T22:27,,,,1,,,,,
2026-09-03T17:27,2026-09-03T22:27,,,,1,,,,,
2026-09-03T17:28,2026-09-03T22:28,,,,1,,,,,
2026-09-03T17:29,2026-09-03T22:29,1,0,,1,60,18,234,111,0
2026-09-03T17:30,2026-09-03T22:30,,,,1,,,,,
2026-09-03T17:31,2026-09-03T22:31,,,,1,,,,,
2026-09-03T17:32,2026-09-03T22:32,,,,1,,,,,
2026-09-03T17:33,2026-09-03T22:33,1,0,,1,,,,,
2026-09-03T17:34,2026-09-03T22:34,,,,1,60,18,234,109,0
2026-09-03T17:35,2026-09-03T22:35,,,,1,,,,,
2026-09-03T17:36,2026-09-03T22:36,,,,1,,,,,
2026-09-03T17:37,2026-09-03T22:37,1,0,,1,,,,,
2026-09-03T17:38,2026-09-03T22:38,,,,1,,,,,
2026-09-03T17:39,2026-09-03T22:39,,,,1,57,16,233,109,0
2026-09-03T17:40,2026-09-03T22:40,,,,1,,,,,
2026-09-03T17:41,2026-09-03T22:41,1,0,,1,,,,,
2026-09-03T17:42,2026-09-03T22:42,,,,1,,,,,
2026-09-03T17:43,2026-09-03T22:43,,,,1,,,,,
2026-09-03T17:44,2026-09-03T22:44,,,,1,54,15,232,107,0
2026-09-03T17:45,2026-09-03T22:45,1,0,,1,,,,,
2026-09-03T17:46,2026-09-03T22:46,,,,1,,,,,
2026-09-03T17:47,2026-09-03T22:47,,,,1,,,,,
2026-09-03T17:48,2026-09-03T22:48,,,,1,,,,,
2026-09-03T17:48,2026-09-03T22:48,1,0,48.6,1,48,16,232,101,0
2026-09-03T17:49,2026-09-03T22:49,,,,1,,,,,
2026-09-03T17:50,2026-09-03T22:50,,,,1,,,,,
2026-09-03T17:51,2026-09-03T22:51,,,,1,,,,,
2026-09-03T17:52,2026-09-03T22:52,1,0,,1,,,,,
2026-09-03T17:53,2026-09-03T22:53,,,,1,49,14,232,99,0
2026-09-03T17:54,2026-09-03T22:54,,,,1,,,,,
2026-09-03T17:55,2026-09-03T22:55,,,,1,,,,,
2026-09-03T17:56,2026-09-03T22:56,1,0,,1,,,,,
2026-09-03T17:57,2026-09-03T22:57,,,,1,,,,,
2026-09-03T17:59,2026-09-03T22:59,,,,1,48,13,232,92,0
2026-09-03T17:59,2026-09-03T22:59,,,,1,,,,,
2026-09-03T18:00,2026-09-03T23:00,1,0,,1,,,,,
2026-09-03T18:01,2026-09-03T23:01,,,,1,,,,,
2026-09-03T18:02,2026-09-03T23:02,,,,1,,,,,
2026-09-03T18:03,2026-09-03T23:03,,,,1,50,11,232,90,0
2026-09-03T18:04,2026-09-03T23:04,1,0,,1,,,,,
2026-09-03T18:05,2026-09-03T23:05,,,,1,,,,,
2026-09-03T18:06,2026-09-03T23:06,,,,1,,,,,
2026-09-03T18:07,2026-09-03T23:07,,,,1,,,,,
2026-09-03T18:08,2026-09-03T23:08,1,0,,1,47,12,232,91,0
2026-09-03T18:09,2026-09-03T23:09,,,,1,,,,,
2026-09-03T18:10,2026-09-03T23:10,,,,1,,,,,
2026-09-03T18:11,2026-09-03T23:11,,,,1,,,,,
2026-09-03T18:12,2026-09-03T23:12,1,0,,1,,,,,
2026-09-03T18:13,2026-09-03T23:13,,,,1,44,12,232,88,0
2026-09-03T18:15,2026-09-03T23:15,,,,1,,,,,
2026-09-03T18:16,2026-09-03T23:16,,,,1,,,,,
2026-09-03T18:16,2026-09-03T23:16,1,0,,1,,,,,
2026-09-03T18:17,2026-09-03T23:17,,,,1,,,,,
2026-09-03T18:19,2026-09-03T23:19,,,,1,48,11,231,85,0
2026-09-03T18:19,2026-09-03T23:19,,,,1,,,,,
2026-09-03T18:21,2026-09-03T23:21,1,0,,1,,,,,
2026-09-03T18:22,2026-09-03T23:22,,,,1,,,,,
2026-09-03T18:23,2026-09-03T23:23,,,,1,,,,,
2026-09-03T18:24,2026-09-03T23:24,,,,1,46,11,231,84,0
2026-09-03T18:25,2026-09-03T23:25,1,0,,1,,,,,
2026-09-03T18:25,2026-09-03T23:25,,,,1,,,,,
2026-09-03T18:26,2026-09-03T23:26,,,,1,,,,,
2026-09-03T18:27,2026-09-03T23:27,,,,1,,,,,
2026-09-03T18:28,2026-09-03T23:28,1,0,,1,43,11,231,83,0
2026-09-03T18:29,2026-09-03T23:29,,,,1,,,,,
2026-09-03T18:31,2026-09-03T23:31,,,,1,,,,,
2026-09-03T18:32,2026-09-03T23:32,,,,1,,,,,
2026-09-03T18:33,2026-09-03T23:33,1,0,,1,,,,,
2026-09-03T18:34,2026-09-03T23:34,,,,1,40,11,231,81,0
2026-09-03T18:35,2026-09-03T23:35,,,,1,,,,,
2026-09-03T18:36,2026-09-03T23:36,,,,1,,,,,
2026-09-03T18:37,2026-09-03T23:37,1,0,38.3,1,,,,,
2026-09-03T18:38,2026-09-03T23:38,,,,1,,,,,
2026-09-03T18:39,2026-09-03T23:39,,,,1,40,11,231,77,0
2026-09-03T18:39,2026-09-03T23:39,,,,1,,,,,
2026-09-03T18:40,2026-09-03T23:40,1,0,,1,,,,,
2026-09-03T18:42,2026-09-03T23:42,,,,1,,,,,
2026-09-03T18:43,2026-09-03T23:43,,,,1,,,,,
2026-09-03T18:43,2026-09-03T23:43,,,,1,39,11,231,76,0
2026-09-03T18:44,2026-09-03T23:44,1,0,,1,,,,,
2026-09-03T18:45,2026-09-03T23:45,,,,1,,,,,
2026-09-03T18:46,2026-09-03T23:46,,,,1,,,,,
2026-09-03T18:47,2026-09-03T23:47,,,,1,,,,,
2026-09-03T18:48,2026-09-03T23:48,1,0,36.9,1,38,10,231,72,0
2026-09-03T18:49,2026-09-03T23:49,,,,1,,,,,
2026-09-03T18:50,2026-09-03T23:50,,,,1,,,,,
2026-09-03T18:50,2026-09-03T23:50,,,,1,,,,,
2026-09-03T18:52,2026-09-03T23:52,0,0,,1,,,,,
2026-09-03T18:52,2026-09-03T23:52,,,,1,38,10,231,72,0
2026-09-03T18:53,2026-09-03T23:53,,,,1,,,,,
2026-09-03T18:54,2026-09-03T23:54,,,,1,,,,,
2026-09-03T18:55,2026-09-03T23:55,0,0,,1,,,,,
2026-09-03T18:56,2026-09-03T23:56,,,,1,,,,,
2026-09-03T18:57,2026-09-03T23:57,,,,1,38,10,231,70,0
2026-09-03T18:58,2026-09-03T23:58,,,,1,,,,,
2026-09-03T19:00,2026-09-04T00:00,0,0,,1,,,,,
2026-09-03T19:01,2026-09-04T00:01,,,,1,,,,,
2026-09-03T19:02,2026-09-04T00:02,,,,1,,,,,
2026-09-03T19:03,2026-09-04T00:03,,,,1,35,10,230,66,0
2026-09-03T19:04,2026-09-04T00:04,0,0,,1,,,,,
2026-09-03T19:05,2026-09-04T00:05,,,,1,,,,,
2026-09-03T19:05,2026-09-04T00:05,,,,1,,,,,
2026-09-03T19:06,2026-09-04T00:06,,,,1,,,,,
2026-09-03T19:07,2026-09-04T00:07,0,0,,1,35,8,231,64,0
2026-09-03T19:08,2026-09-04T00:08,,,,1,,,,,
2026-09-03T19:09,2026-09-04T00:09,,,,1,,,,,
2026-09-03T19:10,2026-09-04T00:10,,,,1,,,,,
2026-09-03T19:11,2026-09-04T00:11,0,0,29.3,1,,,,,
2026-09-03T19:12,2026-09-04T00:12,,,,1,35,8,232,63,0
2026-09-03T19:13,2026-09-04T00:13,,,,1,,,,,
2026-09-03T19:14,2026-09-04T00:14,,,,1,,,,,
2026-09-03T19:15,2026-09-04T00:15,0,0,,1,,,,,
2026-09-03T19:16,2026-09-04T00:16,,,,1,,,,,
2026-09-03T19:17,2026-09-04T00:17,,,,1,33,8,232,61,0
2026-09-03T19:18,2026-09-04T00:18,,,,1,,,,,
2026-09-03T19:19,2026-09-04T00:19,0,0,,1,,,,,
2026-09-03T19:20,2026-09-04T00:20,,,,1,,,,,
2026-09-03T19:21,2026-09-04T00:21,,,,1,,,,,
2026-09-03T19:21,2026-09-04T00:21,,,,1,32,8,231,61,0
2026-09-03T19:22,2026-09-04T00:22,0,0,,1,,,,,
2026-09-03T19:23,2026-09-04T00:23,,,,1,,,,,
2026-09-03T19:24,2026-09-04T00:24,,,,1,,,,,
2026-09-03T19:26,2026-09-04T00:26,,,,1,,,,,
2026-09-03T19:27,2026-09-04T00:27,0,0,,1,33,7,232,60,0
2026-09-03T19:28,2026-09-04T00:28,,,,1,,,,,
2026-09-03T19:29,2026-09-04T00:29,,,,1,,,,,
2026-09-03T19:30,2026-09-04T00:30,,,,1,,,,,
2026-09-03T19:30,2026-09-04T00:30,0,0,,1,,,,,
2026-09-03T19:31,2026-09-04T00:31,,,,1,30,7,231,55,0
2026-09-03T19:32,2026-09-04T00:32,,,,1,,,,,
2026-09-03T19:34,2026-09-04T00:34,,,,1,,,,,
2026-09-03T19:35,2026-09-04T00:35,0,0,,1,,,,,
2026-09-03T19:36,2026-09-04T00:36,,,,1,,,,,
2026-09-03T19:37,2026-09-04T00:37,,,,1,27,7,230,49,0
2026-09-03T19:38,2026-09-04T00:38,,,,1,,,,,
2026-09-03T19:39,2026-09-04T00:39,0,0,,1,,,,,
2026-09-03T19:40,2026-09-04T00:40,,,,1,,,,,
2026-09-03T19:41,2026-09-04T00:41,,,,1,,,,,
2026-09-03T19:42,2026-09-04T00:42,,,,1,27,7,230,45,0
2026-09-03T19:43,2026-09-04T00:43,0,0,,1,,,,,
2026-09-03T19:44,2026-09-04T00:44,,,,1,,,,,
2026-09-03T19:45,2026-09-04T00:45,,,,1,,,,,
2026-09-03T19:47,2026-09-04T00:47,,,,1,,,,,
2026-09-03T19:48,2026-09-04T00:48,0,0,,1,22,7,230,41,0
2026-09-03T19:49,2026-09-04T00:49,,,,1,,,,,
2026-09-03T19:50,2026-09-04T00:50,,,,1,,,,,
2026-09-03T19:51,2026-09-04T00:51,,,,1,,,,,
2026-09-03T19:52,2026-09-04T00:52,0,0,,1,,,,,
2026-09-03T19:53,2026-09-04T00:53,,,,1,23,7,230,40,0
2026-09-03T19:54,2026-09-04T00:54,,,,1,,,,,
2026-09-03T19:55,2026-09-04T00:55,,,,1,,,,,
2026-09-03T19:56,2026-09-04T00:56,0,0,,1,,,,,
2026-09-03T19:57,2026-09-04T00:57,,,,1,,,,,
2026-09-03T19:58,2026-09-04T00:58,,,,1,22,8,230,37,0
2026-09-03T19:59,2026-09-04T00:59,,,,1,,,,,
2026-09-03T20:00,2026-09-04T01:00,0,0,,1,,,,,
2026-09-03T20:01,2026-09-04T01:01,,,,1,,,,,
2026-09-03T20:02,2026-09-04T01:02,,,,1,,,,,
2026-09-03T20:03,2026-09-04T01:03,,,,1,21,8,230,35,0
2026-09-03T20:04,2026-09-04T01:04,0,0,,1,,,,,
2026-09-03T20:04,2026-09-04T01:04,,,,1,,,,,
2026-09-03T20:05,2026-09-04T01:05,,,,1,,,,,
2026-09-03T20:07,2026-09-04T01:07,,,,1,,,,,
2026-09-03T20:07,2026-09-04T01:07,0,0,25.2,1,19,9,230,36,0
2026-09-03T20:09,2026-09-04T01:09,,,,1,,,,,
2026-09-03T20:10,2026-09-04T01:10,,,,1,,,,,
2026-09-03T20:11,2026-09-04T01:11,,,,1,,,,,
2026-09-03T20:12,2026-09-04T01:12,0,0,,1,,,,,
2026-09-03T20:13,2026-09-04T01:13,,,,1,20,10,230,35,0
2026-09-03T20:14,2026-09-04T01:14,,,,1,,,,,
2026-09-03T20:15,2026-09-04T01:15,,,,1,,,,,
2026-09-03T20:16,2026-09-04T01:16,0,0,,1,,,,,
2026-09-03T20:17,2026-09-04T01:17,,,,1,,,,,
2026-09-03T20:18,2026-09-04T01:18,,,,1,20,8,230,33,0
2026-09-03T20:19,2026-09-04T01:19,,,,1,,,,,
2026-09-03T20:20,2026-09-04T01:20,0,0,,1,,,,,
2026-09-03T20:21,2026-09-04T01:21,,,,1,,,,,
2026-09-03T20:22,2026-09-04T01:22,,,,1,,,,,
2026-09-03T20:23,2026-09-04T01:23,,,,1,18,9,230,29,0
2026-09-03T20:24,2026-09-04T01:24,0,0,,1,,,,,
2026-09-03T20:25,2026-09-04T01:25,,,,1,,,,,
2026-09-03T20:27,2026-09-04T01:27,,,,1,,,,,
2026-09-03T20:28,2026-09-04T01:28,,,,1,,,,,
2026-09-03T20:29,2026-09-04T01:29,0,0,,1,15,10,230,27,0
2026-09-03T20:30,2026-09-04T01:30,,,,1,,,,,
2026-09-03T20:31,2026-09-04T01:31,,,,1,,,,,
2026-09-03T20:32,2026-09-04T01:32,,,,1,,,,,
2026-09-03T20:33,2026-09-04T01:33,0,0,,1,,,,,
2026-09-03T20:34,2026-09-04T01:34,,,,1,15,9,230,24,0
2026-09-03T20:35,2026-09-04T01:35,,,,1,,,,,
2026-09-03T20:36,2026-09-04T01:36,,,,1,,,,,
2026-09-03T20:37,2026-09-04T01:37,0,0,23.0,1,,,,,
2026-09-03T20:37,2026-09-04T01:37,,,,1,,,,,
2026-09-03T20:38,2026-09-04T01:38,,,,1,13,8,230,23,0
2026-09-03T20:40,2026-09-04T01:40,,,,1,,,,,
2026-09-03T20:41,2026-09-04T01:41,0,0,,1,,,,,
2026-09-03T20:42,2026-09-04T01:42,,,,1,,,,,
2026-09-03T20:43,2026-09-04T01:43,,,,1,,,,,
2026-09-03T20:44,2026-09-04T01:44,,,,1,12,8,230,19,0
2026-09-03T20:45,2026-09-04T01:45,0,0,,1,,,,,
2026-09-03T20:46,2026-09-04T01:46,,,,1,,,,,
2026-09-03T20:47,2026-09-04T01:47,,,,1,,,,,
2026-09-03T20:48,2026-09-04T01:48,,,,1,,,,,
2026-09-03T20:48,2026-09-04T01:48,0,0,,1,12,7,230,19,0
2026-09-03T20:49,2026-09-04T01:49,,,,1,,,,,
2026-09-03T20:51,2026-09-04T01:51,,,,1,,,,,
2026-09-03T20:52,2026-09-04T01:52,,,,1,,,,,
2026-09-03T20:52,2026-09-04T01:52,0,0,,1,,,,,
2026-09-03T20:53,2026-09-04T01:53,,,,1,10,7,230,18,0
2026-09-03T20:54,2026-09-04T01:54,,,,1,,,,,
2026-09-03T20:55,2026-09-04T01:55,,,,1,,,,,
2026-09-03T20:56,2026-09-04T01:56,0,0,,1,,,,,
2026-09-03T20:57,2026-09-04T01:57,,,,1,,,,,
2026-09-03T20:58,2026-09-04T01:58,,,,1,9,8,230,18,0
2026-09-03T20:59,2026-09-04T01:59,,,,1,,,,,
2026-09-03T21:00,2026-09-04T02:00,0,0,,1,,,,,
2026-09-03T21:01,2026-09-04T02:01,,,,1,,,,,
2026-09-03T21:02,2026-09-04T02:02,,,,1,,,,,
2026-09-03T21:03,2026-09-04T02:03,,,,1,12,8,230,19,0
2026-09-03T21:04,2026-09-04T02:04,0,0,,1,,,,,
2026-09-03T21:05,2026-09-04T02:05,,,,1,,,,,
2026-09-03T21:06,2026-09-04T02:06,,,,1,,,,,
2026-09-03T21:07,2026-09-04T02:07,,,,1,,,,,
2026-09-03T21:08,2026-09-04T02:08,0,0,,1,13,7,230,19,0
2026-09-03T21:09,2026-09-04T02:09,,,,1,,,,,
2026-09-03T21:10,2026-09-04T02:10,,,,1,,,,,
2026-09-03T21:11,2026-09-04T02:11,,,,1,,,,,
2026-09-03T21:12,2026-09-04T02:12,0,0,,1,,,,,
2026-09-03T21:13,2026-09-04T02:13,,,,1,12,7,230,16,0
2026-09-03T21:14,2026-09-04T02:14,,,,1,,,,,
2026-09-03T21:15,2026-09-04T02:15,,,,1,,,,,
2026-09-03T21:16,2026-09-04T02:16,0,0,,1,,,,,
2026-09-03T21:17,2026-09-04T02:17,,,,1,,,,,
2026-09-03T21:18,2026-09-04T02:18,,,,1,12,7,230,16,0
2026-09-03T21:18,2026-09-04T02:18,,,,1,,,,,
2026-09-03T21:20,2026-09-04T02:20,0,0,,1,,,,,
2026-09-03T21:21,2026-09-04T02:21,,,,1,,,,,
2026-09-03T21:22,2026-09-04T02:22,,,,1,,,,,
2026-09-03T21:23,2026-09-04T02:23,,,,1,11,7,230,15,0
2026-09-03T21:24,2026-09-04T02:24,0,0,,1,,,,,
2026-09-03T21:25,2026-09-04T02:25,,,,1,,,,,
2026-09-03T21:26,2026-09-04T02:26,,,,1,,,,,
2026-09-03T21:27,2026-09-04T02:27,,,,1,,,,,
2026-09-03T21:28,2026-09-04T02:28,0,0,,1,11,7,230,14,0
2026-09-03T21:28,2026-09-04T02:28,,,,1,,,,,
2026-09-03T21:30,2026-09-04T02:30,,,,1,,,,,
2026-09-03T21:30,2026-09-04T02:30,,,,1,,,,,
2026-09-03T21:31,2026-09-04T02:31,0,0,17.5,1,,,,,
2026-09-03T21:32,2026-09-04T02:32,,,,1,12,7,230,13,0
2026-09-03T21:33,2026-09-04T02:33,,,,1,,,,,
2026-09-03T21:35,2026-09-04T02:35,,,,1,,,,,
2026-09-03T21:36,2026-09-04T02:36,0,0,,1,,,,,
2026-09-03T21:37,2026-09-04T02:37,,,,1,,,,,
2026-09-03T21:38,2026-09-04T02:38,,,,1,11,7,230,13,0
2026-09-03T21:39,2026-09-04T02:39,,,,1,,,,,
2026-09-03T21:40,2026-09-04T02:40,0,0,,1,,,,,
2026-09-03T21:41,2026-09-04T02:41,,,,1,,,,,
2026-09-03T21:42,2026-09-04T02:42,,,,1,,,,,
2026-09-03T21:43,2026-09-04T02:43,,,,1,11,7,230,12,0
2026-09-03T21:44,2026-09-04T02:44,0,0,,1,,,,,
2026-09-03T21:45,2026-09-04T02:45,,,,1,,,,,
2026-09-03T21:46,2026-09-04T02:46,,,,1,,,,,
2026-09-03T21:47,2026-09-04T02:47,,,,1,,,,,
2026-09-03T21:48,2026-09-04T02:48,0,0,,1,9,7,230,9,0
2026-09-03T21:49,2026-09-04T02:49,,,,1,,,,,
2026-09-03T21:50,2026-09-04T02:50,,,,1,,,,,
2026-09-03T21:51,2026-09-04T02:51,,,,1,,,,,
2026-09-03T21:52,2026-09-04T02:52,0,0,,1,,,,,
2026-09-03T21:53,2026-09-04T02:53,,,,1,10,7,230,9,0
2026-09-03T21:54,2026-09-04T02:54,,,,1,,,,,
2026-09-03T21:55,2026-09-04T02:55,,,,1,,,,,
2026-09-03T21:56,2026-09-04T02:56,0,0,,1,,,,,
2026-09-03T21:57,2026-09-04T02:57,,,,1,,,,,
2026-09-03T21:58,2026-09-04T02:58,,,,1,8,7,230,9,0
2026-09-03T21:59,2026-09-04T02:59,,,,1,,,,,
2026-09-03T22:00,2026-09-04T03:00,0,0,,1,,,,,
2026-09-03T22:01,2026-09-04T03:01,,,,1,,,,,
2026-09-03T22:02,2026-09-04T03:02,,,,1,,,,,
2026-09-03T22:03,2026-09-04T03:03,,,,1,8,7,230,5,0
2026-09-03T22:04,2026-09-04T03:04,0,0,,1,,,,,
2026-09-03T22:05,2026-09-04T03:05,,,,1,,,,,
2026-09-03T22:06,2026-09-04T03:06,,,,1,,,,,
2026-09-03T22:07,2026-09-04T03:07,,,,1,,,,,
2026-09-03T22:08,2026-09-04T03:08,0,0,,1,8,7,228,5,0
2026-09-03T22:09,2026-09-04T03:09,,,,1,,,,,
2026-09-03T22:10,2026-09-04T03:10,,,,1,,,,,
2026-09-03T22:11,2026-09-04T03:11,,,,1,,,,,
2026-09-03T22:12,2026-09-04T03:12,0,0,,1,,,,,
2026-09-03T22:13,2026-09-04T03:13,,,,1,8,7,228,5,0
2026-09-03T22:15,2026-09-04T03:15,,,,1,,,,,
2026-09-03T22:16,2026-09-04T03:16,,,,1,,,,,
2026-09-03T22:17,2026-09-04T03:17,0,0,,1,,,,,
2026-09-03T22:18,2026-09-04T03:18,,,,1,,,,,
2026-09-03T22:19,2026-09-04T03:19,,,,1,8,7,228,4,0
2026-09-03T22:20,2026-09-04T03:20,,,,1,,,,,
2026-09-03T22:21,2026-09-04T03:21,0,0,,1,,,,,
2026-09-03T22:21,2026-09-04T03:21,,,,1,,,,,
2026-09-03T22:22,2026-09-04T03:22,,,,1,,,,,
2026-09-03T22:23,2026-09-04T03:23,,,,1,8,7,227,4,0
2026-09-03T22:24,2026-09-04T03:24,0,0,,1,,,,,
2026-09-03T22:25,2026-09-04T03:25,,,,1,,,,,
2026-09-03T22:26,2026-09-04T03:26,,,,1,,,,,
2026-09-03T22:27,2026-09-04T03:27,,,,1,,,,,
2026-09-03T22:27,2026-09-04T03:27,0,0,,1,7,7,227,4,0
2026-09-03T22:28,2026-09-04T03:28,,,,1,,,,,
2026-09-03T22:29,2026-09-04T03:29,,,,1,,,,,
2026-09-03T22:30,2026-09-04T03:30,,,,1,,,,,
2026-09-03T22:31,2026-09-04T03:31,0,0,17.9,1,,,,,
2026-09-03T22:32,2026-09-04T03:32,,,,1,5,7,227,2,0
2026-09-03T22:33,2026-09-04T03:33,,,,1,,,,,
2026-09-03T22:34,2026-09-04T03:34,,,,1,,,,,
2026-09-03T22:35,2026-09-04T03:35,0,0,,1,,,,,
2026-09-03T22:36,2026-09-04T03:36,,,,1,,,,,
2026-09-03T22:37,2026-09-04T03:37,,,,1,5,7,227,1,0
2026-09-03T22:38,2026-09-04T03:38,,,,1,,,,,
2026-09-03T22:39,2026-09-04T03:39,0,0,17.9,1,,,,,
2026-09-03T22:40,2026-09-04T03:40,,,,1,,,,,
2026-09-03T22:41,2026-09-04T03:41,,,,1,,,,,
2026-09-03T22:41,2026-09-04T03:41,,,,1,7,7,227,1,0
2026-09-03T22:42,2026-09-04T03:42,0,0,,1,,,,,
2026-09-03T22:44,2026-09-04T03:44,,,,1,,,,,
2026-09-03T22:45,2026-09-04T03:45,,,,1,,,,,
2026-09-03T22:46,2026-09-04T03:46,,,,1,,,,,
2026-09-03T22:46,2026-09-04T03:46,0,0,,1,7,7,227,1,0
2026-09-03T22:47,2026-09-04T03:47,,,,1,,,,,
2026-09-03T22:48,2026-09-04T03:48,,,,1,,,,,
2026-09-03T22:49,2026-09-04T03:49,0,0,,1,7,7,227,1,0
2026-09-03T22:50,2026-09-04T03:50,,,,1,,,,,
2026-09-03T22:51,2026-09-04T03:51,,,,1,,,,,
2026-09-03T22:52,2026-09-04T03:52,,,,1,,,,,
2026-09-03T22:53,2026-09-04T03:53,0,0,,1,,,,,
2026-09-03T22:54,2026-09-04T03:54,,,,1,7,6,227,1,0
2026-09-03T22:55,2026-09-04T03:55,,,,1,,,,,
2026-09-03T22:56,2026-09-04T03:56,,,,1,,,,,
2026-09-03T22:57,2026-09-04T03:57,0,0,,1,,,,,
2026-09-03T22:58,2026-09-04T03:58,,,,1,,,,,
2026-09-03T22:59,2026-09-04T03:59,,,,1,7,6,227,1,0
2026-09-03T23:00,2026-09-04T04:00,,,,1,,,,,
2026-09-03T23:01,2026-09-04T04:01,0,0,19.1,1,,,,,
2026-09-03T23:02,2026-09-04T04:02,,,,1,,,,,
2026-09-03T23:03,2026-09-04T04:03,,,,1,,,,,
2026-09-03T23:04,2026-09-04T04:04,,,,1,7,6,227,1,0
2026-09-03T23:05,2026-09-04T04:05,0,0,,1,,,,,
2026-09-03T23:06,2026-09-04T04:06,,,,1,,,,,
2026-09-03T23:07,2026-09-04T04:07,,,,1,,,,,
2026-09-03T23:08,2026-09-04T04:08,,,,1,,,,,
2026-09-03T23:09,2026-09-04T04:09,0,0,19.1,1,7,5,227,2,0
2026-09-03T23:10,2026-09-04T04:10,,,,1,,,,,
2026-09-03T23:11,2026-09-04T04:11,,,,1,,,,,
2026-09-03T23:12,2026-09-04T04:12,,,,1,,,,,
2026-09-03T23:13,2026-09-04T04:13,0,0,,1,,,,,
2026-09-03T23:14,2026-09-04T04:14,,,,1,6,4,227,2,0
2026-09-03T23:15,2026-09-04T04:15,,,,1,,,,,
2026-09-03T23:15,2026-09-04T04:15,,,,1,,,,,
2026-09-03T23:16,2026-09-04T04:16,0,0,,1,,,,,
2026-09-03T23:17,2026-09-04T04:17,,,,1,,,,,
2026-09-03T23:18,2026-09-04T04:18,,,,1,6,4,227,2,0
2026-09-03T23:19,2026-09-04T04:19,,,,1,,,,,
2026-09-03T23:20,2026-09-04T04:20,0,0,,1,,,,,
2026-09-03T23:21,2026-09-04T04:21,,,,1,,,,,
2026-09-03T23:22,2026-09-04T04:22,,,,1,,,,,
2026-09-03T23:23,2026-09-04T04:23,,,,1,6,3,227,2,0
2026-09-03T23:24,2026-09-04T04:24,0,0,,1,,,,,
2026-09-03T23:25,2026-09-04T04:25,,,,1,,,,,
2026-09-03T23:26,2026-09-04T04:26,,,,1,,,,,
2026-09-03T23:27,2026-09-04T04:27,,,,1,,,,,
2026-09-03T23:28,2026-09-04T04:28,0,0,,1,6,2,227,2,0
2026-09-03T23:29,2026-09-04T04:29,,,,1,,,,,
2026-09-03T23:30,2026-09-04T04:30,,,,1,,,,,
2026-09-03T23:31,2026-09-04T04:31,,,,1,,,,,
2026-09-03T23:32,2026-09-04T04:32,0,0,,1,,,,,
2026-09-03T23:33,2026-09-04T04:33,,,,1,6,1,227,2,0
2026-09-03T23:34,2026-09-04T04:34,,,,1,,,,,
2026-09-03T23:35,2026-09-04T04:35,,,,1,,,,,
2026-09-03T23:35,2026-09-04T04:35,0,0,,1,,,,,
2026-09-03T23:36,2026-09-04T04:36,,,,1,,,,,
2026-09-03T23:38,2026-09-04T04:38,,,,1,6,1,227,2,0
2026-09-03T23:39,2026-09-04T04:39,,,,1,,,,,
2026-09-03T23:40,2026-09-04T04:40,0,0,,1,,,,,
2026-09-03T23:41,2026-09-04T04:41,,,,1,,,,,
2026-09-03T23:42,2026-09-04T04:42,,,,1,,,,,
2026-09-03T23:43,2026-09-04T04:43,,,,1,6,1,227,2,0
2026-09-03T23:44,2026-09-04T04:44,0,0,,1,,,,,
2026-09-03T23:45,2026-09-04T04:45,,,,1,,,,,
2026-09-03T23:46,2026-09-04T04:46,,,,1,,,,,
2026-09-03T23:47,2026-09-04T04:47,,,,1,,,,,
2026-09-03T23:48,2026-09-04T04:48,0,0,18.1,1,6,1,227,2,0
2026-09-03T23:49,2026-09-04T04:49,,,,1,,,,,
2026-09-03T23:50,2026-09-04T04:50,,,,1,,,,,
2026-09-03T23:51,2026-09-04T04:51,,,,1,,,,,
2026-09-03T23:52,2026-09-04T04:52,0,0,,1,,,,,
2026-09-03T23:53,2026-09-04T04:53,,,,1,6,1,227,2,0
2026-09-03T23:54,2026-09-04T04:54,,,,1,,,,,
2026-09-03T23:55,2026-09-04T04:55,,,,1,,,,,
2026-09-03T23:56,2026-09-04T04:56,0,0,,1,,,,,
2026-09-03T23:57,2026-09-04T04:57,,,,1,,,,,
2026-09-03T23:58,2026-09-04T04:58,,,,1,6,0,227,2,0
2026-09-03T23:59,2026-09-04T04:59,,,,1,,,,,
2026-09-04T00:00,2026-09-04T05:00,0,0,,1,,,,,
2026-09-04T00:01,2026-09-04T05:01,,,,1,,,,,
2026-09-04T00:01,2026-09-04T05:01,,,,1,,,,,
2026-09-04T00:02,2026-09-04T05:02,,,,1,6,0,220,2,0
2026-09-04T00:03,2026-09-04T05:03,0,0,,1,,,,,
2026-09-04T00:04,2026-09-04T05:04,,,,1,,,,,
2026-09-04T00:05,2026-09-04T05:05,,,,1,,,,,
2026-09-04T00:06,2026-09-04T05:06,,,,1,,,,,
2026-09-04T00:07,2026-09-04T05:07,0,0,,1,5,0,220,2,0
2026-09-04T00:07,2026-09-04T05:07,,,,1,,,,,
2026-09-04T00:08,2026-09-04T05:08,,,,1,,,,,
2026-09-04T00:09,2026-09-04T05:09,,,,1,,,,,
2026-09-04T00:10,2026-09-04T05:10,0,0,,1,,,,,
2026-09-04T00:11,2026-09-04T05:11,,,,1,3,0,220,2,0
2026-09-04T00:12,2026-09-04T05:12,,,,1,,,,,
2026-09-04T00:13,2026-09-04T05:13,,,,1,,,,,
2026-09-04T00:14,2026-09-04T05:14,0,0,,1,,,,,
2026-09-04T00:15,2026-09-04T05:15,,,,1,,,,,
2026-09-04T00:16,2026-09-04T05:16,,,,1,3,0,220,2,0
2026-09-04T00:17,2026-09-04T05:17,,,,1,,,,,
2026-09-04T00:18,2026-09-04T05:18,0,0,,1,,,,,
2026-09-04T00:19,2026-09-04T05:19,,,,1,,,,,
2026-09-04T00:20,2026-09-04T05:20,,,,1,,,,,
2026-09-04T00:21,2026-09-04T05:21,,,,1,3,0,220,2,0
2026-09-04T00:22,2026-09-04T05:22,0,0,16.6,1,,,,,
2026-09-04T00:23,2026-09-04T05:23,,,,1,,,,,
2026-09-04T00:24,2026-09-04T05:24,,,,1,,,,,
2026-09-04T00:25,2026-09-04T05:25,,,,1,,,,,
2026-09-04T00:26,2026-09-04T05:26,0,0,,1,3,0,220,2,0
2026-09-04T00:27,2026-09-04T05:27,,,,1,,,,,
2026-09-04T00:28,2026-09-04T05:28,,,,1,,,,,
2026-09-04T00:29,2026-09-04T05:29,,,,1,,,,,
2026-09-04T00:30,2026-09-04T05:30,0,0,,1,,,,,
2026-09-04T00:31,2026-09-04T05:31,,,,1,3,0,220,2,0
2026-09-04T00:32,2026-09-04T05:32,,,,1,,,,,
2026-09-04T00:33,2026-09-04T05:33,,,,1,,,,,
2026-09-04T00:34,2026-09-04T05:34,0,0,,1,,,,,
2026-09-04T00:35,2026-09-04T05:35,,,,1,,,,,
2026-09-04T00:36,2026-09-04T05:36,,,,1,2,0,220,2,0
2026-09-04T00:37,2026-09-04T05:37,,,,1,,,,,
2026-09-04T00:38,2026-09-04T05:38,0,0,,1,,,,,
2026-09-04T00:39,2026-09-04T05:39,,,,1,,,,,
2026-09-04T00:40,2026-09-04T05:40,,,,1,,,,,
2026-09-04T00:41,2026-09-04T05:41,,,,1,2,0,220,2,0
2026-09-04T00:42,2026-09-04T05:42,0,0,,1,,,,,
2026-09-04T00:43,2026-09-04T05:43,,,,1,,,,,
2026-09-04T00:44,2026-09-04T05:44,,,,1,,,,,
2026-09-04T00:45,2026-09-04T05:45,,,,1,,,,,
2026-09-04T00:46,2026-09-04T05:46,0,0,16.1,1,2,0,220,2,0
2026-09-04T00:47,2026-09-04T05:47,,,,1,,,,,
2026-09-04T00:48,2026-09-04T05:48,,,,1,,,,,
2026-09-04T00:49,2026-09-04T05:49,,,,1,,,,,
2026-09-04T00:50,2026-09-04T05:50,0,0,,1,,,,,
2026-09-04T00:51,2026-09-04T05:51,,,,1,1,0,220,2,0
2026-09-04T00:52,2026-09-04T05:52,,,,1,,,,,
2026-09-04T00:52,2026-09-04T05:52,,,,1,,,,,
2026-09-04T00:53,2026-09-04T05:53,0,0,,1,,,,,
2026-09-04T00:54,2026-09-04T05:54,,,,1,,,,,
2026-09-04T00:55,2026-09-04T05:55,,,,1,2,0,220,2,0
2026-09-04T00:56,2026-09-04T05:56,,,,1,,,,,
2026-09-04T00:58,2026-09-04T05:58,0,0,,1,,,,,
2026-09-04T00:59,2026-09-04T05:59,,,,1,,,,,
2026-09-04T01:00,2026-09-04T06:00,,,,1,,,,,
2026-09-04T01:01,2026-09-04T06:01,,,,1,2,0,220,2,0
2026-09-04T01:02,2026-09-04T06:02,0,0,19.5,1,,,,,
2026-09-04T01:03,2026-09-04T06:03,,,,1,,,,,
2026-09-04T01:04,2026-09-04T06:04,,,,1,,,,,
2026-09-04T01:05,2026-09-04T06:05,,,,1,,,,,
2026-09-04T01:06,2026-09-04T06:06,0,0,,1,2,1,220,1,0
2026-09-04T01:07,2026-09-04T06:07,,,,1,,,,,
2026-09-04T01:08,2026-09-04T06:08,,,,1,,,,,
2026-09-04T01:09,2026-09-04T06:09,,,,1,,,,,
2026-09-04T01:10,2026-09-04T06:10,0,0,,1,,,,,
2026-09-04T01:10,2026-09-04T06:10,,,,1,6,1,220,1,0
2026-09-04T01:11,2026-09-04T06:11,,,,1,,,,,
2026-09-04T01:12,2026-09-04T06:12,,,,1,,,,,
2026-09-04T01:13,2026-09-04T06:13,0,0,,1,,,,,
2026-09-04T01:14,2026-09-04T06:14,,,,1,,,,,
2026-09-04T01:15,2026-09-04T06:15,,,,1,6,1,220,1,0
2026-09-04T01:16,2026-09-04T06:16,,,,1,,,,,
2026-09-04T01:17,2026-09-04T06:17,0,0,,1,,,,,
2026-09-04T01:18,2026-09-04T06:18,,,,1,,,,,
2026-09-04T01:19,2026-09-04T06:19,,,,1,,,,,
2026-09-04T01:20,2026-09-04T06:20,,,,1,6,1,220,1,0
2026-09-04T01:21,2026-09-04T06:21,0,0,,1,,,,,
2026-09-04T01:22,2026-09-04T06:22,,,,1,,,,,
2026-09-04T01:23,2026-09-04T06:23,,,,1,,,,,
2026-09-04T01:25,2026-09-04T06:25,,,,1,,,,,
2026-09-04T01:25,2026-09-04T06:25,0,0,,1,7,2,220,1,0
2026-09-04T01:26,2026-09-04T06:26,,,,1,,,,,
2026-09-04T01:27,2026-09-04T06:27,,,,1,,,,,
2026-09-04T01:28,2026-09-04T06:28,,,,1,,,,,
2026-09-04T01:30,2026-09-04T06:30,0,0,,1,,,,,
2026-09-04T01:31,2026-09-04T06:31,,,,1,8,3,220,1,0
2026-09-04T01:32,2026-09-04T06:32,,,,1,,,,,
2026-09-04T01:33,2026-09-04T06:33,,,,1,,,,,
2026-09-04T01:33,2026-09-04T06:33,0,0,,1,,,,,
2026-09-04T01:35,2026-09-04T06:35,,,,1,,,,,
2026-09-04T01:36,2026-09-04T06:36,,,,1,8,3,220,3,0
2026-09-04T01:36,2026-09-04T06:36,,,,1,,,,,
2026-09-04T01:37,2026-09-04T06:37,0,0,,1,,,,,
2026-09-04T01:38,2026-09-04T06:38,,,,1,,,,,
2026-09-04T01:39,2026-09-04T06:39,,,,1,,,,,
2026-09-04T01:40,2026-09-04T06:40,,,,1,8,4,220,4,0
2026-09-04T01:41,2026-09-04T06:41,0,0,,1,,,,,
2026-09-04T01:43,2026-09-04T06:43,,,,1,,,,,
2026-09-04T01:44,2026-09-04T06:44,,,,1,,,,,
2026-09-04T01:44,2026-09-04T06:44,,,,1,,,,,
2026-09-04T01:45,2026-09-04T06:45,1,0,,1,10,4,220,4,0
2026-09-04T01:46,2026-09-04T06:46,,,,1,,,,,
2026-09-04T01:47,2026-09-04T06:47,,,,1,,,,,
2026-09-04T01:48,2026-09-04T06:48,,,,1,,,,,
2026-09-04T01:49,2026-09-04T06:49,1,0,,1,,,,,
2026-09-04T01:50,2026-09-04T06:50,,,,1,13,4,220,5,0
2026-09-04T01:51,2026-09-04T06:51,,,,1,,,,,
2026-09-04T01:52,2026-09-04T06:52,,,,1,,,,,
2026-09-04T01:53,2026-09-04T06:53,1,0,56.0,1,,,,,
2026-09-04T01:54,2026-09-04T06:54,,,,1,,,,,
2026-09-04T01:55,2026-09-04T06:55,,,,1,16,5,220,9,0
2026-09-04T01:56,2026-09-04T06:56,,,,1,,,,,
2026-09-04T01:57,2026-09-04T06:57,1,0,,1,,,,,
2026-09-04T01:58,2026-09-04T06:58,,,,1,,,,,
2026-09-04T01:59,2026-09-04T06:59,,,,1,,,,,
2026-09-04T02:00,2026-09-04T07:00,,,,1,17,5,220,12,0
2026-09-04T02:01,2026-09-04T07:01,1,0,,1,,,,,
2026-09-04T02:02,2026-09-04T07:02,,,,1,,,,,
2026-09-04T02:03,2026-09-04T07:03,,,,1,,,,,
2026-09-04T02:04,2026-09-04T07:04,,,,1,,,,,
2026-09-04T02:04,2026-09-04T07:04,2,0,,1,18,5,220,12,0
2026-09-04T02:06,2026-09-04T07:06,,,,1,,,,,
2026-09-04T02:06,2026-09-04T07:06,,,,1,,,,,
2026-09-04T02:07,2026-09-04T07:07,,,,2,,,,,
2026-09-04T02:08,2026-09-04T07:08,2,0,,2,,,,,
2026-09-04T02:09,2026-09-04T07:09,,,,2,22,5,220,12,1
2026-09-04T02:10,2026-09-04T07:10,,,,2,,,,,
2026-09-04T02:11,2026-09-04T07:11,,,,2,,,,,
2026-09-04T02:12,2026-09-04T07:12,2,0,,2,,,,,
2026-09-04T02:13,2026-09-04T07:13,,,,2,,,,,
2026-09-04T02:14,2026-09-04T07:14,,,,2,25,6,220,12,2
2026-09-04T02:15,2026-09-04T07:15,,,,2,,,,,
2026-09-04T02:16,2026-09-04T07:16,3,0,,2,,,,,
2026-09-04T02:17,2026-09-04T07:17,,,,2,,,,,
2026-09-04T02:18,2026-09-04T07:18,,,,2,,,,,
2026-09-04T02:19,2026-09-04T07:19,,,,3,27,6,220,15,2
2026-09-04T02:20,2026-09-04T07:20,3,0,,3,,,,,
2026-09-04T02:21,2026-09-04T07:21,,,,3,,,,,
2026-09-04T02:21,2026-09-04T07:21,,,,3,,,,,
2026-09-04T02:23,2026-09-04T07:23,,,,3,,,,,
2026-09-04T02:24,2026-09-04T07:24,4,0,,3,26,6,220,15,2
2026-09-04T02:25,2026-09-04T07:25,,,,3,,,,,
2026-09-04T02:25,2026-09-04T07:25,,,,3,,,,,
2026-09-04T02:26,2026-09-04T07:26,,,,4,,,,,
2026-09-04T02:27,2026-09-04T07:27,5,0,100.6,4,,,,,
2026-09-04T02:28,2026-09-04T07:28,,,,4,27,6,221,18,2
2026-09-04T02:29,2026-09-04T07:29,,,,4,,,,,
2026-09-04T02:30,2026-09-04T07:30,,,,4,,,,,
2026-09-04T02:31,2026-09-04T07:31,6,0,105.4,4,,,,,
2026-09-04T02:32,2026-09-04T07:32,,,,4,,,,,
2026-09-04T02:33,2026-09-04T07:33,,,,4,31,7,221,21,2
2026-09-04T02:34,2026-09-04T07:34,,,,5,,,,,
2026-09-04T02:35,2026-09-04T07:35,6,0,112.0,5,,,,,
2026-09-04T02:36,2026-09-04T07:36,,,,5,,,,,
2026-09-04T02:37,2026-09-04T07:37,,,,5,,,,,
2026-09-04T02:38,2026-09-04T07:38,,,,5,33,8,221,30,2
2026-09-04T02:39,2026-09-04T07:39,7,0,116.5,5,,,,,
2026-09-04T02:40,2026-09-04T07:40,,,,5,,,,,
2026-09-04T02:41,2026-09-04T07:41,,,,5,,,,,
2026-09-04T02:42,2026-09-04T07:42,,,,5,,,,,
2026-09-04T02:42,2026-09-04T07:42,7,0,124.3,5,30,8,221,32,2
2026-09-04T02:43,2026-09-04T07:43,,,,5,,,,,
2026-09-04T02:44,2026-09-04T07:44,,,,5,,,,,
2026-09-04T02:45,2026-09-04T07:45,,,,6,,,,,
2026-09-04T02:47,2026-09-04T07:47,7,0,123.7,6,,,,,
2026-09-04T02:48,2026-09-04T07:48,,,,6,36,8,221,35,2
2026-09-04T02:49,2026-09-04T07:49,,,,6,,,,,
2026-09-04T02:50,2026-09-04T07:50,,,,6,,,,,
2026-09-04T02:50,2026-09-04T07:50,7,0,125.6,6,,,,,
2026-09-04T02:51,2026-09-04T07:51,,,,6,,,,,
2026-09-04T02:53,2026-09-04T07:53,,,,6,37,9,221,36,2
2026-09-04T02:54,2026-09-04T07:54,,,,6,,,,,
2026-09-04T02:55,2026-09-04T07:55,7,0,131.9,6,,,,,
2026-09-04T02:55,2026-09-04T07:55,,,,6,,,,,
2026-09-04T02:56,2026-09-04T07:56,,,,6,,,,,
2026-09-04T02:57,2026-09-04T07:57,,,,6,44,10,221,41,2
2026-09-04T02:58,2026-09-04T07:58,7,0,129.5,6,,,,,
2026-09-04T02:59,2026-09-04T07:59,,,,6,,,,,
2026-09-04T03:00,2026-09-04T08:00,,,,6,,,,,
2026-09-04T03:01,2026-09-04T08:01,,,,6,,,,,
2026-09-04T03:02,2026-09-04T08:02,7,0,133.4,6,45,10,222,44,3
2026-09-04T03:03,2026-09-04T08:03,,,,6,,,,,
2026-09-04T03:04,2026-09-04T08:04,,,,6,,,,,
2026-09-04T03:05,2026-09-04T08:05,,,,6,,,,,
2026-09-04T03:06,2026-09-04T08:06,7,0,133.9,6,,,,,
2026-09-04T03:07,2026-09-04T08:07,,,,6,47,10,222,46,3
2026-09-04T03:08,2026-09-04T08:08,,,,6,,,,,
2026-09-04T03:09,2026-09-04T08:09,,,,6,,,,,
2026-09-04T03:10,2026-09-04T08:10,7,0,139.6,6,,,,,
2026-09-04T03:11,2026-09-04T08:11,,,,6,,,,,
2026-09-04T03:12,2026-09-04T08:12,,,,6,50,10,222,53,3
2026-09-04T03:13,2026-09-04T08:13,,,,6,,,,,
2026-09-04T03:14,2026-09-04T08:14,7,0,139.9,6,,,,,
2026-09-04T03:15,2026-09-04T08:15,,,,6,,,,,
2026-09-04T03:16,2026-09-04T08:16,,,,6,,,,,
2026-09-04T03:17,2026-09-04T08:17,,,,6,47,12,223,63,3
2026-09-04T03:18,2026-09-04T08:18,7,0,135.4,6,,,,,
2026-09-04T03:18,2026-09-04T08:18,,,,6,,,,,
2026-09-04T03:19,2026-09-04T08:19,,,,6,,,,,
2026-09-04T03:20,2026-09-04T08:20,,,,6,,,,,
2026-09-04T03:21,2026-09-04T08:21,7,0,137.9,6,50,12,223,66,4
2026-09-04T03:22,2026-09-04T08:22,,,,6,,,,,
2026-09-04T03:23,2026-09-04T08:23,,,,6,,,,,
2026-09-04T03:24,2026-09-04T08:24,,,,6,,,,,
2026-09-04T03:25,2026-09-04T08:25,7,0,137.9,6,,,,,
2026-09-04T03:26,2026-09-04T08:26,,,,6,53,13,223,71,4
2026-09-04T03:27,2026-09-04T08:27,,,,6,,,,,
2026-09-04T03:28,2026-09-04T08:28,,,,6,,,,,
2026-09-04T03:29,2026-09-04T08:29,7,0,143.2,6,,,,,
2026-09-04T03:30,2026-09-04T08:30,,,,6,,,,,
2026-09-04T03:30,2026-09-04T08:30,,,,6,57,13,223,74,4
2026-09-04T03:31,2026-09-04T08:31,,,,6,,,,,
2026-09-04T03:32,2026-09-04T08:32,7,0,140.5,6,,,,,
2026-09-04T03:33,2026-09-04T08:33,,,,6,,,,,
2026-09-04T03:34,2026-09-04T08:34,,,,6,,,,,
2026-09-04T03:35,2026-09-04T08:35,,,,6,61,13,223,77,4
2026-09-04T03:36,2026-09-04T08:36,7,0,137.1,6,,,,,
2026-09-04T03:37,2026-09-04T08:37,,,,6,,,,,
2026-09-04T03:38,2026-09-04T08:38,,,,6,,,,,
2026-09-04T03:39,2026-09-04T08:39,,,,6,,,,,
2026-09-04T03:41,2026-09-04T08:41,7,0,139.8,6,66,13,223,83,3
2026-09-04T03:41,2026-09-04T08:41,,,,6,,,,,
2026-09-04T03:42,2026-09-04T08:42,,,,7,,,,,
2026-09-04T03:43,2026-09-04T08:43,,,,7,,,,,
2026-09-04T03:45,2026-09-04T08:45,7,0,136.3,7,,,,,
2026-09-04T03:45,2026-09-04T08:45,,,,7,66,15,224,90,2
2026-09-04T03:47,2026-09-04T08:47,,,,7,,,,,
2026-09-04T03:48,2026-09-04T08:48,,,,6,,,,,
2026-09-04T03:49,2026-09-04T08:49,7,0,134.2,6,,,,,
2026-09-04T03:50,2026-09-04T08:50,,,,6,,,,,
2026-09-04T03:51,2026-09-04T08:51,,,,6,66,15,224,89,2
2026-09-04T03:52,2026-09-04T08:52,,,,6,,,,,
2026-09-04T03:53,2026-09-04T08:53,7,0,137.0,6,,,,,
2026-09-04T03:54,2026-09-04T08:54,,,,6,,,,,
2026-09-04T03:55,2026-09-04T08:55,,,,6,,,,,
2026-09-04T03:56,2026-09-04T08:56,,,,6,66,15,224,92,2
2026-09-04T03:57,2026-09-04T08:57,7,0,132.4,6,,,,,
2026-09-04T03:58,2026-09-04T08:58,,,,6,,,,,
2026-09-04T03:59,2026-09-04T08:59,,,,6,,,,,
2026-09-04T04:00,2026-09-04T09:00,,,,6,,,,,
2026-09-04T04:01,2026-09-04T09:01,7,0,136.3,6,66,16,225,92,5
2026-09-04T04:02,2026-09-04T09:02,,,,6,,,,,
2026-09-04T04:03,2026-09-04T09:03,,,,6,,,,,
2026-09-04T04:04,2026-09-04T09:04,,,,6,,,,,
2026-09-04T04:05,2026-09-04T09:05,7,0,133.5,6,,,,,
2026-09-04T04:06,2026-09-04T09:06,,,,6,69,17,225,93,5
2026-09-04T04:07,2026-09-04T09:07,,,,6,,,,,
2026-09-04T04:08,2026-09-04T09:08,,,,6,,,,,
2026-09-04T04:09,2026-09-04T09:09,6,0,132.9,6,,,,,
2026-09-04T04:10,2026-09-04T09:10,,,,6,,,,,
2026-09-04T04:11,2026-09-04T09:11,,,,6,72,17,225,99,5
2026-09-04T04:13,2026-09-04T09:13,,,,6,,,,,
2026-09-04T04:14,2026-09-04T09:14,6,0,127.7,6,,,,,
2026-09-04T04:15,2026-09-04T09:15,,,,5,,,,,
2026-09-04T04:16,2026-09-04T09:16,,,,5,,,,,
2026-09-04T04:17,2026-09-04T09:17,,,,5,72,17,225,102,5
2026-09-04T04:18,2026-09-04T09:18,6,0,128.6,5,,,,,
2026-09-04T04:18,2026-09-04T09:18,,,,5,,,,,
2026-09-04T04:19,2026-09-04T09:19,,,,5,,,,,
2026-09-04T04:21,2026-09-04T09:21,,,,5,,,,,
2026-09-04T04:21,2026-09-04T09:21,6,0,128.6,5,75,16,225,103,5
2026-09-04T04:22,2026-09-04T09:22,,,,5,,,,,
2026-09-04T04:23,2026-09-04T09:23,,,,5,,,,,
2026-09-04T04:24,2026-09-04T09:24,,,,5,,,,,
2026-09-04T04:25,2026-09-04T09:25,6,0,125.8,5,,,,,
2026-09-04T04:26,2026-09-04T09:26,,,,5,77,18,225,107,5
2026-09-04T04:27,2026-09-04T09:27,,,,5,,,,,
2026-09-04T04:28,2026-09-04T09:28,,,,5,,,,,
2026-09-04T04:29,2026-09-04T09:29,6,0,126.0,5,,,,,
2026-09-04T04:30,2026-09-04T09:30,5,0,122.3,5,75,17,225,105,4
2026-09-04T04:31,2026-09-04T09:31,,,,5,,,,,
2026-09-04T04:32,2026-09-04T09:32,,,,5,,,,,
2026-09-04T04:34,2026-09-04T09:34,,,,5,,,,,
2026-09-04T04:35,2026-09-04T09:35,6,0,124.0,5,,,,,
2026-09-04T04:36,2026-09-04T09:36,,,,5,78,18,225,102,4
2026-09-04T04:37,2026-09-04T09:37,,,,5,,,,,
2026-09-04T04:38,2026-09-04T09:38,,,,5,,,,,
2026-09-04T04:39,2026-09-04T09:39,6,0,119.2,5,,,,,
2026-09-04T04:40,2026-09-04T09:40,,,,5,,,,,
2026-09-04T04:41,2026-09-04T09:41,,,,5,78,18,225,101,4
2026-09-04T04:42,2026-09-04T09:42,,,,5,,,,,
2026-09-04T04:43,2026-09-04T09:43,5,0,118.7,5,,,,,
2026-09-04T04:44,2026-09-04T09:44,,,,5,,,,,
2026-09-04T04:45,2026-09-04T09:45,,,,5,,,,,
2026-09-04T04:46,2026-09-04T09:46,,,,5,83,18,225,96,4
2026-09-04T04:47,2026-09-04T09:47,5,0,116.8,5,,,,,
2026-09-04T04:48,2026-09-04T09:48,,,,5,,,,,
2026-09-04T04:49,2026-09-04T09:49,,,,5,,,,,
2026-09-04T04:50,2026-09-04T09:50,,,,5,,,,,
2026-09-04T04:51,2026-09-04T09:51,5,0,113.9,5,79,17,225,91,3
2026-09-04T04:52,2026-09-04T09:52,,,,5,,,,,
2026-09-04T04:53,2026-09-04T09:53,,,,5,,,,,
2026-09-04T04:54,2026-09-04T09:54,,,,5,,,,,
2026-09-04T04:55,2026-09-04T09:55,5,0,110.0,5,,,,,
2026-09-04T04:56,2026-09-04T09:56,,,,5,79,16,225,83,3
2026-09-04T04:56,2026-09-04T09:56,,,,5,,,,,
2026-09-04T04:58,2026-09-04T09:58,,,,5,,,,,
2026-09-04T04:59,2026-09-04T09:59,5,0,117.2,5,,,,,
2026-09-04T05:00,2026-09-04T10:00,,,,5,,,,,
2026-09-04T05:01,2026-09-04T10:01,,,,5,76,16,225,84,3
2026-09-04T05:02,2026-09-04T10:02,,,,5,,,,,
2026-09-04T05:03,2026-09-04T10:03,5,0,114.3,5,,,,,
2026-09-04T05:04,2026-09-04T10:04,,,,5,,,,,
2026-09-04T05:05,2026-09-04T10:05,,,,5,,,,,
2026-09-04T05:06,2026-09-04T10:06,,,,5,71,17,226,78,3
2026-09-04T05:07,2026-09-04T10:07,5,0,111.5,5,,,,,
2026-09-04T05:08,2026-09-04T10:08,,,,5,,,,,
2026-09-04T05:09,2026-09-04T10:09,,,,4,,,,,
2026-09-04T05:10,2026-09-04T10:10,,,,4,,,,,
2026-09-04T05:11,2026-09-04T10:11,5,0,109.7,4,72,17,226,75,3
2026-09-04T05:12,2026-09-04T10:12,,,,4,,,,,
2026-09-04T05:14,2026-09-04T10:14,,,,4,,,,,
2026-09-04T05:14,2026-09-04T10:14,,,,4,,,,,
2026-09-04T05:15,2026-09-04T10:15,5,0,111.8,4,,,,,
2026-09-04T05:16,2026-09-04T10:16,,,,4,74,17,226,75,3
2026-09-04T05:17,2026-09-04T10:17,,,,4,,,,,
2026-09-04T05:18,2026-09-04T10:18,,,,4,,,,,
2026-09-04T05:19,2026-09-04T10:19,5,0,102.7,4,,,,,
2026-09-04T05:20,2026-09-04T10:20,,,,4,,,,,
2026-09-04T05:21,2026-09-04T10:21,,,,4,82,18,226,72,4
2026-09-04T05:22,2026-09-04T10:22,,,,4,,,,,
2026-09-04T05:23,2026-09-04T10:23,4,0,102.3,4,,,,,
2026-09-04T05:24,2026-09-04T10:24,,,,4,,,,,
2026-09-04T05:25,2026-09-04T10:25,,,,4,,,,,
2026-09-04T05:26,2026-09-04T10:26,,,,4,87,18,226,70,6
2026-09-04T05:27,2026-09-04T10:27,4,0,101.6,4,,,,,
2026-09-04T05:28,2026-09-04T10:28,,,,4,,,,,
2026-09-04T05:29,2026-09-04T10:29,,,,4,,,,,
2026-09-04T05:30,2026-09-04T10:30,,,,4,,,,,
2026-09-04T05:31,2026-09-04T10:31,4,0,100.3,4,83,19,226,67,3
2026-09-04T05:32,2026-09-04T10:32,,,,4,,,,,
2026-09-04T05:33,2026-09-04T10:33,,,,4,,,,,
2026-09-04T05:34,2026-09-04T10:34,,,,4,,,,,
2026-09-04T05:35,2026-09-04T10:35,4,0,,4,,,,,
2026-09-04T05:36,2026-09-04T10:36,,,,4,82,18,226,62,3
2026-09-04T05:37,2026-09-04T10:37,,,,4,,,,,
2026-09-04T05:38,2026-09-04T10:38,,,,4,,,,,
2026-09-04T05:40,2026-09-04T10:40,4,0,108.1,4,,,,,
2026-09-04T05:41,2026-09-04T10:41,,,,4,,,,,
2026-09-04T05:42,2026-09-04T10:42,,,,4,84,18,226,56,3
2026-09-04T05:43,2026-09-04T10:43,,,,4,,,,,
2026-09-04T05:44,2026-09-04T10:44,4,0,108.0,4,,,,,
2026-09-04T05:45,2026-09-04T10:45,,,,4,,,,,
2026-09-04T05:46,2026-09-04T10:46,,,,4,,,,,
2026-09-04T05:46,2026-09-04T10:46,,,,4,83,18,226,55,3
2026-09-04T05:47,2026-09-04T10:47,4,0,106.0,4,,,,,
2026-09-04T05:48,2026-09-04T10:48,,,,4,,,,,
2026-09-04T05:49,2026-09-04T10:49,,,,4,,,,,
2026-09-04T05:50,2026-09-04T10:50,,,,4,,,,,
2026-09-04T05:51,2026-09-04T10:51,4,0,101.2,4,87,20,232,53,3
2026-09-04T05:52,2026-09-04T10:52,,,,4,,,,,
2026-09-04T05:53,2026-09-04T10:53,,,,4,,,,,
2026-09-04T05:54,2026-09-04T10:54,,,,4,,,,,
2026-09-04T05:55,2026-09-04T10:55,4,0,103.8,4,,,,,
2026-09-04T05:56,2026-09-04T10:56,,,,4,91,19,232,47,3
2026-09-04T05:57,2026-09-04T10:57,,,,4,,,,,
2026-09-04T05:58,2026-09-04T10:58,,,,4,,,,,
2026-09-04T05:59,2026-09-04T10:59,4,0,102.7,4,,,,,
2026-09-04T06:00,2026-09-04T11:00,,,,4,,,,,
2026-09-04T06:01,2026-09-04T11:01,,,,4,91,19,233,47,3
2026-09-04T06:02,2026-09-04T11:02,,,,4,,,,,
2026-09-04T06:03,2026-09-04T11:03,4,0,104.1,4,,,,,
2026-09-04T06:04,2026-09-04T11:04,,,,4,,,,,
2026-09-04T06:05,2026-09-04T11:05,,,,4,,,,,
2026-09-04T06:06,2026-09-04T11:06,,,,4,87,20,233,48,3
2026-09-04T06:07,2026-09-04T11:07,4,0,102.6,4,,,,,
2026-09-04T06:08,2026-09-04T11:08,,,,4,,,,,
2026-09-04T06:09,2026-09-04T11:09,,,,4,,,,,
2026-09-04T06:10,2026-09-04T11:10,,,,4,,,,,
2026-09-04T06:11,2026-09-04T11:11,4,0,,4,86,20,236,46,3
2026-09-04T06:12,2026-09-04T11:12,,,,4,,,,,
2026-09-04T06:13,2026-09-04T11:13,,,,4,,,,,
2026-09-04T06:15,2026-09-04T11:15,,,,4,,,,,
2026-09-04T06:16,2026-09-04T11:16,4,0,100.2,4,,,,,
2026-09-04T06:17,2026-09-04T11:17,,,,4,84,21,235,47,3
2026-09-04T06:18,2026-09-04T11:18,,,,4,,,,,
2026-09-04T06:19,2026-09-04T11:19,,,,4,,,,,
2026-09-04T06:20,2026-09-04T11:20,4,0,,4,,,,,
2026-09-04T06:21,2026-09-04T11:21,,,,4,,,,,
2026-09-04T06:22,2026-09-04T11:22,,,,4,86,20,236,50,3
2026-09-04T06:23,2026-09-04T11:23,,,,4,,,,,
2026-09-04T06:24,2026-09-04T11:24,4,0,100.7,4,,,,,
2026-09-04T06:25,2026-09-04T11:25,,,,4,,,,,
2026-09-04T06:26,2026-09-04T11:26,,,,4,,,,,
2026-09-04T06:27,2026-09-04T11:27,,,,4,87,18,236,51,3
2026-09-04T06:28,2026-09-04T11:28,4,0,,4,,,,,
2026-09-04T06:29,2026-09-04T11:29,,,,4,,,,,
2026-09-04T06:30,2026-09-04T11:30,,,,4,,,,,
2026-09-04T06:31,2026-09-04T11:31,,,,4,,,,,
2026-09-04T06:32,2026-09-04T11:32,4,0,100.2,4,89,19,239,53,3
2026-09-04T06:33,2026-09-04T11:33,,,,4,,,,,
2026-09-04T06:34,2026-09-04T11:34,,,,4,,,,,
2026-09-04T06:35,2026-09-04T11:35,,,,4,,,,,
2026-09-04T06:36,2026-09-04T11:36,4,0,,4,,,,,
2026-09-04T06:37,2026-09-04T11:37,,,,4,89,18,239,53,3
2026-09-04T06:38,2026-09-04T11:38,,,,4,,,,,
2026-09-04T06:39,2026-09-04T11:39,,,,4,,,,,
2026-09-04T06:40,2026-09-04T11:40,4,0,,4,,,,,
2026-09-04T06:41,2026-09-04T11:41,,,,4,,,,,
2026-09-04T06:42,2026-09-04T11:42,,,,4,82,17,239,55,3
2026-09-04T06:43,2026-09-04T11:43,,,,4,,,,,
2026-09-04T06:44,2026-09-04T11:44,4,0,,4,,,,,
2026-09-04T06:45,2026-09-04T11:45,,,,4,,,,,
2026-09-04T06:46,2026-09-04T11:46,,,,4,,,,,
2026-09-04T06:47,2026-09-04T11:47,,,,4,81,17,238,55,3
2026-09-04T06:48,2026-09-04T11:48,4,0,102.6,4,,,,,
2026-09-04T06:49,2026-09-04T11:49,,,,4,,,,,
2026-09-04T06:50,2026-09-04T11:50,,,,4,,,,,
2026-09-04T06:51,2026-09-04T11:51,,,,4,,,,,
2026-09-04T06:52,2026-09-04T11:52,4,0,99.5,4,78,17,238,53,2
2026-09-04T06:53,2026-09-04T11:53,,,,4,,,,,
2026-09-04T06:54,2026-09-04T11:54,,,,4,,,,,
2026-09-04T06:55,2026-09-04T11:55,,,,4,,,,,
2026-09-04T06:56,2026-09-04T11:56,4,0,97.8,4,,,,,
2026-09-04T06:57,2026-09-04T11:57,,,,4,76,18,238,53,0
2026-09-04T06:58,2026-09-04T11:58,,,,4,,,,,
2026-09-04T06:59,2026-09-04T11:59,,,,4,,,,,
2026-09-04T07:00,2026-09-04T12:00,4,0,106.6,4,,,,,
2026-09-04T07:01,2026-09-04T12:01,,,,4,,,,,
2026-09-04T07:02,2026-09-04T12:02,,,,4,81,17,237,53,0
2026-09-04T07:03,2026-09-04T12:03,,,,4,,,,,
2026-09-04T07:04,2026-09-04T12:04,4,0,107.0,4,,,,,
2026-09-04T07:05,2026-09-04T12:05,,,,4,,,,,
2026-09-04T07:06,2026-09-04T12:06,,,,4,,,,,
2026-09-04T07:07,2026-09-04T12:07,,,,4,79,16,237,56,0
2026-09-04T07:08,2026-09-04T12:08,4,0,101.2,4,,,,,
2026-09-04T07:09,2026-09-04T12:09,,,,4,,,,,
2026-09-04T07:10,2026-09-04T12:10,,,,4,,,,,
2026-09-04T07:11,2026-09-04T12:11,,,,4,,,,,
2026-09-04T07:12,2026-09-04T12:12,4,0,,4,81,16,237,54,0
2026-09-04T07:13,2026-09-04T12:13,,,,4,,,,,
2026-09-04T07:14,2026-09-04T12:14,,,,4,,,,,
2026-09-04T07:15,2026-09-04T12:15,,,,4,,,,,
2026-09-04T07:16,2026-09-04T12:16,4,0,104.2,4,,,,,
2026-09-04T07:17,2026-09-04T12:17,,,,4,77,16,237,52,0
2026-09-04T07:18,2026-09-04T12:18,,,,4,,,,,
2026-09-04T07:19,2026-09-04T12:19,,,,4,,,,,
2026-09-04T07:20,2026-09-04T12:20,4,0,100.5,4,,,,,
2026-09-04T07:21,2026-09-04T12:21,,,,4,,,,,
2026-09-04T07:22,2026-09-04T12:22,,,,4,70,15,237,51,0
2026-09-04T07:23,2026-09-04T12:23,,,,4,,,,,
2026-09-04T07:24,2026-09-04T12:24,4,0,101.3,4,,,,,
2026-09-04T07:25,2026-09-04T12:25,,,,4,,,,,
2026-09-04T07:26,2026-09-04T12:26,,,,4,,,,,
2026-09-04T07:27,2026-09-04T12:27,,,,4,70,15,235,50,0
2026-09-04T07:28,2026-09-04T12:28,4,0,102.8,4,,,,,
2026-09-04T07:29,2026-09-04T12:29,,,,4,,,,,
2026-09-04T07:30,2026-09-04T12:30,,,,4,,,,,
2026-09-04T07:31,2026-09-04T12:31,,,,4,,,,,
2026-09-04T07:32,2026-09-04T12:32,4,0,101.5,4,76,16,235,49,0
2026-09-04T07:33,2026-09-04T12:33,,,,4,,,,,
2026-09-04T07:34,2026-09-04T12:34,,,,4,,,,,
2026-09-04T07:36,2026-09-04T12:36,,,,4,,,,,
2026-09-04T07:37,2026-09-04T12:37,4,0,102.3,4,,,,,
2026-09-04T07:38,2026-09-04T12:38,,,,4,78,15,241,50,0
2026-09-04T07:39,2026-09-04T12:39,,,,4,,,,,
2026-09-04T07:39,2026-09-04T12:39,,,,4,,,,,
2026-09-04T07:40,2026-09-04T12:40,4,0,104.4,4,,,,,
2026-09-04T07:41,2026-09-04T12:41,,,,4,,,,,
2026-09-04T07:42,2026-09-04T12:42,,,,4,76,16,241,48,0
2026-09-04T07:43,2026-09-04T12:43,,,,5,,,,,
2026-09-04T07:45,2026-09-04T12:45,5,0,105.8,5,,,,,
2026-09-04T07:45,2026-09-04T12:45,,,,5,,,,,
2026-09-04T07:46,2026-09-04T12:46,,,,5,,,,,
2026-09-04T07:48,2026-09-04T12:48,,,,5,78,16,247,46,0
2026-09-04T07:48,2026-09-04T12:48,5,0,104.2,5,,,,,
2026-09-04T07:49,2026-09-04T12:49,,,,5,,,,,
2026-09-04T07:50,2026-09-04T12:50,,,,5,,,,,
2026-09-04T07:51,2026-09-04T12:51,,,,5,,,,,
2026-09-04T07:52,2026-09-04T12:52,5,0,104.3,5,80,16,247,46,0
2026-09-04T07:53,2026-09-04T12:53,,,,5,,,,,
2026-09-04T07:54,2026-09-04T12:54,,,,5,,,,,
2026-09-04T07:55,2026-09-04T12:55,,,,5,,,,,
2026-09-04T07:56,2026-09-04T12:56,5,0,100.5,5,,,,,
2026-09-04T07:57,2026-09-04T12:57,,,,5,80,17,248,44,0
2026-09-04T07:58,2026-09-04T12:58,,,,5,,,,,
2026-09-04T07:59,2026-09-04T12:59,,,,5,,,,,
2026-09-04T08:00,2026-09-04T13:00,5,0,,5,,,,,
2026-09-04T08:01,2026-09-04T13:01,,,,5,,,,,
2026-09-04T08:02,2026-09-04T13:02,,,,5,81,19,249,44,0
2026-09-04T08:03,2026-09-04T13:03,,,,5,,,,,
2026-09-04T08:04,2026-09-04T13:04,5,0,101.8,5,,,,,
2026-09-04T08:05,2026-09-04T13:05,,,,5,,,,,
2026-09-04T08:06,2026-09-04T13:06,,,,5,,,,,
2026-09-04T08:07,2026-09-04T13:07,,,,5,80,18,249,44,0
2026-09-04T08:08,2026-09-04T13:08,5,0,,5,,,,,
2026-09-04T08:09,2026-09-04T13:09,,,,5,,,,,
2026-09-04T08:10,2026-09-04T13:10,,,,5,,,,,
2026-09-04T08:11,2026-09-04T13:11,,,,5,,,,,
2026-09-04T08:12,2026-09-04T13:12,5,0,,5,84,18,249,43,0
2026-09-04T08:13,2026-09-04T13:13,,,,5,,,,,
2026-09-04T08:14,2026-09-04T13:14,,,,5,,,,,
2026-09-04T08:15,2026-09-04T13:15,,,,5,,,,,
2026-09-04T08:16,2026-09-04T13:16,5,0,,5,,,,,
2026-09-04T08:17,2026-09-04T13:17,,,,5,83,18,249,42,0
2026-09-04T08:18,2026-09-04T13:18,,,,5,,,,,
2026-09-04T08:19,2026-09-04T13:19,,,,5,,,,,
2026-09-04T08:20,2026-09-04T13:20,5,0,,5,,,,,
2026-09-04T08:21,2026-09-04T13:21,,,,5,,,,,
2026-09-04T08:22,2026-09-04T13:22,,,,5,86,18,249,43,0
2026-09-04T08:22,2026-09-04T13:22,,,,5,,,,,
2026-09-04T08:24,2026-09-04T13:24,5,0,,5,,,,,
2026-09-04T08:24,2026-09-04T13:24,,,,5,,,,,
2026-09-04T08:25,2026-09-04T13:25,,,,5,,,,,
2026-09-04T08:27,2026-09-04T13:27,,,,5,87,19,250,45,0
2026-09-04T08:28,2026-09-04T13:28,5,0,,5,,,,,
2026-09-04T08:29,2026-09-04T13:29,,,,5,,,,,
2026-09-04T08:30,2026-09-04T13:30,,,,5,,,,,
2026-09-04T08:31,2026-09-04T13:31,,,,5,,,,,
2026-09-04T08:32,2026-09-04T13:32,5,0,,5,86,18,250,48,0
2026-09-04T08:33,2026-09-04T13:33,,,,5,,,,,
2026-09-04T08:34,2026-09-04T13:34,,,,5,,,,,
2026-09-04T08:35,2026-09-04T13:35,,,,5,,,,,
2026-09-04T08:35,2026-09-04T13:35,5,0,,5,,,,,
2026-09-04T08:36,2026-09-04T13:36,,,,5,86,17,250,48,0
2026-09-04T08:38,2026-09-04T13:38,,,,5,,,,,
2026-09-04T08:39,2026-09-04T13:39,,,,5,,,,,
2026-09-04T08:40,2026-09-04T13:40,4,0,102.3,5,,,,,
2026-09-04T08:41,2026-09-04T13:41,,,,5,,,,,
2026-09-04T08:42,2026-09-04T13:42,,,,5,85,17,252,49,0
2026-09-04T08:43,2026-09-04T13:43,,,,5,,,,,
2026-09-04T08:44,2026-09-04T13:44,5,0,105.0,5,,,,,
2026-09-04T08:45,2026-09-04T13:45,,,,5,,,,,
2026-09-04T08:46,2026-09-04T13:46,,,,5,,,,,
2026-09-04T08:47,2026-09-04T13:47,,,,5,88,15,251,52,0
2026-09-04T08:48,2026-09-04T13:48,5,0,105.5,5,,,,,
2026-09-04T08:49,2026-09-04T13:49,,,,5,,,,,
2026-09-04T08:50,2026-09-04T13:50,,,,5,,,,,
2026-09-04T08:51,2026-09-04T13:51,,,,5,,,,,
2026-09-04T08:53,2026-09-04T13:53,5,0,109.3,5,89,16,251,52,0
2026-09-04T08:54,2026-09-04T13:54,,,,5,,,,,
2026-09-04T08:55,2026-09-04T13:55,,,,5,,,,,
2026-09-04T08:56,2026-09-04T13:56,,,,6,,,,,
2026-09-04T08:57,2026-09-04T13:57,6,0,109.1,6,,,,,
2026-09-04T08:58,2026-09-04T13:58,,,,6,90,16,251,56,0
2026-09-04T08:59,2026-09-04T13:59,,,,6,,,,,
2026-09-04T09:00,2026-09-04T14:00,,,,6,,,,,
2026-09-04T09:01,2026-09-04T14:01,6,0,112.9,6,,,,,
2026-09-04T09:02,2026-09-04T14:02,,,,6,,,,,
2026-09-04T09:03,2026-09-04T14:03,,,,6,94,17,246,53,0
2026-09-04T09:04,2026-09-04T14:04,,,,6,,,,,
2026-09-04T09:05,2026-09-04T14:05,6,0,112.1,6,,,,,
2026-09-04T09:06,2026-09-04T14:06,,,,6,,,,,
2026-09-04T09:07,2026-09-04T14:07,,,,6,,,,,
2026-09-04T09:08,2026-09-04T14:08,,,,5,90,17,246,55,0
2026-09-04T09:09,2026-09-04T14:09,6,0,111.2,5,,,,,
2026-09-04T09:10,2026-09-04T14:10,,,,5,,,,,
2026-09-04T09:11,2026-09-04T14:11,,,,5,,,,,
2026-09-04T09:12,2026-09-04T14:12,,,,5,,,,,
2026-09-04T09:13,2026-09-04T14:13,6,0,113.1,5,94,17,246,54,0
2026-09-04T09:14,2026-09-04T14:14,,,,5,,,,,
2026-09-04T09:15,2026-09-04T14:15,,,,5,,,,,
2026-09-04T09:16,2026-09-04T14:16,,,,5,,,,,
2026-09-04T09:17,2026-09-04T14:17,6,0,113.8,5,,,,,
2026-09-04T09:18,2026-09-04T14:18,,,,5,99,18,246,54,0
2026-09-04T09:19,2026-09-04T14:19,,,,5,,,,,
2026-09-04T09:20,2026-09-04T14:20,,,,5,,,,,
2026-09-04T09:21,2026-09-04T14:21,6,0,110.0,5,,,,,
2026-09-04T09:22,2026-09-04T14:22,,,,5,,,,,
2026-09-04T09:23,2026-09-04T14:23,,,,5,99,19,246,58,1
2026-09-04T09:24,2026-09-04T14:24,,,,5,,,,,
2026-09-04T09:26,2026-09-04T14:26,5,0,110.9,5,,,,,
2026-09-04T09:27,2026-09-04T14:27,,,,5,,,,,
2026-09-04T09:28,2026-09-04T14:28,,,,5,,,,,
2026-09-04T09:29,2026-09-04T14:29,,,,5,105,18,246,60,1
2026-09-04T09:30,2026-09-04T14:30,5,0,110.4,5,,,,,
2026-09-04T09:31,2026-09-04T14:31,,,,5,,,,,
2026-09-04T09:32,2026-09-04T14:32,,,,5,,,,,
2026-09-04T09:33,2026-09-04T14:33,,,,5,,,,,
2026-09-04T09:34,2026-09-04T14:34,5,0,109.7,5,107,18,245,61,1
2026-09-04T09:35,2026-09-04T14:35,,,,5,,,,,
2026-09-04T09:36,2026-09-04T14:36,,,,5,,,,,
2026-09-04T09:37,2026-09-04T14:37,,,,5,,,,,
2026-09-04T09:38,2026-09-04T14:38,5,0,112.8,5,,,,,
2026-09-04T09:39,2026-09-04T14:39,,,,5,109,19,246,62,1
2026-09-04T09:40,2026-09-04T14:40,,,,5,,,,,
2026-09-04T09:40,2026-09-04T14:40,,,,5,,,,,
2026-09-04T09:42,2026-09-04T14:42,5,0,108.3,5,,,,,
2026-09-04T09:43,2026-09-04T14:43,,,,5,,,,,
2026-09-04T09:43,2026-09-04T14:43,,,,5,115,22,245,61,1
2026-09-04T09:45,2026-09-04T14:45,,,,5,,,,,
2026-09-04T09:46,2026-09-04T14:46,5,0,112.8,5,,,,,
2026-09-04T09:47,2026-09-04T14:47,,,,5,,,,,
2026-09-04T09:48,2026-09-04T14:48,,,,5,,,,,
2026-09-04T09:49,2026-09-04T14:49,,,,5,117,23,246,62,1
2026-09-04T09:50,2026-09-04T14:50,5,0,116.4,5,,,,,
2026-09-04T09:51,2026-09-04T14:51,,,,5,,,,,
2026-09-04T09:52,2026-09-04T14:52,,,,5,,,,,
2026-09-04T09:53,2026-09-04T14:53,,,,5,,,,,
2026-09-04T09:54,2026-09-04T14:54,5,0,112.5,5,108,23,246,62,1
2026-09-04T09:54,2026-09-04T14:54,,,,5,,,,,
2026-09-04T09:55,2026-09-04T14:55,,,,5,,,,,
2026-09-04T09:56,2026-09-04T14:56,,,,5,,,,,
2026-09-04T09:57,2026-09-04T14:57,5,0,115.1,5,,,,,
2026-09-04T09:59,2026-09-04T14:59,,,,5,111,22,246,62,1
2026-09-04T10:00,2026-09-04T15:00,,,,5,,,,,
2026-09-04T10:01,2026-09-04T15:01,,,,5,,,,,
2026-09-04T10:02,2026-09-04T15:02,5,0,116.4,5,,,,,
2026-09-04T10:03,2026-09-04T15:03,,,,5,,,,,
2026-09-04T10:04,2026-09-04T15:04,,,,5,110,23,248,63,1
2026-09-04T10:05,2026-09-04T15:05,,,,5,,,,,
2026-09-04T10:06,2026-09-04T15:06,5,0,120.7,5,,,,,
2026-09-04T10:07,2026-09-04T15:07,,,,5,,,,,
2026-09-04T10:08,2026-09-04T15:08,,,,5,,,,,
2026-09-04T10:09,2026-09-04T15:09,,,,5,113,23,248,63,1
2026-09-04T10:10,2026-09-04T15:10,5,0,123.2,5,,,,,
2026-09-04T10:11,2026-09-04T15:11,5,0,118.7,5,114,24,248,63,1
2026-09-04T10:12,2026-09-04T15:12,,,,5,,,,,
2026-09-04T10:13,2026-09-04T15:13,,,,5,,,,,
2026-09-04T10:14,2026-09-04T15:14,,,,5,,,,,
2026-09-04T10:15,2026-09-04T15:15,5,0,121.8,5,,,,,
2026-09-04T10:16,2026-09-04T15:16,,,,5,111,24,248,64,1
2026-09-04T10:17,2026-09-04T15:17,,,,5,,,,,
2026-09-04T10:18,2026-09-04T15:18,,,,5,,,,,
2026-09-04T10:19,2026-09-04T15:19,5,0,120.5,5,,,,,
2026-09-04T10:20,2026-09-04T15:20,,,,5,,,,,
2026-09-04T10:21,2026-09-04T15:21,,,,5,110,26,248,62,1
2026-09-04T10:22,2026-09-04T15:22,,,,5,,,,,
2026-09-04T10:23,2026-09-04T15:23,5,0,113.2,5,,,,,
2026-09-04T10:24,2026-09-04T15:24,,,,5,,,,,
2026-09-04T10:25,2026-09-04T15:25,,,,5,,,,,
2026-09-04T10:26,2026-09-04T15:26,,,,5,113,26,251,62,1
2026-09-04T10:27,2026-09-04T15:27,5,0,115.8,5,,,,,
2026-09-04T10:28,2026-09-04T15:28,,,,5,,,,,
2026-09-04T10:29,2026-09-04T15:29,,,,5,,,,,
2026-09-04T10:30,2026-09-04T15:30,,,,5,,,,,
2026-09-04T10:31,2026-09-04T15:31,5,0,118.9,5,115,26,251,63,1
2026-09-04T10:32,2026-09-04T15:32,,,,5,,,,,
2026-09-04T10:33,2026-09-04T15:33,,,,5,,,,,
2026-09-04T10:34,2026-09-04T15:34,,,,5,,,,,
2026-09-04T10:35,2026-09-04T15:35,5,0,117.2,5,,,,,
2026-09-04T10:36,2026-09-04T15:36,,,,5,115,27,254,62,1
2026-09-04T10:37,2026-09-04T15:37,,,,5,,,,,
2026-09-04T10:38,2026-09-04T15:38,,,,5,,,,,
2026-09-04T10:39,2026-09-04T15:39,6,0,120.3,5,,,,,
2026-09-04T10:40,2026-09-04T15:40,,,,5,,,,,
2026-09-04T10:41,2026-09-04T15:41,,,,5,116,27,254,63,1
2026-09-04T10:42,2026-09-04T15:42,,,,5,,,,,
2026-09-04T10:43,2026-09-04T15:43,6,0,122.5,5,,,,,
2026-09-04T10:44,2026-09-04T15:44,,,,5,,,,,
2026-09-04T10:45,2026-09-04T15:45,,,,5,,,,,
2026-09-04T10:46,2026-09-04T15:46,,,,5,112,29,253,64,1
2026-09-04T10:47,2026-09-04T15:47,6,0,116.8,5,,,,,
2026-09-04T10:48,2026-09-04T15:48,,,,5,,,,,
2026-09-04T10:49,2026-09-04T15:49,,,,5,,,,,
2026-09-04T10:50,2026-09-04T15:50,,,,5,,,,,
2026-09-04T10:50,2026-09-04T15:50,6,0,115.2,5,106,30,252,65,0
2026-09-04T10:52,2026-09-04T15:52,,,,5,,,,,
2026-09-04T10:53,2026-09-04T15:53,,,,5,,,,,
2026-09-04T10:54,2026-09-04T15:54,,,,5,,,,,
2026-09-04T10:55,2026-09-04T15:55,6,0,114.8,5,,,,,
2026-09-04T10:56,2026-09-04T15:56,,,,5,102,29,252,65,0
2026-09-04T10:57,2026-09-04T15:57,,,,5,,,,,
2026-09-04T10:58,2026-09-04T15:58,,,,5,,,,,
2026-09-04T10:59,2026-09-04T15:59,6,0,115.3,5,,,,,
2026-09-04T11:00,2026-09-04T16:00,,,,5,,,,,
2026-09-04T11:01,2026-09-04T16:01,,,,5,101,30,251,68,0
2026-09-04T11:02,2026-09-04T16:02,,,,5,,,,,
2026-09-04T11:03,2026-09-04T16:03,6,0,114.1,5,,,,,
2026-09-04T11:04,2026-09-04T16:04,,,,5,,,,,
2026-09-04T11:05,2026-09-04T16:05,,,,6,,,,,
2026-09-04T11:06,2026-09-04T16:06,,,,6,107,31,252,68,0
2026-09-04T11:07,2026-09-04T16:07,6,0,114.6,6,,,,,
2026-09-04T11:08,2026-09-04T16:08,,,,6,,,,,
2026-09-04T11:09,2026-09-04T16:09,,,,6,,,,,
2026-09-04T11:10,2026-09-04T16:10,,,,6,,,,,
2026-09-04T11:11,2026-09-04T16:11,6,0,117.0,6,108,33,252,71,1
2026-09-04T11:12,2026-09-04T16:12,,,,6,,,,,
2026-09-04T11:13,2026-09-04T16:13,,,,6,,,,,
2026-09-04T11:14,2026-09-04T16:14,,,,6,,,,,
2026-09-04T11:15,2026-09-04T16:15,6,0,118.7,6,,,,,
2026-09-04T11:16,2026-09-04T16:16,,,,6,98,33,252,68,1
2026-09-04T11:17,2026-09-04T16:17,,,,6,,,,,
2026-09-04T11:18,2026-09-04T16:18,,,,6,,,,,
2026-09-04T11:19,2026-09-04T16:19,6,0,120.1,6,,,,,
2026-09-04T11:20,2026-09-04T16:20,,,,6,,,,,
2026-09-04T11:21,2026-09-04T16:21,,,,6,95,32,252,68,1
2026-09-04T11:22,2026-09-04T16:22,,,,6,,,,,
2026-09-04T11:23,2026-09-04T16:23,6,0,122.4,6,,,,,
2026-09-04T11:24,2026-09-04T16:24,,,,6,,,,,
2026-09-04T11:25,2026-09-04T16:25,,,,6,,,,,
2026-09-04T11:26,2026-09-04T16:26,,,,6,94,31,251,71,1
2026-09-04T11:27,2026-09-04T16:27,6,0,119.5,6,,,,,
2026-09-04T11:28,2026-09-04T16:28,,,,6,,,,,
2026-09-04T11:29,2026-09-04T16:29,,,,6,,,,,
2026-09-04T11:31,2026-09-04T16:31,,,,6,,,,,
2026-09-04T11:32,2026-09-04T16:32,6,0,118.6,6,87,31,251,71,1
2026-09-04T11:33,2026-09-04T16:33,,,,6,,,,,
2026-09-04T11:34,2026-09-04T16:34,,,,6,,,,,
2026-09-04T11:35,2026-09-04T16:35,,,,6,,,,,
2026-09-04T11:36,2026-09-04T16:36,6,0,126.2,6,,,,,
2026-09-04T11:37,2026-09-04T16:37,,,,6,89,31,252,70,1
2026-09-04T11:38,2026-09-04T16:38,,,,6,,,,,
2026-09-04T11:39,2026-09-04T16:39,,,,6,,,,,
2026-09-04T11:40,2026-09-04T16:40,6,0,126.7,6,,,,,
2026-09-04T11:41,2026-09-04T16:41,,,,6,,,,,
2026-09-04T11:42,2026-09-04T16:42,,,,6,88,32,253,70,2
2026-09-04T11:42,2026-09-04T16:42,,,,6,,,,,
2026-09-04T11:44,2026-09-04T16:44,7,0,129.1,6,,,,,
2026-09-04T11:45,2026-09-04T16:45,,,,6,,,,,
2026-09-04T11:46,2026-09-04T16:46,,,,6,,,,,
2026-09-04T11:47,2026-09-04T16:47,,,,6,88,33,253,72,2
2026-09-04T11:48,2026-09-04T16:48,7,0,129.2,6,,,,,
2026-09-04T11:48,2026-09-04T16:48,,,,6,,,,,
2026-09-04T11:50,2026-09-04T16:50,,,,6,,,,,
2026-09-04T11:51,2026-09-04T16:51,,,,6,,,,,
2026-09-04T11:52,2026-09-04T16:52,7,0,133.2,6,91,34,253,80,2
2026-09-04T11:53,2026-09-04T16:53,,,,6,,,,,
2026-09-04T11:54,2026-09-04T16:54,,,,6,,,,,
2026-09-04T11:55,2026-09-04T16:55,,,,6,,,,,
2026-09-04T11:56,2026-09-04T16:56,7,0,129.3,6,,,,,
2026-09-04T11:57,2026-09-04T16:57,,,,6,86,37,254,82,2
2026-09-04T11:57,2026-09-04T16:57,,,,6,,,,,
2026-09-04T11:59,2026-09-04T16:59,,,,6,,,,,
2026-09-04T12:00,2026-09-04T17:00,7,0,132.2,6,,,,,
2026-09-04T12:01,2026-09-04T17:01,,,,6,,,,,
2026-09-04T12:02,2026-09-04T17:02,,,,6,87,35,256,82,2
2026-09-04T12:03,2026-09-04T17:03,,,,6,,,,,
2026-09-04T12:04,2026-09-04T17:04,7,0,131.4,6,,,,,
2026-09-04T12:05,2026-09-04T17:05,,,,6,,,,,
2026-09-04T12:06,2026-09-04T17:06,,,,6,,,,,
2026-09-04T12:07,2026-09-04T17:07,,,,7,84,35,258,85,2
2026-09-04T12:08,2026-09-04T17:08,7,0,130.3,7,,,,,
2026-09-04T12:08,2026-09-04T17:08,,,,7,,,,,
2026-09-04T12:09,2026-09-04T17:09,,,,7,,,,,
2026-09-04T12:10,2026-09-04T17:10,,,,7,,,,,
2026-09-04T12:11,2026-09-04T17:11,7,0,136.6,7,86,35,259,85,2
2026-09-04T12:12,2026-09-04T17:12,,,,7,,,,,
2026-09-04T12:14,2026-09-04T17:14,,,,8,,,,,
2026-09-04T12:15,2026-09-04T17:15,,,,8,,,,,
2026-09-04T12:16,2026-09-04T17:16,7,0,142.3,8,,,,,
2026-09-04T12:17,2026-09-04T17:17,,,,8,89,35,259,91,3
2026-09-04T12:18,2026-09-04T17:18,,,,8,,,,,
2026-09-04T12:19,2026-09-04T17:19,,,,8,,,,,
2026-09-04T12:20,2026-09-04T17:20,8,0,151.8,8,,,,,
2026-09-04T12:21,2026-09-04T17:21,,,,8,,,,,
2026-09-04T12:21,2026-09-04T17:21,,,,8,92,32,262,92,3
2026-09-04T12:22,2026-09-04T17:22,,,,8,,,,,
2026-09-04T12:23,2026-09-04T17:23,8,0,152.0,9,,,,,
2026-09-04T12:24,2026-09-04T17:24,,,,9,,,,,
2026-09-04T12:25,2026-09-04T17:25,,,,9,,,,,
2026-09-04T12:26,2026-09-04T17:26,,,,9,94,32,264,96,3
2026-09-04T12:27,2026-09-04T17:27,8,0,155.5,9,,,,,
2026-09-04T12:28,2026-09-04T17:28,,,,9,,,,,
2026-09-04T12:29,2026-09-04T17:29,,,,9,,,,,
2026-09-04T12:29,2026-09-04T17:29,,,,9,,,,,
2026-09-04T12:31,2026-09-04T17:31,8,0,155.2,9,94,37,268,100,3
2026-09-04T12:31,2026-09-04T17:31,,,,9,,,,,
2026-09-04T12:33,2026-09-04T17:33,,,,9,,,,,
2026-09-04T12:33,2026-09-04T17:33,,,,9,,,,,
2026-09-04T12:34,2026-09-04T17:34,8,0,157.5,9,,,,,
2026-09-04T12:35,2026-09-04T17:35,,,,9,88,40,269,99,3
2026-09-04T12:36,2026-09-04T17:36,,,,9,,,,,
2026-09-04T12:37,2026-09-04T17:37,,,,9,,,,,
2026-09-04T12:38,2026-09-04T17:38,8,0,160.9,9,,,,,
2026-09-04T12:39,2026-09-04T17:39,,,,9,,,,,
2026-09-04T12:40,2026-09-04T17:40,,,,9,88,40,270,98,3
2026-09-04T12:41,2026-09-04T17:41,,,,9,,,,,
2026-09-04T12:43,2026-09-04T17:43,8,0,160.7,9,,,,,
2026-09-04T12:44,2026-09-04T17:44,,,,9,,,,,
2026-09-04T12:45,2026-09-04T17:45,,,,9,,,,,
2026-09-04T12:46,2026-09-04T17:46,,,,9,91,39,272,100,3
2026-09-04T12:46,2026-09-04T17:46,7,0,162.8,9,,,,,
2026-09-04T12:47,2026-09-04T17:47,,,,9,,,,,
2026-09-04T12:48,2026-09-04T17:48,,,,9,,,,,
2026-09-04T12:49,2026-09-04T17:49,,,,9,,,,,
2026-09-04T12:50,2026-09-04T17:50,7,0,165.3,9,103,42,272,100,3
2026-09-04T12:51,2026-09-04T17:51,,,,9,,,,,
2026-09-04T12:52,2026-09-04T17:52,,,,9,,,,,
2026-09-04T12:53,2026-09-04T17:53,,,,9,,,,,
2026-09-04T12:54,2026-09-04T17:54,7,0,165.2,9,,,,,
2026-09-04T12:55,2026-09-04T17:55,,,,9,101,43,273,101,3
2026-09-04T12:56,2026-09-04T17:56,,,,9,,,,,
2026-09-04T12:57,2026-09-04T17:57,,,,9,,,,,
2026-09-04T12:58,2026-09-04T17:58,7,0,162.9,9,,,,,
2026-09-04T12:59,2026-09-04T17:59,,,,9,,,,,
2026-09-04T13:00,2026-09-04T18:00,,,,9,104,44,274,99,4
2026-09-04T13:01,2026-09-04T18:01,,,,9,,,,,
2026-09-04T13:02,2026-09-04T18:02,7,0,157.5,9,,,,,
2026-09-04T13:03,2026-09-04T18:03,,,,9,,,,,
2026-09-04T13:04,2026-09-04T18:04,,,,9,,,,,
2026-09-04T13:05,2026-09-04T18:05,,,,9,103,45,274,99,4
2026-09-04T13:06,2026-09-04T18:06,7,0,158.9,9,,,,,
2026-09-04T13:07,2026-09-04T18:07,,,,9,,,,,
2026-09-04T13:08,2026-09-04T18:08,,,,9,,,,,
2026-09-04T13:09,2026-09-04T18:09,,,,9,,,,,
2026-09-04T13:10,2026-09-04T18:10,7,0,167.1,9,105,43,275,104,4
2026-09-04T13:11,2026-09-04T18:11,,,,9,,,,,
2026-09-04T13:13,2026-09-04T18:13,,,,9,,,,,
2026-09-04T13:14,2026-09-04T18:14,,,,9,,,,,
2026-09-04T13:15,2026-09-04T18:15,8,0,169.8,9,,,,,
2026-09-04T13:16,2026-09-04T18:16,,,,9,106,45,280,109,3
2026-09-04T13:16,2026-09-04T18:16,,,,9,,,,,
2026-09-04T13:17,2026-09-04T18:17,,,,9,,,,,
2026-09-04T13:18,2026-09-04T18:18,8,0,172.9,9,,,,,
2026-09-04T13:19,2026-09-04T18:19,,,,9,,,,,
2026-09-04T13:20,2026-09-04T18:20,,,,9,110,45,280,110,3
2026-09-04T13:21,2026-09-04T18:21,,,,9,,,,,
2026-09-04T13:22,2026-09-04T18:22,8,0,175.3,9,,,,,
2026-09-04T13:23,2026-09-04T18:23,,,,9,,,,,
2026-09-04T13:25,2026-09-04T18:25,,,,9,,,,,
2026-09-04T13:26,2026-09-04T18:26,,,,9,107,45,290,116,3
2026-09-04T13:26,2026-09-04T18:26,8,0,175.2,9,,,,,
2026-09-04T13:28,2026-09-04T18:28,,,,9,,,,,
2026-09-04T13:28,2026-09-04T18:28,,,,9,,,,,
2026-09-04T13:29,2026-09-04T18:29,,,,9,,,,,
2026-09-04T13:31,2026-09-04T18:31,8,0,180.1,9,107,45,291,119,2
2026-09-04T13:32,2026-09-04T18:32,,,,9,,,,,
2026-09-04T13:33,2026-09-04T18:33,,,,9,,,,,
2026-09-04T13:34,2026-09-04T18:34,,,,9,,,,,
2026-09-04T13:35,2026-09-04T18:35,8,0,177.1,9,,,,,
2026-09-04T13:36,2026-09-04T18:36,,,,9,110,44,290,117,2
2026-09-04T13:37,2026-09-04T18:37,,,,9,,,,,
2026-09-04T13:38,2026-09-04T18:38,,,,9,,,,,
2026-09-04T13:39,2026-09-04T18:39,8,0,175.7,9,,,,,
2026-09-04T13:40,2026-09-04T18:40,,,,9,,,,,
2026-09-04T13:41,2026-09-04T18:41,,,,9,105,43,291,117,3
2026-09-04T13:42,2026-09-04T18:42,,,,9,,,,,
2026-09-04T13:43,2026-09-04T18:43,8,0,168.5,9,,,,,
2026-09-04T13:44,2026-09-04T18:44,,,,9,,,,,
2026-09-04T13:45,2026-09-04T18:45,,,,9,,,,,
2026-09-04T13:46,2026-09-04T18:46,,,,9,103,43,291,120,3
2026-09-04T13:47,2026-09-04T18:47,8,0,170.6,9,,,,,
2026-09-04T13:48,2026-09-04T18:48,,,,9,,,,,
2026-09-04T13:49,2026-09-04T18:49,,,,9,,,,,
2026-09-04T13:50,2026-09-04T18:50,,,,9,,,,,
2026-09-04T13:51,2026-09-04T18:51,8,0,171.6,9,106,42,291,126,3
2026-09-04T13:52,2026-09-04T18:52,,,,9,,,,,
2026-09-04T13:53,2026-09-04T18:53,,,,9,,,,,
2026-09-04T13:54,2026-09-04T18:54,,,,9,,,,,
2026-09-04T13:55,2026-09-04T18:55,8,0,168.1,9,,,,,
2026-09-04T13:56,2026-09-04T18:56,,,,9,109,44,290,128,4
2026-09-04T13:57,2026-09-04T18:57,,,,9,,,,,
2026-09-04T13:58,2026-09-04T18:58,,,,9,,,,,
2026-09-04T13:59,2026-09-04T18:59,7,0,158.8,9,,,,,
2026-09-04T14:00,2026-09-04T19:00,,,,9,,,,,
2026-09-04T14:01,2026-09-04T19:01,,,,9,108,43,288,136,4
2026-09-04T14:02,2026-09-04T19:02,,,,9,,,,,
2026-09-04T14:02,2026-09-04T19:02,7,0,160.7,9,,,,,
2026-09-04T14:04,2026-09-04T19:04,,,,9,,,,,
2026-09-04T14:05,2026-09-04T19:05,,,,8,,,,,
2026-09-04T14:06,2026-09-04T19:06,,,,8,109,42,287,139,5
2026-09-04T14:07,2026-09-04T19:07,7,0,157.1,8,,,,,
2026-09-04T14:08,2026-09-04T19:08,,,,8,,,,,
2026-09-04T14:09,2026-09-04T19:09,,,,8,,,,,
2026-09-04T14:10,2026-09-04T19:10,,,,8,,,,,
2026-09-04T14:11,2026-09-04T19:11,7,0,153.1,8,106,40,288,146,5
2026-09-04T14:12,2026-09-04T19:12,,,,8,,,,,
2026-09-04T14:12,2026-09-04T19:12,,,,8,,,,,
2026-09-04T14:13,2026-09-04T19:13,,,,8,,,,,
2026-09-04T14:14,2026-09-04T19:14,7,0,156.6,8,,,,,
2026-09-04T14:15,2026-09-04T19:15,,,,8,107,40,288,154,6
2026-09-04T14:16,2026-09-04T19:16,,,,8,,,,,
2026-09-04T14:17,2026-09-04T19:17,,,,8,,,,,
2026-09-04T14:18,2026-09-04T19:18,7,0,159.3,8,,,,,
2026-09-04T14:19,2026-09-04T19:19,,,,8,,,,,
2026-09-04T14:20,2026-09-04T19:20,,,,8,109,42,288,162,8
2026-09-04T14:21,2026-09-04T19:21,,,,8,,,,,
2026-09-04T14:22,2026-09-04T19:22,7,0,149.7,7,,,,,
2026-09-04T14:23,2026-09-04T19:23,,,,7,,,,,
2026-09-04T14:24,2026-09-04T19:24,,,,7,,,,,
2026-09-04T14:25,2026-09-04T19:25,,,,7,113,43,290,162,8
2026-09-04T14:26,2026-09-04T19:26,7,0,151.8,7,,,,,
2026-09-04T14:27,2026-09-04T19:27,,,,7,,,,,
2026-09-04T14:28,2026-09-04T19:28,,,,7,,,,,
2026-09-04T14:29,2026-09-04T19:29,,,,7,,,,,
2026-09-04T14:30,2026-09-04T19:30,7,0,150.0,7,110,45,290,166,7
2026-09-04T14:32,2026-09-04T19:32,,,,7,,,,,
2026-09-04T14:33,2026-09-04T19:33,,,,7,,,,,
2026-09-04T14:34,2026-09-04T19:34,,,,7,,,,,
2026-09-04T14:34,2026-09-04T19:34,7,0,146.9,7,,,,,
2026-09-04T14:35,2026-09-04T19:35,,,,7,109,46,289,170,7
2026-09-04T14:36,2026-09-04T19:36,,,,7,,,,,
2026-09-04T14:37,2026-09-04T19:37,,,,6,,,,,
2026-09-04T14:38,2026-09-04T19:38,7,0,147.9,6,,,,,
2026-09-04T14:39,2026-09-04T19:39,,,,6,,,,,
2026-09-04T14:40,2026-09-04T19:40,,,,6,103,46,289,174,7
2026-09-04T14:41,2026-09-04T19:41,,,,6,,,,,
2026-09-04T14:42,2026-09-04T19:42,7,0,144.5,6,,,,,
2026-09-04T14:43,2026-09-04T19:43,,,,6,,,,,
2026-09-04T14:44,2026-09-04T19:44,,,,6,,,,,
2026-09-04T14:45,2026-09-04T19:45,,,,6,100,45,289,186,8
2026-09-04T14:46,2026-09-04T19:46,7,0,135.2,6,,,,,
2026-09-04T14:47,2026-09-04T19:47,,,,6,,,,,
2026-09-04T14:48,2026-09-04T19:48,,,,6,,,,,
2026-09-04T14:50,2026-09-04T19:50,,,,6,,,,,
2026-09-04T14:50,2026-09-04T19:50,7,0,134.4,6,102,44,289,188,8
2026-09-04T14:52,2026-09-04T19:52,,,,6,,,,,
2026-09-04T14:53,2026-09-04T19:53,,,,6,,,,,
2026-09-04T14:53,2026-09-04T19:53,,,,6,,,,,
2026-09-04T14:55,2026-09-04T19:55,7,0,123.1,6,,,,,
2026-09-04T14:55,2026-09-04T19:55,,,,6,102,43,289,192,8
2026-09-04T14:56,2026-09-04T19:56,,,,6,,,,,
2026-09-04T14:57,2026-09-04T19:57,,,,6,,,,,
2026-09-04T14:59,2026-09-04T19:59,6,0,125.1,5,,,,,
2026-09-04T15:00,2026-09-04T20:00,,,,5,,,,,
2026-09-04T15:01,2026-09-04T20:01,,,,5,102,42,290,195,8
2026-09-04T15:02,2026-09-04T20:02,,,,5,,,,,
2026-09-04T15:03,2026-09-04T20:03,6,0,119.3,5,,,,,
2026-09-04T15:04,2026-09-04T20:04,,,,5,,,,,
2026-09-04T15:05,2026-09-04T20:05,,,,5,,,,,
2026-09-04T15:06,2026-09-04T20:06,,,,5,101,43,287,198,8
2026-09-04T15:07,2026-09-04T20:07,6,0,113.2,5,,,,,
2026-09-04T15:08,2026-09-04T20:08,,,,5,,,,,
2026-09-04T15:09,2026-09-04T20:09,,,,5,,,,,
2026-09-04T15:10,2026-09-04T20:10,,,,5,,,,,
2026-09-04T15:11,2026-09-04T20:11,6,0,117.3,5,105,43,286,202,7
2026-09-04T15:12,2026-09-04T20:12,,,,5,,,,,
2026-09-04T15:13,2026-09-04T20:13,,,,5,,,,,
2026-09-04T15:14,2026-09-04T20:14,,,,5,,,,,
2026-09-04T15:15,2026-09-04T20:15,5,0,114.5,5,,,,,
2026-09-04T15:15,2026-09-04T20:15,,,,5,107,43,285,204,7
2026-09-04T15:16,2026-09-04T20:16,,,,5,,,,,
2026-09-04T15:17,2026-09-04T20:17,,,,5,,,,,
2026-09-04T15:18,2026-09-04T20:18,5,0,108.4,5,,,,,
2026-09-04T15:20,2026-09-04T20:20,,,,4,,,,,
2026-09-04T15:21,2026-09-04T20:21,,,,4,101,43,284,203,7
2026-09-04T15:22,2026-09-04T20:22,,,,5,,,,,
2026-09-04T15:23,2026-09-04T20:23,5,0,107.0,5,,,,,
2026-09-04T15:24,2026-09-04T20:24,,,,4,,,,,
2026-09-04T15:25,2026-09-04T20:25,,,,4,,,,,
2026-09-04T15:26,2026-09-04T20:26,,,,4,102,43,284,208,6
2026-09-04T15:27,2026-09-04T20:27,5,0,109.0,4,,,,,
2026-09-04T15:28,2026-09-04T20:28,,,,4,,,,,
2026-09-04T15:29,2026-09-04T20:29,,,,4,,,,,
2026-09-04T15:30,2026-09-04T20:30,,,,4,,,,,
2026-09-04T15:31,2026-09-04T20:31,5,0,102.4,4,109,40,283,209,6
2026-09-04T15:32,2026-09-04T20:32,,,,4,,,,,
2026-09-04T15:34,2026-09-04T20:34,,,,4,,,,,
2026-09-04T15:35,2026-09-04T20:35,,,,4,,,,,
2026-09-04T15:36,2026-09-04T20:36,5,0,102.5,4,,,,,
2026-09-04T15:37,2026-09-04T20:37,,,,4,106,38,284,212,5
2026-09-04T15:38,2026-09-04T20:38,,,,4,,,,,
2026-09-04T15:39,2026-09-04T20:39,,,,4,,,,,
2026-09-04T15:40,2026-09-04T20:40,5,0,100.8,4,,,,,
2026-09-04T15:41,2026-09-04T20:41,,,,4,,,,,
2026-09-04T15:43,2026-09-04T20:43,,,,4,108,38,282,217,5
2026-09-04T15:43,2026-09-04T20:43,,,,4,,,,,
2026-09-04T15:45,2026-09-04T20:45,4,0,,4,,,,,
2026-09-04T15:46,2026-09-04T20:46,,,,4,,,,,
2026-09-04T15:47,2026-09-04T20:47,,,,4,,,,,
2026-09-04T15:48,2026-09-04T20:48,,,,4,107,34,282,216,3
2026-09-04T15:49,2026-09-04T20:49,4,0,,4,,,,,
2026-09-04T15:49,2026-09-04T20:49,,,,3,,,,,
2026-09-04T15:50,2026-09-04T20:50,,,,3,,,,,
2026-09-04T15:52,2026-09-04T20:52,4,0,,3,106,33,283,217,3
2026-09-04T15:53,2026-09-04T20:53,,,,3,,,,,
2026-09-04T15:54,2026-09-04T20:54,,,,3,,,,,
2026-09-04T15:54,2026-09-04T20:54,,,,3,,,,,
2026-09-04T15:56,2026-09-04T20:56,4,0,,3,,,,,
2026-09-04T15:57,2026-09-04T20:57,,,,3,107,32,285,212,3
2026-09-04T15:58,2026-09-04T20:58,,,,3,,,,,
2026-09-04T15:59,2026-09-04T20:59,,,,3,,,,,
2026-09-04T16:00,2026-09-04T21:00,4,0,,3,,,,,
2026-09-04T16:00,2026-09-04T21:00,,,,3,,,,,
2026-09-04T16:02,2026-09-04T21:02,,,,3,109,30,284,216,4
2026-09-04T16:02,2026-09-04T21:02,,,,3,,,,,
2026-09-04T16:03,2026-09-04T21:03,3,0,,3,,,,,
2026-09-04T16:04,2026-09-04T21:04,,,,3,,,,,
2026-09-04T16:05,2026-09-04T21:05,,,,3,,,,,
2026-09-04T16:06,2026-09-04T21:06,,,,3,107,29,280,214,3
2026-09-04T16:07,2026-09-04T21:07,3,0,,3,,,,,
2026-09-04T16:08,2026-09-04T21:08,,,,3,,,,,
2026-09-04T16:09,2026-09-04T21:09,,,,3,,,,,
2026-09-04T16:10,2026-09-04T21:10,,,,3,,,,,
2026-09-04T16:11,2026-09-04T21:11,3,0,84.0,3,101,28,279,215,1
2026-09-04T16:12,2026-09-04T21:12,,,,3,,,,,
2026-09-04T16:13,2026-09-04T21:13,,,,3,,,,,
2026-09-04T16:14,2026-09-04T21:14,,,,3,,,,,
2026-09-04T16:16,2026-09-04T21:16,3,0,,3,,,,,
2026-09-04T16:17,2026-09-04T21:17,,,,3,100,27,278,216,1
2026-09-04T16:17,2026-09-04T21:17,,,,2,,,,,
2026-09-04T16:18,2026-09-04T21:18,,,,2,,,,,
2026-09-04T16:19,2026-09-04T21:19,3,0,,3,,,,,
2026-09-04T16:20,2026-09-04T21:20,,,,3,,,,,
2026-09-04T16:22,2026-09-04T21:22,,,,2,92,25,278,207,1
2026-09-04T16:23,2026-09-04T21:23,,,,2,,,,,
2026-09-04T16:24,2026-09-04T21:24,3,0,,2,,,,,
2026-09-04T16:25,2026-09-04T21:25,,,,2,,,,,
2026-09-04T16:26,2026-09-04T21:26,,,,2,,,,,
2026-09-04T16:27,2026-09-04T21:27,,,,2,94,25,275,202,1
2026-09-04T16:28,2026-09-04T21:28,3,0,,2,,,,,
2026-09-04T16:29,2026-09-04T21:29,,,,2,,,,,
2026-09-04T16:30,2026-09-04T21:30,,,,2,,,,,
2026-09-04T16:31,2026-09-04T21:31,,,,2,,,,,
2026-09-04T16:32,2026-09-04T21:32,3,0,,2,94,24,275,201,1
2026-09-04T16:33,2026-09-04T21:33,,,,2,,,,,
2026-09-04T16:34,2026-09-04T21:34,,,,2,,,,,
2026-09-04T16:35,2026-09-04T21:35,,,,2,,,,,
2026-09-04T16:36,2026-09-04T21:36,3,0,,2,,,,,
2026-09-04T16:37,2026-09-04T21:37,,,,2,94,23,274,198,2
2026-09-04T16:38,2026-09-04T21:38,,,,2,,,,,
2026-09-04T16:39,2026-09-04T21:39,,,,2,,,,,
2026-09-04T16:40,2026-09-04T21:40,2,0,75.5,2,,,,,
2026-09-04T16:41,2026-09-04T21:41,,,,2,,,,,
2026-09-04T16:42,2026-09-04T21:42,,,,2,94,25,272,194,2
2026-09-04T16:43,2026-09-04T21:43,,,,2,,,,,
2026-09-04T16:44,2026-09-04T21:44,2,0,,2,,,,,
2026-09-04T16:45,2026-09-04T21:45,,,,2,,,,,
2026-09-04T16:47,2026-09-04T21:47,,,,2,,,,,
2026-09-04T16:48,2026-09-04T21:48,,,,2,104,22,271,190,2
2026-09-04T16:49,2026-09-04T21:49,2,0,,2,,,,,
2026-09-04T16:50,2026-09-04T21:50,,,,2,,,,,
2026-09-04T16:51,2026-09-04T21:51,,,,2,,,,,
2026-09-04T16:52,2026-09-04T21:52,,,,2,,,,,
2026-09-04T16:53,2026-09-04T21:53,2,0,,2,104,20,271,187,2
2026-09-04T16:54,2026-09-04T21:54,,,,2,,,,,
2026-09-04T16:55,2026-09-04T21:55,,,,2,,,,,
2026-09-04T16:56,2026-09-04T21:56,,,,2,,,,,
2026-09-04T16:57,2026-09-04T21:57,2,0,,2,,,,,
2026-09-04T16:58,2026-09-04T21:58,,,,2,102,19,271,186,2
2026-09-04T16:59,2026-09-04T21:59,,,,2,,,,,
2026-09-04T17:00,2026-09-04T22:00,,,,2,,,,,
2026-09-04T17:01,2026-09-04T22:01,2,0,,2,,,,,
2026-09-04T17:02,2026-09-04T22:02,,,,2,,,,,
2026-09-04T17:03,2026-09-04T22:03,,,,2,98,16,271,185,2
2026-09-04T17:05,2026-09-04T22:05,,,,2,,,,,
2026-09-04T17:06,2026-09-04T22:06,2,0,,2,,,,,
2026-09-04T17:07,2026-09-04T22:07,,,,1,,,,,
2026-09-04T17:08,2026-09-04T22:08,,,,1,,,,,
2026-09-04T17:09,2026-09-04T22:09,,,,1,98,16,268,184,2
2026-09-04T17:09,2026-09-04T22:09,2,0,,1,,,,,
2026-09-04T17:10,2026-09-04T22:10,,,,1,,,,,
2026-09-04T17:11,2026-09-04T22:11,,,,2,,,,,
2026-09-04T17:13,2026-09-04T22:13,,,,2,,,,,
2026-09-04T17:14,2026-09-04T22:14,2,0,,2,93,16,268,181,2
2026-09-04T17:15,2026-09-04T22:15,,,,2,,,,,
2026-09-04T17:16,2026-09-04T22:16,,,,2,,,,,
2026-09-04T17:17,2026-09-04T22:17,,,,2,,,,,
2026-09-04T17:18,2026-09-04T22:18,2,0,,2,,,,,
2026-09-04T17:20,2026-09-04T22:20,,,,1,89,16,268,174,2
2026-09-04T17:21,2026-09-04T22:21,,,,1,,,,,
2026-09-04T17:22,2026-09-04T22:22,,,,1,,,,,
2026-09-04T17:22,2026-09-04T22:22,2,0,,1,,,,,
2026-09-04T17:23,2026-09-04T22:23,,,,1,,,,,
2026-09-04T17:24,2026-09-04T22:24,,,,1,88,15,267,166,1
2026-09-04T17:25,2026-09-04T22:25,,,,1,,,,,
2026-09-04T17:26,2026-09-04T22:26,2,0,,1,,,,,
2026-09-04T17:27,2026-09-04T22:27,,,,1,,,,,
2026-09-04T17:28,2026-09-04T22:28,,,,1,,,,,
2026-09-04T17:29,2026-09-04T22:29,,,,1,81,14,266,165,1
2026-09-04T17:30,2026-09-04T22:30,2,0,,1,,,,,
2026-09-04T17:31,2026-09-04T22:31,,,,1,,,,,
2026-09-04T17:32,2026-09-04T22:32,,,,1,,,,,
2026-09-04T17:32,2026-09-04T22:32,,,,1,,,,,
2026-09-04T17:33,2026-09-04T22:33,2,0,,1,79,12,266,161,1
2026-09-04T17:34,2026-09-04T22:34,,,,1,,,,,
2026-09-04T17:35,2026-09-04T22:35,,,,1,,,,,
2026-09-04T17:36,2026-09-04T22:36,,,,1,,,,,
2026-09-04T17:37,2026-09-04T22:37,1,0,,1,,,,,
2026-09-04T17:37,2026-09-04T22:37,,,,1,78,12,266,153,1
2026-09-04T17:39,2026-09-04T22:39,,,,1,,,,,
2026-09-04T17:40,2026-09-04T22:40,,,,1,,,,,
2026-09-04T17:40,2026-09-04T22:40,1,0,,1,,,,,
2026-09-04T17:42,2026-09-04T22:42,,,,1,,,,,
2026-09-04T17:43,2026-09-04T22:43,,,,1,75,12,266,153,1
2026-09-04T17:44,2026-09-04T22:44,,,,1,,,,,
2026-09-04T17:45,2026-09-04T22:45,1,0,,1,,,,,
2026-09-04T17:46,2026-09-04T22:46,,,,1,,,,,
2026-09-04T17:47,2026-09-04T22:47,,,,1,,,,,
2026-09-04T17:48,2026-09-04T22:48,,,,1,75,11,266,157,1
2026-09-04T17:49,2026-09-04T22:49,1,0,,1,,,,,
2026-09-04T17:50,2026-09-04T22:50,,,,1,,,,,
2026-09-04T17:51,2026-09-04T22:51,,,,1,,,,,
2026-09-04T17:52,2026-09-04T22:52,,,,1,,,,,
2026-09-04T17:53,2026-09-04T22:53,1,0,54.7,1,76,10,266,146,1
2026-09-04T17:53,2026-09-04T22:53,,,,1,,,,,
2026-09-04T17:55,2026-09-04T22:55,,,,1,,,,,
2026-09-04T17:56,2026-09-04T22:56,,,,1,,,,,
2026-09-04T17:56,2026-09-04T22:56,1,0,,1,,,,,
2026-09-04T17:57,2026-09-04T22:57,,,,1,74,11,264,141,1
2026-09-04T17:58,2026-09-04T22:58,,,,1,,,,,
2026-09-04T17:59,2026-09-04T22:59,,,,1,,,,,
2026-09-04T18:00,2026-09-04T23:00,1,0,,1,,,,,
2026-09-04T18:01,2026-09-04T23:01,,,,1,,,,,
2026-09-04T18:02,2026-09-04T23:02,,,,1,70,11,264,137,1
2026-09-04T18:03,2026-09-04T23:03,,,,1,,,,,
2026-09-04T18:04,2026-09-04T23:04,1,0,,1,,,,,
2026-09-04T18:05,2026-09-04T23:05,,,,1,,,,,
2026-09-04T18:06,2026-09-04T23:06,,,,1,,,,,
2026-09-04T18:07,2026-09-04T23:07,,,,1,65,11,264,137,1
2026-09-04T18:08,2026-09-04T23:08,1,0,,1,,,,,
2026-09-04T18:09,2026-09-04T23:09,,,,1,,,,,
2026-09-04T18:10,2026-09-04T23:10,,,,1,,,,,
2026-09-04T18:11,2026-09-04T23:11,,,,1,,,,,
2026-09-04T18:12,2026-09-04T23:12,1,0,,1,58,10,266,134,1
2026-09-04T18:13,2026-09-04T23:13,,,,1,,,,,
2026-09-04T18:15,2026-09-04T23:15,,,,1,,,,,
2026-09-04T18:16,2026-09-04T23:16,,,,1,,,,,
2026-09-04T18:17,2026-09-04T23:17,1,0,,1,,,,,
2026-09-04T18:18,2026-09-04T23:18,,,,1,46,12,267,123,1
2026-09-04T18:19,2026-09-04T23:19,,,,1,,,,,
2026-09-04T18:20,2026-09-04T23:20,,,,1,,,,,
2026-09-04T18:21,2026-09-04T23:21,1,0,,1,,,,,
2026-09-04T18:22,2026-09-04T23:22,,,,1,,,,,
2026-09-04T18:23,2026-09-04T23:23,,,,1,43,12,267,117,1
2026-09-04T18:24,2026-09-04T23:24,,,,1,,,,,
2026-09-04T18:24,2026-09-04T23:24,1,0,,1,,,,,
2026-09-04T18:26,2026-09-04T23:26,,,,1,,,,,
2026-09-04T18:27,2026-09-04T23:27,,,,1,,,,,
2026-09-04T18:28,2026-09-04T23:28,,,,1,36,13,267,113,1
2026-09-04T18:28,2026-09-04T23:28,1,0,,1,,,,,
2026-09-04T18:29,2026-09-04T23:29,,,,1,,,,,
2026-09-04T18:30,2026-09-04T23:30,,,,1,,,,,
2026-09-04T18:31,2026-09-04T23:31,,,,1,,,,,
2026-09-04T18:32,2026-09-04T23:32,1,0,,1,34,13,267,114,1
2026-09-04T18:33,2026-09-04T23:33,,,,1,,,,,
2026-09-04T18:34,2026-09-04T23:34,,,,1,,,,,
2026-09-04T18:35,2026-09-04T23:35,,,,1,,,,,
2026-09-04T18:36,2026-09-04T23:36,1,0,,1,,,,,
2026-09-04T18:37,2026-09-04T23:37,,,,1,32,13,266,113,2
2026-09-04T18:38,2026-09-04T23:38,,,,1,,,,,
2026-09-04T18:39,2026-09-04T23:39,,,,1,,,,,
2026-09-04T18:40,2026-09-04T23:40,1,0,,1,,,,,
2026-09-04T18:41,2026-09-04T23:41,,,,1,,,,,
2026-09-04T18:42,2026-09-04T23:42,,,,1,33,13,266,109,1
2026-09-04T18:43,2026-09-04T23:43,,,,1,,,,,
2026-09-04T18:44,2026-09-04T23:44,1,0,39.0,1,,,,,
2026-09-04T18:45,2026-09-04T23:45,,,,1,,,,,
2026-09-04T18:46,2026-09-04T23:46,,,,1,,,,,
2026-09-04T18:47,2026-09-04T23:47,,,,1,32,13,266,107,1
2026-09-04T18:48,2026-09-04T23:48,1,0,,1,,,,,
2026-09-04T18:49,2026-09-04T23:49,,,,1,,,,,
2026-09-04T18:50,2026-09-04T23:50,,,,1,,,,,
2026-09-04T18:51,2026-09-04T23:51,,,,1,,,,,
2026-09-04T18:52,2026-09-04T23:52,1,0,,1,35,13,263,100,1
2026-09-04T18:53,2026-09-04T23:53,,,,1,,,,,
2026-09-04T18:54,2026-09-04T23:54,,,,1,,,,,
2026-09-04T18:55,2026-09-04T23:55,,,,1,,,,,
2026-09-04T18:56,2026-09-04T23:56,1,0,37.7,1,,,,,
2026-09-04T18:57,2026-09-04T23:57,,,,1,30,14,262,93,1
2026-09-04T18:58,2026-09-04T23:58,,,,1,,,,,
2026-09-04T18:59,2026-09-04T23:59,,,,1,,,,,
2026-09-04T19:00,2026-09-05T00:00,1,0,,1,,,,,
2026-09-04T19:01,2026-09-05T00:01,,,,1,,,,,
2026-09-04T19:02,2026-09-05T00:02,,,,1,29,14,262,84,1
2026-09-04T19:02,2026-09-05T00:02,,,,1,,,,,
2026-09-04T19:04,2026-09-05T00:04,1,0,,1,,,,,
2026-09-04T19:05,2026-09-05T00:05,,,,1,,,,,
2026-09-04T19:06,2026-09-05T00:06,,,,1,,,,,
2026-09-04T19:06,2026-09-05T00:06,,,,1,29,12,261,82,1
2026-09-04T19:08,2026-09-05T00:08,1,0,,1,,,,,
2026-09-04T19:09,2026-09-05T00:09,,,,1,,,,,
2026-09-04T19:09,2026-09-05T00:09,,,,1,,,,,
2026-09-04T19:10,2026-09-05T00:10,,,,1,,,,,
2026-09-04T19:11,2026-09-05T00:11,1,0,,1,30,13,261,82,1
2026-09-04T19:13,2026-09-05T00:13,,,,1,,,,,
2026-09-04T19:13,2026-09-05T00:13,,,,1,,,,,
2026-09-04T19:14,2026-09-05T00:14,,,,1,,,,,
2026-09-04T19:15,2026-09-05T00:15,1,0,,1,,,,,
2026-09-04T19:16,2026-09-05T00:16,,,,1,28,13,261,81,1
2026-09-04T19:17,2026-09-05T00:17,,,,1,,,,,
2026-09-04T19:18,2026-09-05T00:18,,,,1,,,,,
2026-09-04T19:19,2026-09-05T00:19,1,0,,1,,,,,
2026-09-04T19:20,2026-09-05T00:20,,,,1,,,,,
2026-09-04T19:21,2026-09-05T00:21,,,,1,26,13,261,79,1
2026-09-04T19:22,2026-09-05T00:22,,,,1,,,,,
2026-09-04T19:23,2026-09-05T00:23,1,0,,1,,,,,
2026-09-04T19:23,2026-09-05T00:23,,,,1,,,,,
2026-09-04T19:24,2026-09-05T00:24,,,,1,,,,,
2026-09-04T19:26,2026-09-05T00:26,,,,1,22,13,261,72,1
2026-09-04T19:27,2026-09-05T00:27,1,0,,1,,,,,
2026-09-04T19:28,2026-09-05T00:28,,,,1,,,,,
2026-09-04T19:28,2026-09-05T00:28,,,,1,,,,,
2026-09-04T19:30,2026-09-05T00:30,,,,1,,,,,
2026-09-04T19:31,2026-09-05T00:31,1,0,,1,21,13,265,69,1
2026-09-04T19:32,2026-09-05T00:32,,,,1,,,,,
2026-09-04T19:32,2026-09-05T00:32,,,,1,,,,,
2026-09-04T19:33,2026-09-05T00:33,,,,1,,,,,
2026-09-04T19:34,2026-09-05T00:34,0,0,,1,,,,,
2026-09-04T19:36,2026-09-05T00:36,,,,1,20,13,265,68,0
2026-09-04T19:37,2026-09-05T00:37,,,,1,,,,,
2026-09-04T19:38,2026-09-05T00:38,,,,1,,,,,
2026-09-04T19:39,2026-09-05T00:39,0,0,,1,,,,,
2026-09-04T19:40,2026-09-05T00:40,,,,1,,,,,
2026-09-04T19:41,2026-09-05T00:41,,,,1,21,16,265,64,0
2026-09-04T19:42,2026-09-05T00:42,,,,1,,,,,
2026-09-04T19:43,2026-09-05T00:43,0,0,,1,,,,,
2026-09-04T19:44,2026-09-05T00:44,,,,1,,,,,
2026-09-04T19:45,2026-09-05T00:45,,,,1,,,,,
2026-09-04T19:46,2026-09-05T00:46,,,,1,20,15,266,58,0
2026-09-04T19:47,2026-09-05T00:47,0,0,,1,,,,,
2026-09-04T19:48,2026-09-05T00:48,,,,1,,,,,
2026-09-04T19:49,2026-09-05T00:49,,,,1,,,,,
2026-09-04T19:49,2026-09-05T00:49,,,,1,,,,,
2026-09-04T19:50,2026-09-05T00:50,0,0,,1,21,15,267,58,0
2026-09-04T19:51,2026-09-05T00:51,,,,1,,,,,
2026-09-04T19:52,2026-09-05T00:52,,,,1,,,,,
2026-09-04T19:53,2026-09-05T00:53,,,,1,,,,,
2026-09-04T19:55,2026-09-05T00:55,0,0,,1,,,,,
2026-09-04T19:56,2026-09-05T00:56,,,,1,22,15,267,56,0
2026-09-04T19:57,2026-09-05T00:57,,,,1,,,,,
2026-09-04T19:58,2026-09-05T00:58,,,,1,,,,,
2026-09-04T19:59,2026-09-05T00:59,0,0,,1,,,,,
2026-09-04T20:00,2026-09-05T01:00,,,,1,,,,,
2026-09-04T20:00,2026-09-05T01:00,,,,1,24,15,267,49,0
2026-09-04T20:01,2026-09-05T01:01,,,,1,,,,,
2026-09-04T20:02,2026-09-05T01:02,0,0,,1,,,,,
2026-09-04T20:03,2026-09-05T01:03,,,,1,,,,,
2026-09-04T20:04,2026-09-05T01:04,,,,1,,,,,
2026-09-04T20:05,2026-09-05T01:05,,,,1,25,15,267,46,0
2026-09-04T20:06,2026-09-05T01:06,0,0,,1,,,,,
2026-09-04T20:07,2026-09-05T01:07,,,,1,,,,,
2026-09-04T20:08,2026-09-05T01:08,,,,1,,,,,
2026-09-04T20:09,2026-09-05T01:09,,,,1,,,,,
2026-09-04T20:10,2026-09-05T01:10,0,0,,1,24,15,267,42,0
2026-09-04T20:11,2026-09-05T01:11,,,,1,,,,,
2026-09-04T20:12,2026-09-05T01:12,,,,1,,,,,
2026-09-04T20:13,2026-09-05T01:13,,,,1,,,,,
2026-09-04T20:14,2026-09-05T01:14,0,0,29.5,1,,,,,
2026-09-04T20:15,2026-09-05T01:15,,,,1,24,15,267,40,0
2026-09-04T20:16,2026-09-05T01:16,,,,1,,,,,
2026-09-04T20:17,2026-09-05T01:17,,,,1,,,,,
2026-09-04T20:18,2026-09-05T01:18,0,0,,1,,,,,
2026-09-04T20:19,2026-09-05T01:19,,,,1,,,,,
2026-09-04T20:20,2026-09-05T01:20,,,,1,23,15,267,40,0
2026-09-04T20:21,2026-09-05T01:21,,,,1,,,,,
2026-09-04T20:22,2026-09-05T01:22,0,0,,1,,,,,
2026-09-04T20:23,2026-09-05T01:23,,,,1,,,,,
2026-09-04T20:24,2026-09-05T01:24,,,,1,,,,,
2026-09-04T20:25,2026-09-05T01:25,,,,1,22,15,267,37,0
2026-09-04T20:25,2026-09-05T01:25,0,0,,1,,,,,
2026-09-04T20:27,2026-09-05T01:27,,,,1,,,,,
2026-09-04T20:27,2026-09-05T01:27,,,,1,,,,,
2026-09-04T20:28,2026-09-05T01:28,,,,1,,,,,
2026-09-04T20:29,2026-09-05T01:29,0,0,,1,22,15,267,35,0
2026-09-04T20:30,2026-09-05T01:30,,,,1,,,,,
2026-09-04T20:31,2026-09-05T01:31,,,,1,,,,,
2026-09-04T20:32,2026-09-05T01:32,,,,1,,,,,
2026-09-04T20:33,2026-09-05T01:33,0,0,,1,,,,,
2026-09-04T20:34,2026-09-05T01:34,,,,1,20,15,267,32,0
2026-09-04T20:35,2026-09-05T01:35,,,,1,,,,,
2026-09-04T20:36,2026-09-05T01:36,,,,1,,,,,
2026-09-04T20:37,2026-09-05T01:37,0,0,,1,,,,,
2026-09-04T20:38,2026-09-05T01:38,,,,1,,,,,
2026-09-04T20:39,2026-09-05T01:39,,,,1,19,15,268,30,1
2026-09-04T20:40,2026-09-05T01:40,,,,1,,,,,
2026-09-04T20:41,2026-09-05T01:41,0,0,,1,,,,,
2026-09-04T20:42,2026-09-05T01:42,,,,1,,,,,
2026-09-04T20:43,2026-09-05T01:43,,,,1,,,,,
2026-09-04T20:44,2026-09-05T01:44,,,,1,15,14,268,29,1
2026-09-04T20:45,2026-09-05T01:45,0,0,,1,,,,,
2026-09-04T20:46,2026-09-05T01:46,,,,1,,,,,
2026-09-04T20:47,2026-09-05T01:47,,,,1,,,,,
2026-09-04T20:48,2026-09-05T01:48,,,,1,,,,,
2026-09-04T20:49,2026-09-05T01:49,0,0,,1,17,14,268,27,1
2026-09-04T20:50,2026-09-05T01:50,,,,1,,,,,
2026-09-04T20:51,2026-09-05T01:51,,,,1,,,,,
2026-09-04T20:52,2026-09-05T01:52,,,,1,,,,,
2026-09-04T20:53,2026-09-05T01:53,0,0,,1,,,,,
2026-09-04T20:54,2026-09-05T01:54,,,,1,19,13,268,26,2
2026-09-04T20:55,2026-09-05T01:55,,,,1,,,,,
2026-09-04T20:56,2026-09-05T01:56,,,,1,,,,,
2026-09-04T20:57,2026-09-05T01:57,0,0,,1,,,,,
2026-09-04T20:58,2026-09-05T01:58,,,,1,,,,,
2026-09-04T20:59,2026-09-05T01:59,,,,1,20,13,268,24,2
2026-09-04T21:00,2026-09-05T02:00,,,,1,,,,,
2026-09-04T21:01,2026-09-05T02:01,0,0,,1,,,,,
2026-09-04T21:02,2026-09-05T02:02,,,,1,,,,,
2026-09-04T21:03,2026-09-05T02:03,,,,1,,,,,
2026-09-04T21:04,2026-09-05T02:04,,,,1,18,13,268,21,2
2026-09-04T21:05,2026-09-05T02:05,0,0,,1,,,,,
2026-09-04T21:06,2026-09-05T02:06,,,,1,,,,,
2026-09-04T21:07,2026-09-05T02:07,,,,1,,,,,
2026-09-04T21:08,2026-09-05T02:08,,,,1,,,,,
2026-09-04T21:09,2026-09-05T02:09,0,0,,1,18,13,267,20,2
2026-09-04T21:10,2026-09-05T02:10,,,,1,,,,,
2026-09-04T21:11,2026-09-05T02:11,,,,1,,,,,
2026-09-04T21:12,2026-09-05T02:12,,,,1,,,,,
2026-09-04T21:13,2026-09-05T02:13,0,0,,1,,,,,
2026-09-04T21:14,2026-09-05T02:14,,,,1,18,13,267,18,2
2026-09-04T21:15,2026-09-05T02:15,,,,1,,,,,
2026-09-04T21:16,2026-09-05T02:16,,,,1,,,,,
2026-09-04T21:17,2026-09-05T02:17,0,0,,1,,,,,
2026-09-04T21:18,2026-09-05T02:18,,,,1,,,,,
2026-09-04T21:19,2026-09-05T02:19,,,,1,17,10,266,17,2
2026-09-04T21:20,2026-09-05T02:20,,,,1,,,,,
2026-09-04T21:21,2026-09-05T02:21,0,0,,1,,,,,
2026-09-04T21:22,2026-09-05T02:22,,,,1,,,,,
2026-09-04T21:23,2026-09-05T02:23,,,,1,,,,,
2026-09-04T21:24,2026-09-05T02:24,,,,1,17,10,266,16,2
2026-09-04T21:25,2026-09-05T02:25,0,0,,1,,,,,
2026-09-04T21:26,2026-09-05T02:26,,,,1,,,,,
2026-09-04T21:27,2026-09-05T02:27,,,,1,,,,,
2026-09-04T21:28,2026-09-05T02:28,,,,1,,,,,
2026-09-04T21:29,2026-09-05T02:29,0,0,,1,18,8,266,17,2
2026-09-04T21:29,2026-09-05T02:29,,,,1,,,,,
2026-09-04T21:31,2026-09-05T02:31,,,,1,,,,,
2026-09-04T21:32,2026-09-05T02:32,0,0,,1,21,8,265,17,2
2026-09-04T21:33,2026-09-05T02:33,,,,1,,,,,
2026-09-04T21:34,2026-09-05T02:34,,,,1,,,,,
2026-09-04T21:35,2026-09-05T02:35,,,,1,,,,,
2026-09-04T21:36,2026-09-05T02:36,0,0,22.9,1,,,,,
2026-09-04T21:38,2026-09-05T02:38,,,,1,19,8,266,18,2
2026-09-04T21:39,2026-09-05T02:39,,,,1,,,,,
2026-09-04T21:40,2026-09-05T02:40,,,,1,,,,,
2026-09-04T21:41,2026-09-05T02:41,0,0,,1,,,,,
2026-09-04T21:42,2026-09-05T02:42,,,,1,,,,,
2026-09-04T21:43,2026-09-05T02:43,,,,1,19,8,266,17,2
2026-09-04T21:43,2026-09-05T02:43,,,,1,,,,,
2026-09-04T21:45,2026-09-05T02:45,0,0,,1,,,,,
2026-09-04T21:46,2026-09-05T02:46,,,,1,,,,,
2026-09-04T21:46,2026-09-05T02:46,,,,1,,,,,
2026-09-04T21:48,2026-09-05T02:48,,,,1,18,7,266,17,2
2026-09-04T21:49,2026-09-05T02:49,0,0,,1,,,,,
2026-09-04T21:50,2026-09-05T02:50,,,,1,,,,,
2026-09-04T21:51,2026-09-05T02:51,,,,1,,,,,
2026-09-04T21:51,2026-09-05T02:51,,,,1,,,,,
2026-09-04T21:53,2026-09-05T02:53,0,0,,1,17,7,266,14,2
2026-09-04T21:53,2026-09-05T02:53,,,,1,,,,,
2026-09-04T21:54,2026-09-05T02:54,,,,1,,,,,
2026-09-04T21:55,2026-09-05T02:55,,,,1,,,,,
2026-09-04T21:56,2026-09-05T02:56,0,0,,1,,,,,
2026-09-04T21:57,2026-09-05T02:57,,,,1,17,7,266,14,2
2026-09-04T21:58,2026-09-05T02:58,,,,1,,,,,
2026-09-04T21:59,2026-09-05T02:59,,,,1,,,,,
2026-09-04T22:00,2026-09-05T03:00,0,0,,1,,,,,
2026-09-04T22:01,2026-09-05T03:01,,,,1,,,,,
2026-09-04T22:02,2026-09-05T03:02,,,,1,17,7,266,11,2
2026-09-04T22:03,2026-09-05T03:03,,,,1,,,,,
2026-09-04T22:04,2026-09-05T03:04,0,0,,1,,,,,
2026-09-04T22:05,2026-09-05T03:05,,,,1,,,,,
2026-09-04T22:06,2026-09-05T03:06,,,,1,,,,,
2026-09-04T22:07,2026-09-05T03:07,,,,1,16,7,266,11,2
2026-09-04T22:08,2026-09-05T03:08,0,0,,1,,,,,
2026-09-04T22:10,2026-09-05T03:10,,,,1,,,,,
2026-09-04T22:10,2026-09-05T03:10,,,,1,,,,,
2026-09-04T22:11,2026-09-05T03:11,,,,1,,,,,
2026-09-04T22:12,2026-09-05T03:12,0,0,,1,17,6,265,12,2
2026-09-04T22:13,2026-09-05T03:13,,,,1,,,,,
2026-09-04T22:14,2026-09-05T03:14,,,,1,,,,,
2026-09-04T22:16,2026-09-05T03:16,,,,1,,,,,
2026-09-04T22:16,2026-09-05T03:16,0,0,,1,,,,,
2026-09-04T22:18,2026-09-05T03:18,,,,1,15,6,265,10,2
2026-09-04T22:18,2026-09-05T03:18,,,,1,,,,,
2026-09-04T22:19,2026-09-05T03:19,,,,1,,,,,
2026-09-04T22:20,2026-09-05T03:20,0,0,,1,,,,,
2026-09-04T22:21,2026-09-05T03:21,,,,1,,,,,
2026-09-04T22:22,2026-09-05T03:22,,,,1,15,6,265,11,2
2026-09-04T22:23,2026-09-05T03:23,,,,1,,,,,
2026-09-04T22:24,2026-09-05T03:24,0,0,,1,,,,,
2026-09-04T22:25,2026-09-05T03:25,,,,1,,,,,
2026-09-04T22:26,2026-09-05T03:26,,,,1,,,,,
2026-09-04T22:27,2026-09-05T03:27,,,,1,13,6,265,10,2
2026-09-04T22:28,2026-09-05T03:28,0,0,,1,,,,,
2026-09-04T22:29,2026-09-05T03:29,,,,1,,,,,
2026-09-04T22:30,2026-09-05T03:30,,,,1,,,,,
2026-09-04T22:31,2026-09-05T03:31,,,,1,,,,,
2026-09-04T22:32,2026-09-05T03:32,0,0,,1,13,6,262,10,2
2026-09-04T22:33,2026-09-05T03:33,,,,1,,,,,
2026-09-04T22:34,2026-09-05T03:34,,,,1,,,,,
2026-09-04T22:35,2026-09-05T03:35,,,,1,,,,,
2026-09-04T22:36,2026-09-05T03:36,0,0,,1,,,,,
2026-09-04T22:37,2026-09-05T03:37,,,,1,13,6,262,10,2
2026-09-04T22:38,2026-09-05T03:38,,,,1,,,,,
2026-09-04T22:39,2026-09-05T03:39,,,,1,,,,,
2026-09-04T22:40,2026-09-05T03:40,0,0,,1,,,,,
2026-09-04T22:41,2026-09-05T03:41,,,,1,,,,,
2026-09-04T22:42,2026-09-05T03:42,,,,1,13,1,261,10,2
2026-09-04T22:43,2026-09-05T03:43,,,,1,,,,,
2026-09-04T22:43,2026-09-05T03:43,0,0,,1,,,,,
2026-09-04T22:44,2026-09-05T03:44,,,,1,,,,,
2026-09-04T22:46,2026-09-05T03:46,,,,1,,,,,
2026-09-04T22:47,2026-09-05T03:47,,,,1,12,1,261,11,2
2026-09-04T22:48,2026-09-05T03:48,0,0,,1,,,,,
2026-09-04T22:48,2026-09-05T03:48,,,,1,,,,,
2026-09-04T22:49,2026-09-05T03:49,,,,1,,,,,
2026-09-04T22:50,2026-09-05T03:50,,,,1,,,,,
2026-09-04T22:51,2026-09-05T03:51,0,0,20.3,1,12,1,261,10,2
2026-09-04T22:52,2026-09-05T03:52,,,,1,,,,,
2026-09-04T22:53,2026-09-05T03:53,,,,1,,,,,
2026-09-04T22:54,2026-09-05T03:54,,,,1,,,,,
2026-09-04T22:55,2026-09-05T03:55,0,0,,1,,,,,
2026-09-04T22:56,2026-09-05T03:56,,,,1,11,1,261,10,2
2026-09-04T22:57,2026-09-05T03:57,,,,1,,,,,
2026-09-04T22:58,2026-09-05T03:58,,,,1,,,,,
2026-09-04T22:59,2026-09-05T03:59,0,0,20.8,1,,,,,
2026-09-04T23:00,2026-09-05T04:00,,,,1,,,,,
2026-09-04T23:01,2026-09-05T04:01,,,,1,7,1,261,10,2
2026-09-04T23:02,2026-09-05T04:02,,,,1,,,,,
2026-09-04T23:03,2026-09-05T04:03,0,0,,1,,,,,
2026-09-04T23:04,2026-09-05T04:04,,,,1,,,,,
2026-09-04T23:05,2026-09-05T04:05,,,,1,,,,,
2026-09-04T23:06,2026-09-05T04:06,,,,1,4,1,261,8,1
2026-09-04T23:07,2026-09-05T04:07,0,0,,1,,,,,
2026-09-04T23:08,2026-09-05T04:08,,,,1,,,,,
2026-09-04T23:09,2026-09-05T04:09,,,,1,,,,,
2026-09-04T23:10,2026-09-05T04:10,,,,1,,,,,
2026-09-04T23:11,2026-09-05T04:11,0,0,,1,4,1,260,8,1
2026-09-04T23:12,2026-09-05T04:12,,,,1,,,,,
2026-09-04T23:13,2026-09-05T04:13,,,,1,,,,,
2026-09-04T23:14,2026-09-05T04:14,,,,1,,,,,
2026-09-04T23:15,2026-09-05T04:15,0,0,,1,,,,,
2026-09-04T23:16,2026-09-05T04:16,,,,1,5,1,260,7,1
2026-09-04T23:17,2026-09-05T04:17,,,,1,,,,,
2026-09-04T23:18,2026-09-05T04:18,,,,1,,,,,
2026-09-04T23:19,2026-09-05T04:19,0,0,,1,,,,,
2026-09-04T23:20,2026-09-05T04:20,,,,1,,,,,
2026-09-04T23:21,2026-09-05T04:21,,,,1,6,1,260,7,1
2026-09-04T23:22,2026-09-05T04:22,,,,1,,,,,
2026-09-04T23:23,2026-09-05T04:23,0,0,,1,,,,,
2026-09-04T23:24,2026-09-05T04:24,,,,1,,,,,
2026-09-04T23:25,2026-09-05T04:25,,,,1,,,,,
2026-09-04T23:26,2026-09-05T04:26,,,,1,5,1,260,7,1
2026-09-04T23:27,2026-09-05T04:27,0,0,,1,,,,,
2026-09-04T23:28,2026-09-05T04:28,,,,1,,,,,
2026-09-04T23:29,2026-09-05T04:29,,,,1,,,,,
2026-09-04T23:30,2026-09-05T04:30,,,,1,,,,,
2026-09-04T23:31,2026-09-05T04:31,0,0,,1,5,1,260,7,1
2026-09-04T23:31,2026-09-05T04:31,,,,1,,,,,
2026-09-04T23:32,2026-09-05T04:32,,,,1,,,,,
2026-09-04T23:33,2026-09-05T04:33,,,,1,,,,,
2026-09-04T23:34,2026-09-05T04:34,0,0,,1,,,,,
2026-09-04T23:35,2026-09-05T04:35,,,,1,5,1,261,7,1
2026-09-04T23:36,2026-09-05T04:36,,,,1,,,,,
2026-09-04T23:37,2026-09-05T04:37,,,,1,,,,,
2026-09-04T23:38,2026-09-05T04:38,0,0,,1,,,,,
2026-09-04T23:39,2026-09-05T04:39,,,,1,,,,,
2026-09-04T23:40,2026-09-05T04:40,,,,1,5,2,260,6,2
2026-09-04T23:41,2026-09-05T04:41,,,,1,,,,,
2026-09-04T23:42,2026-09-05T04:42,0,0,,1,,,,,
2026-09-04T23:43,2026-09-05T04:43,,,,1,,,,,
2026-09-04T23:44,2026-09-05T04:44,,,,1,,,,,
2026-09-04T23:45,2026-09-05T04:45,,,,1,6,2,260,6,2
2026-09-04T23:46,2026-09-05T04:46,0,0,16.9,1,,,,,
2026-09-04T23:47,2026-09-05T04:47,,,,1,,,,,
2026-09-04T23:48,2026-09-05T04:48,,,,1,,,,,
2026-09-04T23:49,2026-09-05T04:49,,,,1,,,,,
2026-09-04T23:50,2026-09-05T04:50,0,0,,1,6,2,260,5,2
2026-09-04T23:51,2026-09-05T04:51,,,,1,,,,,
2026-09-04T23:52,2026-09-05T04:52,,,,1,,,,,
2026-09-04T23:53,2026-09-05T04:53,,,,1,,,,,
2026-09-04T23:54,2026-09-05T04:54,0,0,,1,,,,,
2026-09-04T23:54,2026-09-05T04:54,,,,1,6,2,260,5,2
2026-09-04T23:55,2026-09-05T04:55,,,,1,,,,,
2026-09-04T23:56,2026-09-05T04:56,,,,1,,,,,
2026-09-04T23:57,2026-09-05T04:57,0,0,,1,,,,,
2026-09-04T23:58,2026-09-05T04:58,,,,1,,,,,
2026-09-04T23:59,2026-09-05T04:59,,,,1,5,2,260,5,2
2026-09-05T00:00,2026-09-05T05:00,,,,1,,,,,
2026-09-05T00:01,2026-09-05T05:01,0,0,,1,,,,,
2026-09-05T00:02,2026-09-05T05:02,,,,1,,,,,
2026-09-05T00:03,2026-09-05T05:03,,,,1,,,,,
2026-09-05T00:04,2026-09-05T05:04,,,,1,5,2,254,5,2
2026-09-05T00:05,2026-09-05T05:05,0,0,,1,,,,,
2026-09-05T00:06,2026-09-05T05:06,,,,1,,,,,
2026-09-05T00:07,2026-09-05T05:07,,,,1,,,,,
2026-09-05T00:07,2026-09-05T05:07,,,,1,,,,,
2026-09-05T00:09,2026-09-05T05:09,0,0,19.5,1,4,2,254,5,2
2026-09-05T00:10,2026-09-05T05:10,,,,1,,,,,
2026-09-05T00:11,2026-09-05T05:11,,,,1,,,,,
2026-09-05T00:12,2026-09-05T05:12,,,,1,,,,,
2026-09-05T00:13,2026-09-05T05:13,0,0,,1,,,,,
2026-09-05T00:14,2026-09-05T05:14,,,,1,4,2,254,4,2
2026-09-05T00:15,2026-09-05T05:15,,,,1,,,,,
2026-09-05T00:16,2026-09-05T05:16,,,,1,,,,,
2026-09-05T00:17,2026-09-05T05:17,0,0,,1,,,,,
2026-09-05T00:19,2026-09-05T05:19,,,,1,,,,,
2026-09-05T00:19,2026-09-05T05:19,,,,1,5,3,254,4,2
2026-09-05T00:20,2026-09-05T05:20,,,,1,,,,,
2026-09-05T00:21,2026-09-05T05:21,0,0,,1,,,,,
2026-09-05T00:22,2026-09-05T05:22,,,,1,,,,,
2026-09-05T00:24,2026-09-05T05:24,,,,1,,,,,
2026-09-05T00:24,2026-09-05T05:24,,,,1,6,3,254,4,2
2026-09-05T00:25,2026-09-05T05:25,0,0,,1,,,,,
2026-09-05T00:26,2026-09-05T05:26,,,,1,,,,,
2026-09-05T00:27,2026-09-05T05:27,,,,1,,,,,
2026-09-05T00:28,2026-09-05T05:28,,,,1,,,,,
2026-09-05T00:29,2026-09-05T05:29,0,0,,1,6,3,254,4,2
2026-09-05T00:30,2026-09-05T05:30,,,,1,,,,,
2026-09-05T00:31,2026-09-05T05:31,,,,1,,,,,
2026-09-05T00:32,2026-09-05T05:32,,,,1,,,,,
2026-09-05T00:33,2026-09-05T05:33,0,0,,1,,,,,
2026-09-05T00:34,2026-09-05T05:34,,,,1,7,3,254,4,2
2026-09-05T00:36,2026-09-05T05:36,,,,1,,,,,
2026-09-05T00:36,2026-09-05T05:36,,,,1,,,,,
2026-09-05T00:37,2026-09-05T05:37,0,0,,1,,,,,
2026-09-05T00:38,2026-09-05T05:38,,,,1,,,,,
2026-09-05T00:39,2026-09-05T05:39,,,,1,9,3,253,4,2
2026-09-05T00:40,2026-09-05T05:40,,,,1,,,,,
2026-09-05T00:41,2026-09-05T05:41,0,0,,1,,,,,
2026-09-05T00:42,2026-09-05T05:42,,,,1,,,,,
2026-09-05T00:43,2026-09-05T05:43,,,,1,,,,,
2026-09-05T00:44,2026-09-05T05:44,,,,1,8,3,252,4,2
2026-09-05T00:45,2026-09-05T05:45,0,0,,1,,,,,
2026-09-05T00:46,2026-09-05T05:46,,,,1,,,,,
2026-09-05T00:47,2026-09-05T05:47,,,,1,,,,,
2026-09-05T00:48,2026-09-05T05:48,,,,1,,,,,
2026-09-05T00:49,2026-09-05T05:49,0,0,,1,8,3,252,4,2
2026-09-05T00:50,2026-09-05T05:50,,,,1,,,,,
2026-09-05T00:51,2026-09-05T05:51,,,,1,,,,,
2026-09-05T00:52,2026-09-05T05:52,,,,1,,,,,
2026-09-05T00:53,2026-09-05T05:53,0,0,,1,,,,,
2026-09-05T00:54,2026-09-05T05:54,,,,1,10,3,252,4,2
2026-09-05T00:55,2026-09-05T05:55,,,,1,,,,,
2026-09-05T00:56,2026-09-05T05:56,,,,1,,,,,
2026-09-05T00:57,2026-09-05T05:57,0,0,17.4,1,,,,,
2026-09-05T00:58,2026-09-05T05:58,,,,1,,,,,
2026-09-05T00:59,2026-09-05T05:59,,,,1,10,2,252,4,2
2026-09-05T01:00,2026-09-05T06:00,,,,1,,,,,
2026-09-05T01:01,2026-09-05T06:01,0,0,,1,,,,,
2026-09-05T01:02,2026-09-05T06:02,,,,1,,,,,
2026-09-05T01:03,2026-09-05T06:03,,,,1,,,,,
2026-09-05T01:04,2026-09-05T06:04,,,,1,11,2,252,3,2
2026-09-05T01:05,2026-09-05T06:05,0,0,,1,,,,,
2026-09-05T01:07,2026-09-05T06:07,,,,1,,,,,
2026-09-05T01:08,2026-09-05T06:08,,,,1,,,,,
2026-09-05T01:09,2026-09-05T06:09,,,,1,,,,,
2026-09-05T01:10,2026-09-05T06:10,0,0,,1,10,2,252,3,1
2026-09-05T01:11,2026-09-05T06:11,,,,1,,,,,
2026-09-05T01:12,2026-09-05T06:12,,,,1,,,,,
2026-09-05T01:13,2026-09-05T06:13,,,,1,,,,,
2026-09-05T01:14,2026-09-05T06:14,0,0,,1,,,,,
2026-09-05T01:15,2026-09-05T06:15,,,,1,9,2,252,3,1
2026-09-05T01:16,2026-09-05T06:16,,,,1,,,,,
2026-09-05T01:17,2026-09-05T06:17,,,,1,,,,,
2026-09-05T01:18,2026-09-05T06:18,0,0,,1,,,,,
2026-09-05T01:19,2026-09-05T06:19,,,,1,,,,,
2026-09-05T01:20,2026-09-05T06:20,,,,1,10,2,252,3,0
2026-09-05T01:21,2026-09-05T06:21,,,,1,,,,,
2026-09-05T01:22,2026-09-05T06:22,0,0,21.8,1,,,,,
2026-09-05T01:23,2026-09-05T06:23,,,,1,,,,,
2026-09-05T01:24,2026-09-05T06:24,,,,1,,,,,
2026-09-05T01:25,2026-09-05T06:25,,,,1,10,2,252,3,0
2026-09-05T01:26,2026-09-05T06:26,0,0,,1,,,,,
2026-09-05T01:27,2026-09-05T06:27,,,,1,,,,,
2026-09-05T01:28,2026-09-05T06:28,,,,1,,,,,
2026-09-05T01:29,2026-09-05T06:29,,,,1,,,,,
2026-09-05T01:30,2026-09-05T06:30,0,0,,1,10,2,252,3,0
2026-09-05T01:31,2026-09-05T06:31,,,,1,,,,,
2026-09-05T01:32,2026-09-05T06:32,,,,1,,,,,
2026-09-05T01:33,2026-09-05T06:33,,,,1,,,,,
2026-09-05T01:34,2026-09-05T06:34,0,0,,1,,,,,
2026-09-05T01:35,2026-09-05T06:35,,,,1,12,2,252,2,0
2026-09-05T01:36,2026-09-05T06:36,,,,1,,,,,
2026-09-05T01:37,2026-09-05T06:37,,,,1,,,,,
2026-09-05T01:38,2026-09-05T06:38,0,0,,1,,,,,
2026-09-05T01:39,2026-09-05T06:39,,,,1,,,,,
2026-09-05T01:40,2026-09-05T06:40,,,,1,14,2,252,2,0
2026-09-05T01:41,2026-09-05T06:41,,,,1,,,,,
2026-09-05T01:42,2026-09-05T06:42,0,0,,1,,,,,
2026-09-05T01:43,2026-09-05T06:43,,,,1,,,,,
2026-09-05T01:44,2026-09-05T06:44,,,,1,,,,,
2026-09-05T01:45,2026-09-05T06:45,,,,1,14,2,252,2,0
2026-09-05T01:45,2026-09-05T06:45,0,0,21.6,1,,,,,
2026-09-05T01:47,2026-09-05T06:47,,,,1,,,,,
2026-09-05T01:48,2026-09-05T06:48,,,,1,,,,,
2026-09-05T01:49,2026-09-05T06:49,,,,1,,,,,
2026-09-05T01:50,2026-09-05T06:50,0,0,,1,15,2,252,2,0
2026-09-05T01:51,2026-09-05T06:51,,,,1,,,,,
2026-09-05T01:52,2026-09-05T06:52,,,,1,,,,,
2026-09-05T01:53,2026-09-05T06:53,,,,1,,,,,
2026-09-05T01:54,2026-09-05T06:54,0,0,,1,,,,,
2026-09-05T01:55,2026-09-05T06:55,,,,1,15,2,252,2,0
2026-09-05T01:56,2026-09-05T06:56,,,,1,,,,,
2026-09-05T01:57,2026-09-05T06:57,,,,1,,,,,
2026-09-05T01:58,2026-09-05T06:58,0,0,,1,,,,,
2026-09-05T01:58,2026-09-05T06:58,,,,1,,,,,
2026-09-05T01:59,2026-09-05T06:59,,,,1,17,2,252,1,0
2026-09-05T02:00,2026-09-05T07:00,,,,1,,,,,
2026-09-05T02:01,2026-09-05T07:01,0,0,25.9,1,,,,,
2026-09-05T02:02,2026-09-05T07:02,,,,1,,,,,
2026-09-05T02:03,2026-09-05T07:03,,,,1,,,,,
2026-09-05T02:04,2026-09-05T07:04,,,,1,17,3,252,1,0
2026-09-05T02:05,2026-09-05T07:05,0,0,,1,,,,,
2026-09-05T02:07,2026-09-05T07:07,,,,1,,,,,
2026-09-05T02:08,2026-09-05T07:08,,,,1,,,,,
2026-09-05T02:09,2026-09-05T07:09,,,,1,,,,,
2026-09-05T02:10,2026-09-05T07:10,0,0,,1,15,3,252,1,0
2026-09-05T02:10,2026-09-05T07:10,,,,1,,,,,
2026-09-05T02:12,2026-09-05T07:12,,,,1,,,,,
2026-09-05T02:12,2026-09-05T07:12,,,,1,,,,,
2026-09-05T02:13,2026-09-05T07:13,0,0,,1,,,,,
2026-09-05T02:14,2026-09-05T07:14,,,,1,16,3,252,1,0
2026-09-05T02:15,2026-09-05T07:15,,,,1,,,,,
2026-09-05T02:16,2026-09-05T07:16,,,,1,,,,,
2026-09-05T02:17,2026-09-05T07:17,0,0,,1,,,,,
2026-09-05T02:18,2026-09-05T07:18,,,,1,,,,,
2026-09-05T02:19,2026-09-05T07:19,,,,1,15,3,252,1,0
2026-09-05T02:20,2026-09-05T07:20,,,,1,,,,,
2026-09-05T02:21,2026-09-05T07:21,0,0,,1,,,,,
2026-09-05T02:22,2026-09-05T07:22,,,,1,,,,,
2026-09-05T02:23,2026-09-05T07:23,,,,1,,,,,
2026-09-05T02:24,2026-09-05T07:24,,,,1,15,4,252,1,0
2026-09-05T02:25,2026-09-05T07:25,0,0,,1,,,,,
2026-09-05T02:27,2026-09-05T07:27,,,,1,,,,,
2026-09-05T02:28,2026-09-05T07:28,,,,1,,,,,
2026-09-05T02:29,2026-09-05T07:29,,,,1,,,,,
2026-09-05T02:30,2026-09-05T07:30,0,0,,1,21,5,252,2,0
2026-09-05T02:31,2026-09-05T07:31,,,,1,,,,,
2026-09-05T02:32,2026-09-05T07:32,,,,1,,,,,
2026-09-05T02:33,2026-09-05T07:33,,,,1,,,,,
2026-09-05T02:34,2026-09-05T07:34,0,0,,1,,,,,
2026-09-05T02:35,2026-09-05T07:35,,,,1,20,5,251,2,0
2026-09-05T02:36,2026-09-05T07:36,,,,1,,,,,
2026-09-05T02:37,2026-09-05T07:37,,,,1,,,,,
2026-09-05T02:38,2026-09-05T07:38,0,0,,1,,,,,
2026-09-05T02:39,2026-09-05T07:39,,,,1,,,,,
2026-09-05T02:40,2026-09-05T07:40,,,,1,25,5,251,2,0
2026-09-05T02:41,2026-09-05T07:41,,,,1,,,,,
2026-09-05T02:42,2026-09-05T07:42,0,0,,1,,,,,
2026-09-05T02:43,2026-09-05T07:43,,,,1,,,,,
2026-09-05T02:44,2026-09-05T07:44,,,,1,,,,,
2026-09-05T02:45,2026-09-05T07:45,,,,1,27,5,251,2,0
2026-09-05T02:46,2026-09-05T07:46,0,0,,1,,,,,
2026-09-05T02:47,2026-09-05T07:47,,,,1,,,,,
2026-09-05T02:48,2026-09-05T07:48,,,,1,,,,,
2026-09-05T02:49,2026-09-05T07:49,,,,1,,,,,
2026-09-05T02:50,2026-09-05T07:50,0,0,,1,29,6,252,2,0
2026-09-05T02:51,2026-09-05T07:51,,,,1,,,,,
2026-09-05T02:52,2026-09-05T07:52,,,,1,,,,,
2026-09-05T02:52,2026-09-05T07:52,,,,1,,,,,
2026-09-05T02:53,2026-09-05T07:53,0,0,,1,,,,,
2026-09-05T02:54,2026-09-05T07:54,,,,1,32,6,253,2,0
2026-09-05T02:55,2026-09-05T07:55,,,,1,,,,,
2026-09-05T02:56,2026-09-05T07:56,,,,1,,,,,
2026-09-05T02:57,2026-09-05T07:57,0,0,,1,,,,,
2026-09-05T02:58,2026-09-05T07:58,,,,1,,,,,
2026-09-05T02:59,2026-09-05T07:59,,,,1,34,6,255,2,0
2026-09-05T03:00,2026-09-05T08:00,,,,1,,,,,
2026-09-05T03:01,2026-09-05T08:01,0,0,,1,,,,,
2026-09-05T03:02,2026-09-05T08:02,,,,1,,,,,
2026-09-05T03:03,2026-09-05T08:03,,,,1,,,,,
2026-09-05T03:04,2026-09-05T08:04,,,,1,33,6,255,2,0
2026-09-05T03:05,2026-09-05T08:05,0,0,,1,,,,,
2026-09-05T03:07,2026-09-05T08:07,,,,1,,,,,
2026-09-05T03:08,2026-09-05T08:08,,,,1,,,,,
2026-09-05T03:09,2026-09-05T08:09,,,,1,,,,,
2026-09-05T03:10,2026-09-05T08:10,0,0,42.6,1,33,7,255,2,0
2026-09-05T03:11,2026-09-05T08:11,,,,1,,,,,
2026-09-05T03:12,2026-09-05T08:12,,,,1,,,,,
2026-09-05T03:13,2026-09-05T08:13,1,0,,1,33,7,255,4,0
2026-09-05T03:14,2026-09-05T08:14,,,,1,,,,,
2026-09-05T03:15,2026-09-05T08:15,,,,1,,,,,
2026-09-05T03:16,2026-09-05T08:16,,,,1,,,,,
2026-09-05T03:17,2026-09-05T08:17,1,0,,1,,,,,
2026-09-05T03:18,2026-09-05T08:18,,,,1,40,6,255,5,0
2026-09-05T03:19,2026-09-05T08:19,,,,1,,,,,
2026-09-05T03:20,2026-09-05T08:20,,,,1,,,,,
2026-09-05T03:21,2026-09-05T08:21,1,0,,1,,,,,
2026-09-05T03:22,2026-09-05T08:22,,,,1,,,,,
2026-09-05T03:23,2026-09-05T08:23,,,,1,40,5,255,6,0
2026-09-05T03:24,2026-09-05T08:24,,,,1,,,,,
2026-09-05T03:25,2026-09-05T08:25,1,0,,1,,,,,
2026-09-05T03:26,2026-09-05T08:26,,,,1,,,,,
2026-09-05T03:27,2026-09-05T08:27,,,,1,,,,,
2026-09-05T03:28,2026-09-05T08:28,,,,1,41,5,256,8,0
2026-09-05T03:29,2026-09-05T08:29,1,0,,1,,,,,
2026-09-05T03:30,2026-09-05T08:30,,,,1,,,,,
2026-09-05T03:30,2026-09-05T08:30,,,,1,,,,,
2026-09-05T03:32,2026-09-05T08:32,,,,1,,,,,
2026-09-05T03:32,2026-09-05T08:32,1,0,,1,43,5,256,9,0
2026-09-05T03:33,2026-09-05T08:33,,,,1,,,,,
2026-09-05T03:34,2026-09-05T08:34,,,,1,,,,,
2026-09-05T03:35,2026-09-05T08:35,,,,1,,,,,
2026-09-05T03:36,2026-09-05T08:36,1,0,,1,,,,,
2026-09-05T03:37,2026-09-05T08:37,,,,1,43,5,256,10,0
2026-09-05T03:38,2026-09-05T08:38,,,,1,,,,,
2026-09-05T03:39,2026-09-05T08:39,,,,1,,,,,
2026-09-05T03:40,2026-09-05T08:40,1,0,,1,,,,,
2026-09-05T03:41,2026-09-05T08:41,,,,1,,,,,
2026-09-05T03:42,2026-09-05T08:42,,,,1,45,6,256,10,0
2026-09-05T03:43,2026-09-05T08:43,,,,1,,,,,
2026-09-05T03:44,2026-09-05T08:44,1,0,,1,,,,,
2026-09-05T03:45,2026-09-05T08:45,,,,1,,,,,
2026-09-05T03:46,2026-09-05T08:46,,,,1,,,,,
2026-09-05T03:47,2026-09-05T08:47,,,,1,49,7,256,13,0
2026-09-05T03:48,2026-09-05T08:48,1,0,,1,,,,,
2026-09-05T03:49,2026-09-05T08:49,,,,1,,,,,
2026-09-05T03:50,2026-09-05T08:50,,,,1,,,,,
2026-09-05T03:51,2026-09-05T08:51,,,,1,,,,,
2026-09-05T03:52,2026-09-05T08:52,1,0,,1,49,7,256,16,1
2026-09-05T03:53,2026-09-05T08:53,,,,1,,,,,
2026-09-05T03:54,2026-09-05T08:54,,,,1,,,,,
2026-09-05T03:55,2026-09-05T08:55,,,,1,,,,,
2026-09-05T03:56,2026-09-05T08:56,1,0,,1,,,,,
2026-09-05T03:57,2026-09-05T08:57,,,,1,50,7,256,17,2
2026-09-05T03:58,2026-09-05T08:58,,,,1,,,,,
2026-09-05T03:59,2026-09-05T08:59,,,,1,,,,,
2026-09-05T04:00,2026-09-05T09:00,1,0,,1,,,,,
2026-09-05T04:01,2026-09-05T09:01,,,,1,,,,,
2026-09-05T04:02,2026-09-05T09:02,,,,1,49,8,256,18,2
2026-09-05T04:03,2026-09-05T09:03,,,,1,,,,,
2026-09-05T04:04,2026-09-05T09:04,1,0,,1,,,,,
2026-09-05T04:05,2026-09-05T09:05,,,,1,,,,,
2026-09-05T04:06,2026-09-05T09:06,,,,1,,,,,
2026-09-05T04:07,2026-09-05T09:07,,,,1,48,8,256,19,2
2026-09-05T04:08,2026-09-05T09:08,1,0,,1,,,,,
2026-09-05T04:09,2026-09-05T09:09,,,,1,,,,,
2026-09-05T04:10,2026-09-05T09:10,,,,1,,,,,
2026-09-05T04:11,2026-09-05T09:11,,,,1,,,,,
2026-09-05T04:12,2026-09-05T09:12,1,0,,1,45,8,256,19,2
2026-09-05T04:13,2026-09-05T09:13,,,,1,,,,,
2026-09-05T04:14,2026-09-05T09:14,,,,1,,,,,
2026-09-05T04:15,2026-09-05T09:15,,,,1,,,,,
2026-09-05T04:16,2026-09-05T09:16,1,0,,1,,,,,
2026-09-05T04:17,2026-09-05T09:17,,,,1,46,8,256,19,2
2026-09-05T04:18,2026-09-05T09:18,,,,1,,,,,
2026-09-05T04:19,2026-09-05T09:19,,,,1,,,,,
2026-09-05T04:20,2026-09-05T09:20,1,0,,1,,,,,
2026-09-05T04:21,2026-09-05T09:21,,,,1,,,,,
2026-09-05T04:22,2026-09-05T09:22,,,,1,49,11,256,21,2
2026-09-05T04:23,2026-09-05T09:23,,,,1,,,,,
2026-09-05T04:23,2026-09-05T09:23,1,0,,1,,,,,
2026-09-05T04:24,2026-09-05T09:24,,,,1,,,,,
2026-09-05T04:25,2026-09-05T09:25,,,,1,,,,,
2026-09-05T04:27,2026-09-05T09:27,,,,1,52,12,257,20,2
2026-09-05T04:28,2026-09-05T09:28,1,0,,1,,,,,
2026-09-05T04:29,2026-09-05T09:29,,,,1,,,,,
2026-09-05T04:30,2026-09-05T09:30,,,,1,,,,,
2026-09-05T04:31,2026-09-05T09:31,,,,1,,,,,
2026-09-05T04:32,2026-09-05T09:32,1,0,,1,59,12,261,22,2
2026-09-05T04:33,2026-09-05T09:33,,,,1,,,,,
2026-09-05T04:34,2026-09-05T09:34,,,,1,,,,,
2026-09-05T04:35,2026-09-05T09:35,,,,1,,,,,
2026-09-05T04:36,2026-09-05T09:36,2,0,,2,,,,,
2026-09-05T04:37,2026-09-05T09:37,,,,2,58,13,261,21,2
2026-09-05T04:38,2026-09-05T09:38,,,,2,,,,,
2026-09-05T04:39,2026-09-05T09:39,,,,2,,,,,
2026-09-05T04:40,2026-09-05T09:40,2,0,70.2,2,,,,,
2026-09-05T04:41,2026-09-05T09:41,,,,2,,,,,
2026-09-05T04:42,2026-09-05T09:42,,,,2,59,13,261,19,2
2026-09-05T04:43,2026-09-05T09:43,,,,2,,,,,
2026-09-05T04:44,2026-09-05T09:44,2,0,,2,,,,,
2026-09-05T04:45,2026-09-05T09:45,,,,2,,,,,
2026-09-05T04:46,2026-09-05T09:46,,,,2,,,,,
2026-09-05T04:47,2026-09-05T09:47,,,,2,59,13,261,19,2
2026-09-05T04:48,2026-09-05T09:48,2,0,,2,,,,,
2026-09-05T04:49,2026-09-05T09:49,,,,2,,,,,
2026-09-05T04:50,2026-09-05T09:50,,,,2,,,,,
2026-09-05T04:50,2026-09-05T09:50,,,,2,,,,,
2026-09-05T04:52,2026-09-05T09:52,2,0,78.4,2,64,14,263,19,1
2026-09-05T04:53,2026-09-05T09:53,,,,2,,,,,
2026-09-05T04:54,2026-09-05T09:54,,,,2,,,,,
2026-09-05T04:54,2026-09-05T09:54,,,,2,,,,,
2026-09-05T04:56,2026-09-05T09:56,2,0,,2,,,,,
2026-09-05T04:57,2026-09-05T09:57,,,,2,65,14,264,19,1
2026-09-05T04:58,2026-09-05T09:58,,,,2,,,,,
2026-09-05T04:59,2026-09-05T09:59,,,,2,,,,,
2026-09-05T05:00,2026-09-05T10:00,2,0,,2,,,,,
2026-09-05T05:01,2026-09-05T10:01,,,,2,,,,,
2026-09-05T05:02,2026-09-05T10:02,,,,2,71,15,264,17,1
2026-09-05T05:03,2026-09-05T10:03,,,,2,,,,,
2026-09-05T05:04,2026-09-05T10:04,2,0,,2,,,,,
2026-09-05T05:05,2026-09-05T10:05,,,,2,,,,,
2026-09-05T05:06,2026-09-05T10:06,,,,2,,,,,
2026-09-05T05:07,2026-09-05T10:07,,,,2,74,15,264,16,2
2026-09-05T05:08,2026-09-05T10:08,2,0,,2,,,,,
2026-09-05T05:09,2026-09-05T10:09,,,,2,,,,,
2026-09-05T05:10,2026-09-05T10:10,,,,2,,,,,
2026-09-05T05:11,2026-09-05T10:11,,,,2,,,,,
2026-09-05T05:12,2026-09-05T10:12,2,0,,2,76,15,264,17,2
2026-09-05T05:13,2026-09-05T10:13,,,,2,,,,,
2026-09-05T05:14,2026-09-05T10:14,,,,2,,,,,
2026-09-05T05:15,2026-09-05T10:15,,,,2,,,,,
2026-09-05T05:16,2026-09-05T10:16,2,0,,2,,,,,
2026-09-05T05:17,2026-09-05T10:17,,,,2,77,15,264,14,2
2026-09-05T05:18,2026-09-05T10:18,,,,2,,,,,
2026-09-05T05:18,2026-09-05T10:18,,,,2,,,,,
2026-09-05T05:19,2026-09-05T10:19,2,0,,2,,,,,
2026-09-05T05:21,2026-09-05T10:21,,,,2,,,,,
2026-09-05T05:21,2026-09-05T10:21,,,,2,81,15,265,12,2
2026-09-05T05:22,2026-09-05T10:22,,,,2,,,,,
2026-09-05T05:23,2026-09-05T10:23,2,0,,2,,,,,
2026-09-05T05:24,2026-09-05T10:24,,,,2,,,,,
2026-09-05T05:25,2026-09-05T10:25,,,,2,,,,,
2026-09-05T05:26,2026-09-05T10:26,,,,2,83,19,265,12,1
2026-09-05T05:27,2026-09-05T10:27,2,0,,2,,,,,
2026-09-05T05:28,2026-09-05T10:28,,,,2,,,,,
2026-09-05T05:28,2026-09-05T10:28,,,,2,,,,,
2026-09-05T05:29,2026-09-05T10:29,,,,2,,,,,
2026-09-05T05:30,2026-09-05T10:30,2,0,,2,84,18,266,11,1
2026-09-05T05:31,2026-09-05T10:31,,,,2,,,,,
2026-09-05T05:32,2026-09-05T10:32,,,,2,,,,,
2026-09-05T05:33,2026-09-05T10:33,,,,2,,,,,
2026-09-05T05:35,2026-09-05T10:35,2,0,,2,,,,,
2026-09-05T05:35,2026-09-05T10:35,,,,2,89,20,266,11,1
2026-09-05T05:36,2026-09-05T10:36,,,,2,,,,,
2026-09-05T05:37,2026-09-05T10:37,,,,2,,,,,
2026-09-05T05:38,2026-09-05T10:38,2,0,,2,,,,,
2026-09-05T05:39,2026-09-05T10:39,,,,2,,,,,
2026-09-05T05:40,2026-09-05T10:40,,,,2,93,20,267,10,1
2026-09-05T05:41,2026-09-05T10:41,,,,2,,,,,
2026-09-05T05:42,2026-09-05T10:42,3,0,,2,,,,,
2026-09-05T05:44,2026-09-05T10:44,,,,3,,,,,
2026-09-05T05:44,2026-09-05T10:44,,,,3,,,,,
2026-09-05T05:45,2026-09-05T10:45,,,,3,95,20,267,10,1
2026-09-05T05:47,2026-09-05T10:47,3,0,,3,,,,,
2026-09-05T05:48,2026-09-05T10:48,,,,3,,,,,
2026-09-05T05:49,2026-09-05T10:49,,,,3,,,,,
2026-09-05T05:50,2026-09-05T10:50,,,,3,,,,,
2026-09-05T05:51,2026-09-05T10:51,3,0,,3,94,20,267,11,1
2026-09-05T05:52,2026-09-05T10:52,,,,3,,,,,
2026-09-05T05:53,2026-09-05T10:53,,,,3,,,,,
2026-09-05T05:54,2026-09-05T10:54,,,,3,,,,,
2026-09-05T05:55,2026-09-05T10:55,3,0,,3,,,,,
2026-09-05T05:56,2026-09-05T10:56,,,,3,93,20,267,11,1
2026-09-05T05:57,2026-09-05T10:57,,,,3,,,,,
2026-09-05T05:58,2026-09-05T10:58,,,,3,,,,,
2026-09-05T05:59,2026-09-05T10:59,3,0,,3,,,,,
2026-09-05T06:00,2026-09-05T11:00,,,,3,,,,,
2026-09-05T06:01,2026-09-05T11:01,,,,3,94,21,267,11,1
2026-09-05T06:02,2026-09-05T11:02,,,,3,,,,,
2026-09-05T06:03,2026-09-05T11:03,3,0,,3,,,,,
2026-09-05T06:04,2026-09-05T11:04,,,,3,,,,,
2026-09-05T06:05,2026-09-05T11:05,,,,3,,,,,
2026-09-05T06:06,2026-09-05T11:06,,,,3,98,21,268,12,1
2026-09-05T06:07,2026-09-05T11:07,3,0,,3,,,,,
2026-09-05T06:08,2026-09-05T11:08,,,,3,,,,,
2026-09-05T06:09,2026-09-05T11:09,,,,3,,,,,
2026-09-05T06:10,2026-09-05T11:10,,,,3,,,,,
2026-09-05T06:11,2026-09-05T11:11,3,0,,3,98,21,268,13,1
2026-09-05T06:12,2026-09-05T11:12,,,,3,,,,,
2026-09-05T06:13,2026-09-05T11:13,,,,3,,,,,
2026-09-05T06:14,2026-09-05T11:14,,,,3,,,,,
2026-09-05T06:15,2026-09-05T11:15,3,0,,3,,,,,
2026-09-05T06:16,2026-09-05T11:16,,,,3,96,21,268,15,1
2026-09-05T06:17,2026-09-05T11:17,,,,3,,,,,
2026-09-05T06:18,2026-09-05T11:18,,,,3,,,,,
2026-09-05T06:18,2026-09-05T11:18,3,0,,3,,,,,
2026-09-05T06:19,2026-09-05T11:19,,,,3,,,,,
2026-09-05T06:20,2026-09-05T11:20,,,,3,97,21,268,16,1
2026-09-05T06:22,2026-09-05T11:22,,,,3,,,,,
2026-09-05T06:22,2026-09-05T11:22,3,0,,3,,,,,
2026-09-05T06:24,2026-09-05T11:24,,,,3,,,,,
2026-09-05T06:25,2026-09-05T11:25,,,,3,,,,,
2026-09-05T06:25,2026-09-05T11:25,,,,3,95,23,267,17,1
2026-09-05T06:26,2026-09-05T11:26,3,0,,3,,,,,
2026-09-05T06:27,2026-09-05T11:27,,,,3,,,,,
2026-09-05T06:29,2026-09-05T11:29,,,,3,,,,,
2026-09-05T06:29,2026-09-05T11:29,,,,3,,,,,
2026-09-05T06:30,2026-09-05T11:30,3,0,,3,91,23,267,18,1
2026-09-05T06:31,2026-09-05T11:31,,,,3,,,,,
2026-09-05T06:32,2026-09-05T11:32,,,,3,,,,,
2026-09-05T06:33,2026-09-05T11:33,,,,3,,,,,
2026-09-05T06:34,2026-09-05T11:34,4,0,,4,,,,,
2026-09-05T06:35,2026-09-05T11:35,,,,4,91,25,267,18,0
2026-09-05T06:36,2026-09-05T11:36,,,,4,,,,,
2026-09-05T06:37,2026-09-05T11:37,,,,4,,,,,
2026-09-05T06:38,2026-09-05T11:38,4,0,103.8,4,,,,,
2026-09-05T06:39,2026-09-05T11:39,,,,4,,,,,
2026-09-05T06:40,2026-09-05T11:40,,,,4,90,24,267,19,0
2026-09-05T06:41,2026-09-05T11:41,,,,4,,,,,
2026-09-05T06:42,2026-09-05T11:42,4,0,105.9,4,,,,,
2026-09-05T06:43,2026-09-05T11:43,,,,4,,,,,
2026-09-05T06:44,2026-09-05T11:44,,,,4,,,,,
2026-09-05T06:45,2026-09-05T11:45,,,,4,91,24,267,22,0
2026-09-05T06:46,2026-09-05T11:46,4,0,105.1,4,,,,,
2026-09-05T06:47,2026-09-05T11:47,,,,4,,,,,
2026-09-05T06:48,2026-09-05T11:48,,,,4,,,,,
2026-09-05T06:49,2026-09-05T11:49,,,,4,,,,,
2026-09-05T06:50,2026-09-05T11:50,4,0,107.5,4,96,25,266,22,0
2026-09-05T06:50,2026-09-05T11:50,,,,4,,,,,
2026-09-05T06:51,2026-09-05T11:51,,,,4,,,,,
2026-09-05T06:52,2026-09-05T11:52,,,,4,,,,,
2026-09-05T06:53,2026-09-05T11:53,4,0,105.5,4,,,,,
2026-09-05T06:54,2026-09-05T11:54,,,,4,101,25,267,20,0
2026-09-05T06:55,2026-09-05T11:55,,,,4,,,,,
2026-09-05T06:56,2026-09-05T11:56,,,,4,,,,,
2026-09-05T06:57,2026-09-05T11:57,4,0,106.3,4,,,,,
2026-09-05T06:58,2026-09-05T11:58,,,,4,,,,,
2026-09-05T06:59,2026-09-05T11:59,,,,4,108,26,268,20,0
2026-09-05T07:00,2026-09-05T12:00,,,,4,,,,,
2026-09-05T07:01,2026-09-05T12:01,4,0,112.3,4,,,,,
2026-09-05T07:02,2026-09-05T12:02,,,,4,,,,,
2026-09-05T07:03,2026-09-05T12:03,,,,4,,,,,
2026-09-05T07:04,2026-09-05T12:04,,,,4,110,26,269,19,0
2026-09-05T07:05,2026-09-05T12:05,4,0,109.1,4,,,,,
2026-09-05T07:06,2026-09-05T12:06,,,,4,,,,,
2026-09-05T07:07,2026-09-05T12:07,,,,4,,,,,
2026-09-05T07:08,2026-09-05T12:08,,,,4,,,,,
2026-09-05T07:10,2026-09-05T12:10,4,0,112.2,4,106,28,269,19,0
2026-09-05T07:11,2026-09-05T12:11,,,,4,,,,,
2026-09-05T07:12,2026-09-05T12:12,,,,4,,,,,
2026-09-05T07:13,2026-09-05T12:13,,,,4,,,,,
2026-09-05T07:14,2026-09-05T12:14,4,0,109.2,4,,,,,
2026-09-05T07:15,2026-09-05T12:15,,,,4,108,29,269,19,0
2026-09-05T07:16,2026-09-05T12:16,,,,4,,,,,
2026-09-05T07:17,2026-09-05T12:17,,,,4,,,,,
2026-09-05T07:18,2026-09-05T12:18,4,0,110.6,4,,,,,
2026-09-05T07:19,2026-09-05T12:19,,,,4,,,,,
2026-09-05T07:20,2026-09-05T12:20,,,,4,113,31,269,20,0
2026-09-05T07:21,2026-09-05T12:21,,,,4,,,,,
2026-09-05T07:22,2026-09-05T12:22,4,0,108.9,4,,,,,
2026-09-05T07:23,2026-09-05T12:23,,,,4,,,,,
2026-09-05T07:24,2026-09-05T12:24,,,,4,,,,,
2026-09-05T07:25,2026-09-05T12:25,,,,4,116,28,269,22,0
2026-09-05T07:26,2026-09-05T12:26,4,0,110.8,4,,,,,
2026-09-05T07:27,2026-09-05T12:27,,,,4,,,,,
2026-09-05T07:28,2026-09-05T12:28,,,,4,,,,,
2026-09-05T07:29,2026-09-05T12:29,,,,4,,,,,
2026-09-05T07:30,2026-09-05T12:30,4,0,107.7,4,116,30,269,22,0
2026-09-05T07:31,2026-09-05T12:31,,,,4,,,,,
2026-09-05T07:32,2026-09-05T12:32,,,,4,,,,,
2026-09-05T07:33,2026-09-05T12:33,,,,4,,,,,
2026-09-05T07:34,2026-09-05T12:34,4,0,112.7,4,,,,,
2026-09-05T07:34,2026-09-05T12:34,,,,4,118,30,267,22,0
2026-09-05T07:36,2026-09-05T12:36,,,,4,,,,,
2026-09-05T07:37,2026-09-05T12:37,,,,4,,,,,
2026-09-05T07:38,2026-09-05T12:38,4,0,114.2,4,,,,,
2026-09-05T07:39,2026-09-05T12:39,,,,4,,,,,
2026-09-05T07:40,2026-09-05T12:40,,,,4,126,32,269,22,0
2026-09-05T07:41,2026-09-05T12:41,,,,4,,,,,
2026-09-05T07:42,2026-09-05T12:42,5,0,113.0,4,,,,,
2026-09-05T07:43,2026-09-05T12:43,,,,4,,,,,
2026-09-05T07:44,2026-09-05T12:44,,,,4,,,,,
2026-09-05T07:45,2026-09-05T12:45,,,,4,130,33,269,24,0
2026-09-05T07:46,2026-09-05T12:46,5,0,114.1,4,,,,,
2026-09-05T07:47,2026-09-05T12:47,,,,4,,,,,
2026-09-05T07:48,2026-09-05T12:48,,,,4,,,,,
2026-09-05T07:49,2026-09-05T12:49,,,,4,,,,,
2026-09-05T07:50,2026-09-05T12:50,5,0,113.8,4,130,33,268,25,0
2026-09-05T07:51,2026-09-05T12:51,,,,4,,,,,
2026-09-05T07:52,2026-09-05T12:52,,,,4,,,,,
2026-09-05T07:53,2026-09-05T12:53,,,,4,,,,,
2026-09-05T07:54,2026-09-05T12:54,5,0,115.8,4,,,,,
2026-09-05T07:55,2026-09-05T12:55,,,,4,129,33,269,27,0
2026-09-05T07:56,2026-09-05T12:56,,,,4,,,,,
2026-09-05T07:57,2026-09-05T12:57,,,,4,,,,,
2026-09-05T07:58,2026-09-05T12:58,4,0,114.4,4,,,,,
2026-09-05T07:59,2026-09-05T12:59,,,,4,,,,,
2026-09-05T07:59,2026-09-05T12:59,,,,4,130,35,270,27,0
2026-09-05T08:00,2026-09-05T13:00,,,,5,,,,,
2026-09-05T08:01,2026-09-05T13:01,4,0,115.1,4,,,,,
2026-09-05T08:02,2026-09-05T13:02,,,,5,,,,,
2026-09-05T08:03,2026-09-05T13:03,,,,4,,,,,
2026-09-05T08:04,2026-09-05T13:04,,,,4,132,36,271,27,0
2026-09-05T08:05,2026-09-05T13:05,4,0,119.0,4,,,,,
2026-09-05T08:06,2026-09-05T13:06,,,,4,,,,,
2026-09-05T08:07,2026-09-05T13:07,,,,4,,,,,
2026-09-05T08:08,2026-09-05T13:08,,,,4,,,,,
2026-09-05T08:09,2026-09-05T13:09,4,0,118.6,4,134,37,271,25,0
2026-09-05T08:10,2026-09-05T13:10,,,,4,,,,,
2026-09-05T08:11,2026-09-05T13:11,,,,4,,,,,
2026-09-05T08:12,2026-09-05T13:12,,,,4,,,,,
2026-09-05T08:13,2026-09-05T13:13,4,0,117.0,4,,,,,
2026-09-05T08:14,2026-09-05T13:14,,,,5,131,39,273,24,1
2026-09-05T08:15,2026-09-05T13:15,,,,5,,,,,
2026-09-05T08:16,2026-09-05T13:16,,,,5,,,,,
2026-09-05T08:17,2026-09-05T13:17,4,0,111.0,5,,,,,
2026-09-05T08:18,2026-09-05T13:18,,,,5,,,,,
2026-09-05T08:19,2026-09-05T13:19,,,,5,127,39,274,26,1
2026-09-05T08:20,2026-09-05T13:20,,,,5,,,,,
2026-09-05T08:21,2026-09-05T13:21,5,0,112.0,5,,,,,
2026-09-05T08:22,2026-09-05T13:22,,,,5,,,,,
2026-09-05T08:23,2026-09-05T13:23,,,,5,,,,,
2026-09-05T08:24,2026-09-05T13:24,,,,5,123,37,274,26,1
2026-09-05T08:25,2026-09-05T13:25,5,0,114.4,5,,,,,
2026-09-05T08:26,2026-09-05T13:26,,,,5,,,,,
2026-09-05T08:27,2026-09-05T13:27,,,,5,,,,,
2026-09-05T08:28,2026-09-05T13:28,,,,5,,,,,
2026-09-05T08:29,2026-09-05T13:29,5,0,116.6,5,122,38,274,26,1
2026-09-05T08:30,2026-09-05T13:30,,,,5,,,,,
2026-09-05T08:31,2026-09-05T13:31,,,,5,,,,,
2026-09-05T08:32,2026-09-05T13:32,,,,5,,,,,
2026-09-05T08:33,2026-09-05T13:33,5,0,117.0,5,,,,,
2026-09-05T08:34,2026-09-05T13:34,,,,5,120,38,274,27,1
2026-09-05T08:35,2026-09-05T13:35,,,,5,,,,,
2026-09-05T08:36,2026-09-05T13:36,,,,5,,,,,
2026-09-05T08:37,2026-09-05T13:37,5,0,116.9,5,,,,,
2026-09-05T08:37,2026-09-05T13:37,,,,5,,,,,
2026-09-05T08:39,2026-09-05T13:39,,,,5,120,38,273,29,1
2026-09-05T08:40,2026-09-05T13:40,,,,5,,,,,
2026-09-05T08:41,2026-09-05T13:41,5,0,119.7,5,,,,,
2026-09-05T08:42,2026-09-05T13:42,,,,5,,,,,
2026-09-05T08:43,2026-09-05T13:43,,,,5,,,,,
2026-09-05T08:44,2026-09-05T13:44,,,,5,122,38,273,28,1
2026-09-05T08:45,2026-09-05T13:45,5,0,115.0,5,,,,,
2026-09-05T08:46,2026-09-05T13:46,,,,5,,,,,
2026-09-05T08:47,2026-09-05T13:47,,,,5,,,,,
2026-09-05T08:48,2026-09-05T13:48,,,,5,,,,,
2026-09-05T08:49,2026-09-05T13:49,5,0,123.8,5,128,38,274,29,1
2026-09-05T08:50,2026-09-05T13:50,,,,5,,,,,
2026-09-05T08:51,2026-09-05T13:51,,,,5,,,,,
2026-09-05T08:52,2026-09-05T13:52,,,,5,,,,,
2026-09-05T08:53,2026-09-05T13:53,5,0,120.4,5,127,39,273,28,1
2026-09-05T08:54,2026-09-05T13:54,,,,5,,,,,
2026-09-05T08:55,2026-09-05T13:55,,,,5,,,,,
2026-09-05T08:56,2026-09-05T13:56,,,,5,,,,,
2026-09-05T08:57,2026-09-05T13:57,5,0,119.6,5,,,,,
2026-09-05T08:58,2026-09-05T13:58,,,,5,129,39,273,29,1
2026-09-05T08:59,2026-09-05T13:59,,,,5,,,,,
2026-09-05T09:00,2026-09-05T14:00,,,,5,,,,,
2026-09-05T09:01,2026-09-05T14:01,5,0,119.2,5,,,,,
2026-09-05T09:02,2026-09-05T14:02,,,,5,,,,,
2026-09-05T09:03,2026-09-05T14:03,,,,5,131,38,272,29,1
2026-09-05T09:04,2026-09-05T14:04,,,,5,,,,,
2026-09-05T09:05,2026-09-05T14:05,5,0,121.5,5,,,,,
2026-09-05T09:06,2026-09-05T14:06,,,,5,,,,,
2026-09-05T09:07,2026-09-05T14:07,,,,5,,,,,
2026-09-05T09:07,2026-09-05T14:07,,,,5,124,40,271,32,1
2026-09-05T09:09,2026-09-05T14:09,5,0,119.4,5,,,,,
2026-09-05T09:10,2026-09-05T14:10,,,,5,,,,,
2026-09-05T09:10,2026-09-05T14:10,,,,5,,,,,
2026-09-05T09:11,2026-09-05T14:11,,,,5,,,,,
2026-09-05T09:12,2026-09-05T14:12,5,0,120.3,5,128,39,271,32,2
2026-09-05T09:13,2026-09-05T14:13,,,,5,,,,,
2026-09-05T09:14,2026-09-05T14:14,,,,5,,,,,
2026-09-05T09:15,2026-09-05T14:15,,,,5,,,,,
2026-09-05T09:17,2026-09-05T14:17,5,0,120.5,5,,,,,
2026-09-05T09:17,2026-09-05T14:17,,,,5,132,39,272,33,2
2026-09-05T09:19,2026-09-05T14:19,,,,5,,,,,
2026-09-05T09:20,2026-09-05T14:20,,,,5,,,,,
2026-09-05T09:21,2026-09-05T14:21,5,0,119.6,5,,,,,
2026-09-05T09:21,2026-09-05T14:21,,,,5,,,,,
2026-09-05T09:22,2026-09-05T14:22,,,,5,132,40,273,31,2
2026-09-05T09:23,2026-09-05T14:23,,,,5,,,,,
2026-09-05T09:24,2026-09-05T14:24,5,0,116.1,5,,,,,
2026-09-05T09:25,2026-09-05T14:25,,,,5,,,,,
2026-09-05T09:26,2026-09-05T14:26,,,,5,,,,,
2026-09-05T09:27,2026-09-05T14:27,,,,5,127,39,273,34,2
2026-09-05T09:28,2026-09-05T14:28,5,0,121.9,5,,,,,
2026-09-05T09:29,2026-09-05T14:29,,,,5,,,,,
2026-09-05T09:30,2026-09-05T14:30,,,,5,,,,,
2026-09-05T09:31,2026-09-05T14:31,,,,5,,,,,
2026-09-05T09:32,2026-09-05T14:32,5,0,122.1,5,131,38,274,32,4
2026-09-05T09:33,2026-09-05T14:33,,,,5,,,,,
2026-09-05T09:34,2026-09-05T14:34,,,,5,,,,,
2026-09-05T09:35,2026-09-05T14:35,,,,5,,,,,
2026-09-05T09:36,2026-09-05T14:36,5,0,121.6,5,,,,,
2026-09-05T09:37,2026-09-05T14:37,,,,5,126,37,274,30,4
2026-09-05T09:38,2026-09-05T14:38,,,,5,,,,,
2026-09-05T09:39,2026-09-05T14:39,,,,5,,,,,
2026-09-05T09:40,2026-09-05T14:40,5,0,126.3,5,,,,,
2026-09-05T09:41,2026-09-05T14:41,,,,5,,,,,
2026-09-05T09:42,2026-09-05T14:42,,,,5,125,38,274,31,4
2026-09-05T09:43,2026-09-05T14:43,,,,5,,,,,
2026-09-05T09:44,2026-09-05T14:44,5,0,126.2,5,,,,,
2026-09-05T09:45,2026-09-05T14:45,,,,5,,,,,
2026-09-05T09:46,2026-09-05T14:46,,,,5,,,,,
2026-09-05T09:47,2026-09-05T14:47,,,,5,125,36,274,35,4
2026-09-05T09:48,2026-09-05T14:48,5,0,116.9,5,,,,,
2026-09-05T09:49,2026-09-05T14:49,,,,5,,,,,
2026-09-05T09:50,2026-09-05T14:50,,,,5,,,,,
2026-09-05T09:51,2026-09-05T14:51,,,,5,,,,,
2026-09-05T09:52,2026-09-05T14:52,5,0,119.6,5,126,35,273,37,4
2026-09-05T09:53,2026-09-05T14:53,,,,5,,,,,
2026-09-05T09:54,2026-09-05T14:54,,,,5,,,,,
2026-09-05T09:55,2026-09-05T14:55,,,,5,,,,,
2026-09-05T09:56,2026-09-05T14:56,5,0,120.8,5,,,,,
2026-09-05T09:57,2026-09-05T14:57,,,,5,124,34,273,38,4
2026-09-05T09:58,2026-09-05T14:58,,,,5,,,,,
2026-09-05T09:59,2026-09-05T14:59,,,,4,,,,,
2026-09-05T10:00,2026-09-05T15:00,5,0,117.9,5,,,,,
2026-09-05T10:01,2026-09-05T15:01,,,,5,,,,,
2026-09-05T10:02,2026-09-05T15:02,,,,5,124,33,273,38,4
2026-09-05T10:03,2026-09-05T15:03,,,,5,,,,,
2026-09-05T10:04,2026-09-05T15:04,5,0,119.2,5,,,,,
2026-09-05T10:05,2026-09-05T15:05,,,,5,,,,,
2026-09-05T10:06,2026-09-05T15:06,,,,5,,,,,
2026-09-05T10:07,2026-09-05T15:07,,,,5,127,32,272,38,4
2026-09-05T10:08,2026-09-05T15:08,5,0,115.0,5,,,,,
2026-09-05T10:09,2026-09-05T15:09,,,,5,,,,,
2026-09-05T10:10,2026-09-05T15:10,,,,5,,,,,
2026-09-05T10:11,2026-09-05T15:11,,,,5,,,,,
2026-09-05T10:12,2026-09-05T15:12,5,0,109.0,5,130,32,272,39,3
2026-09-05T10:13,2026-09-05T15:13,,,,5,,,,,
2026-09-05T10:14,2026-09-05T15:14,,,,5,,,,,
2026-09-05T10:16,2026-09-05T15:16,,,,5,,,,,
2026-09-05T10:17,2026-09-05T15:17,5,0,114.6,5,,,,,
2026-09-05T10:17,2026-09-05T15:17,,,,5,122,31,272,41,3
2026-09-05T10:18,2026-09-05T15:18,,,,5,,,,,
2026-09-05T10:19,2026-09-05T15:19,,,,5,,,,,
2026-09-05T10:20,2026-09-05T15:20,5,0,116.5,5,,,,,
2026-09-05T10:21,2026-09-05T15:21,,,,5,,,,,
2026-09-05T10:22,2026-09-05T15:22,,,,5,122,31,272,46,3
2026-09-05T10:23,2026-09-05T15:23,,,,5,,,,,
2026-09-05T10:23,2026-09-05T15:23,5,0,118.9,5,,,,,
2026-09-05T10:25,2026-09-05T15:25,,,,5,,,,,
2026-09-05T10:25,2026-09-05T15:25,,,,5,,,,,
2026-09-05T10:26,2026-09-05T15:26,,,,5,128,31,272,46,3
2026-09-05T10:27,2026-09-05T15:27,5,0,118.1,5,,,,,
2026-09-05T10:28,2026-09-05T15:28,,,,5,,,,,
2026-09-05T10:29,2026-09-05T15:29,,,,5,,,,,
2026-09-05T10:30,2026-09-05T15:30,,,,5,,,,,
2026-09-05T10:31,2026-09-05T15:31,5,0,124.0,5,126,29,271,47,3
2026-09-05T10:32,2026-09-05T15:32,,,,4,,,,,
2026-09-05T10:33,2026-09-05T15:33,,,,4,,,,,
2026-09-05T10:34,2026-09-05T15:34,,,,4,,,,,
2026-09-05T10:36,2026-09-05T15:36,5,0,117.4,5,,,,,
2026-09-05T10:37,2026-09-05T15:37,,,,4,137,29,269,49,3
2026-09-05T10:37,2026-09-05T15:37,,,,4,,,,,
2026-09-05T10:39,2026-09-05T15:39,,,,4,,,,,
2026-09-05T10:40,2026-09-05T15:40,5,0,112.0,4,,,,,
2026-09-05T10:41,2026-09-05T15:41,,,,4,,,,,
2026-09-05T10:41,2026-09-05T15:41,,,,4,133,31,271,49,3
2026-09-05T10:42,2026-09-05T15:42,,,,4,,,,,
2026-09-05T10:44,2026-09-05T15:44,4,0,111.3,4,,,,,
2026-09-05T10:44,2026-09-05T15:44,,,,4,,,,,
2026-09-05T10:45,2026-09-05T15:45,,,,4,,,,,
2026-09-05T10:47,2026-09-05T15:47,,,,4,130,30,270,51,3
2026-09-05T10:48,2026-09-05T15:48,4,0,110.4,4,,,,,
2026-09-05T10:49,2026-09-05T15:49,,,,4,,,,,
2026-09-05T10:50,2026-09-05T15:50,,,,4,,,,,
2026-09-05T10:51,2026-09-05T15:51,,,,4,,,,,
2026-09-05T10:52,2026-09-05T15:52,4,0,111.1,4,131,30,270,51,3
2026-09-05T10:53,2026-09-05T15:53,,,,4,,,,,
2026-09-05T10:54,2026-09-05T15:54,,,,4,,,,,
2026-09-05T10:55,2026-09-05T15:55,,,,4,,,,,
2026-09-05T10:56,2026-09-05T15:56,4,0,111.6,4,,,,,
2026-09-05T10:58,2026-09-05T15:58,,,,4,136,28,270,51,4
2026-09-05T10:59,2026-09-05T15:59,,,,4,,,,,
2026-09-05T11:00,2026-09-05T16:00,,,,4,,,,,
2026-09-05T11:01,2026-09-05T16:01,4,0,111.6,4,,,,,
2026-09-05T11:02,2026-09-05T16:02,,,,4,,,,,
2026-09-05T11:03,2026-09-05T16:03,,,,4,142,29,272,52,2
2026-09-05T11:04,2026-09-05T16:04,,,,4,,,,,
2026-09-05T11:05,2026-09-05T16:05,4,0,108.3,4,,,,,
2026-09-05T11:06,2026-09-05T16:06,,,,4,,,,,
2026-09-05T11:07,2026-09-05T16:07,,,,4,,,,,
2026-09-05T11:08,2026-09-05T16:08,,,,4,146,31,273,55,2
2026-09-05T11:09,2026-09-05T16:09,4,0,108.1,4,,,,,
2026-09-05T11:10,2026-09-05T16:10,,,,4,,,,,
2026-09-05T11:11,2026-09-05T16:11,,,,4,,,,,
2026-09-05T11:12,2026-09-05T16:12,,,,4,,,,,
2026-09-05T11:13,2026-09-05T16:13,4,0,108.0,4,140,29,272,56,2
2026-09-05T11:14,2026-09-05T16:14,,,,4,,,,,
2026-09-05T11:15,2026-09-05T16:15,,,,4,,,,,
2026-09-05T11:16,2026-09-05T16:16,,,,4,,,,,
2026-09-05T11:17,2026-09-05T16:17,4,0,108.0,4,,,,,
2026-09-05T11:18,2026-09-05T16:18,,,,4,146,32,271,54,2
2026-09-05T11:19,2026-09-05T16:19,,,,4,,,,,
2026-09-05T11:20,2026-09-05T16:20,,,,4,,,,,
2026-09-05T11:21,2026-09-05T16:21,4,0,103.9,4,,,,,
2026-09-05T11:22,2026-09-05T16:22,,,,4,,,,,
2026-09-05T11:23,2026-09-05T16:23,,,,4,150,34,271,55,2
2026-09-05T11:24,2026-09-05T16:24,,,,4,,,,,
2026-09-05T11:26,2026-09-05T16:26,4,0,110.0,4,,,,,
2026-09-05T11:26,2026-09-05T16:26,,,,4,,,,,
2026-09-05T11:27,2026-09-05T16:27,,,,4,,,,,
2026-09-05T11:29,2026-09-05T16:29,,,,4,149,35,272,55,2
2026-09-05T11:30,2026-09-05T16:30,4,0,105.4,4,,,,,
2026-09-05T11:31,2026-09-05T16:31,,,,4,,,,,
2026-09-05T11:32,2026-09-05T16:32,,,,4,,,,,
2026-09-05T11:33,2026-09-05T16:33,,,,4,,,,,
2026-09-05T11:34,2026-09-05T16:34,4,0,103.0,4,149,33,273,56,2
2026-09-05T11:35,2026-09-05T16:35,,,,4,,,,,
2026-09-05T11:36,2026-09-05T16:36,,,,4,,,,,
2026-09-05T11:37,2026-09-05T16:37,,,,4,,,,,
2026-09-05T11:38,2026-09-05T16:38,4,0,103.2,4,,,,,
2026-09-05T11:39,2026-09-05T16:39,,,,4,153,34,273,58,3
2026-09-05T11:40,2026-09-05T16:40,,,,4,,,,,
2026-09-05T11:41,2026-09-05T16:41,,,,4,,,,,
2026-09-05T11:42,2026-09-05T16:42,4,0,103.6,4,,,,,
2026-09-05T11:43,2026-09-05T16:43,,,,4,,,,,
2026-09-05T11:44,2026-09-05T16:44,,,,4,150,36,274,59,3
2026-09-05T11:45,2026-09-05T16:45,,,,4,,,,,
2026-09-05T11:46,2026-09-05T16:46,4,0,110.0,4,,,,,
2026-09-05T11:47,2026-09-05T16:47,,,,4,,,,,
2026-09-05T11:48,2026-09-05T16:48,,,,4,,,,,
2026-09-05T11:49,2026-09-05T16:49,,,,4,149,36,274,58,3
2026-09-05T11:50,2026-09-05T16:50,4,0,109.1,4,,,,,
2026-09-05T11:51,2026-09-05T16:51,,,,4,,,,,
2026-09-05T11:52,2026-09-05T16:52,,,,4,,,,,
2026-09-05T11:53,2026-09-05T16:53,,,,4,,,,,
2026-09-05T11:54,2026-09-05T16:54,4,0,106.8,4,146,36,274,57,3
2026-09-05T11:55,2026-09-05T16:55,,,,4,,,,,
2026-09-05T11:56,2026-09-05T16:56,,,,4,,,,,
2026-09-05T11:57,2026-09-05T16:57,,,,4,,,,,
2026-09-05T11:58,2026-09-05T16:58,4,0,105.3,4,,,,,
2026-09-05T11:59,2026-09-05T16:59,,,,4,139,36,276,57,3
2026-09-05T12:00,2026-09-05T17:00,,,,4,,,,,
2026-09-05T12:01,2026-09-05T17:01,,,,4,,,,,
2026-09-05T12:02,2026-09-05T17:02,4,0,106.8,4,,,,,
2026-09-05T12:03,2026-09-05T17:03,,,,4,,,,,
2026-09-05T12:04,2026-09-05T17:04,,,,4,130,37,276,58,3
2026-09-05T12:05,2026-09-05T17:05,,,,4,,,,,
2026-09-05T12:06,2026-09-05T17:06,4,0,103.5,4,,,,,
2026-09-05T12:06,2026-09-05T17:06,,,,4,,,,,
2026-09-05T12:08,2026-09-05T17:08,,,,4,,,,,
2026-09-05T12:09,2026-09-05T17:09,,,,4,122,35,276,60,3
2026-09-05T12:09,2026-09-05T17:09,4,0,106.4,4,,,,,
2026-09-05T12:10,2026-09-05T17:10,,,,4,,,,,
2026-09-05T12:11,2026-09-05T17:11,,,,4,,,,,
2026-09-05T12:12,2026-09-05T17:12,,,,4,,,,,
2026-09-05T12:13,2026-09-05T17:13,4,0,101.0,4,119,36,276,59,2
2026-09-05T12:14,2026-09-05T17:14,,,,4,,,,,
2026-09-05T12:15,2026-09-05T17:15,,,,4,,,,,
2026-09-05T12:16,2026-09-05T17:16,,,,4,,,,,
2026-09-05T12:17,2026-09-05T17:17,4,0,105.5,4,,,,,
2026-09-05T12:18,2026-09-05T17:18,,,,4,120,35,277,61,2
2026-09-05T12:19,2026-09-05T17:19,,,,4,,,,,
2026-09-05T12:21,2026-09-05T17:21,,,,4,,,,,
2026-09-05T12:22,2026-09-05T17:22,4,0,107.4,4,,,,,
2026-09-05T12:22,2026-09-05T17:22,,,,4,,,,,
2026-09-05T12:23,2026-09-05T17:23,,,,4,110,35,276,66,2
2026-09-05T12:24,2026-09-05T17:24,,,,4,,,,,
2026-09-05T12:25,2026-09-05T17:25,4,0,105.5,4,,,,,
2026-09-05T12:26,2026-09-05T17:26,,,,4,,,,,
2026-09-05T12:27,2026-09-05T17:27,,,,4,,,,,
2026-09-05T12:28,2026-09-05T17:28,,,,4,105,36,277,65,1
2026-09-05T12:29,2026-09-05T17:29,4,0,108.1,4,,,,,
2026-09-05T12:30,2026-09-05T17:30,,,,4,,,,,
2026-09-05T12:31,2026-09-05T17:31,,,,4,,,,,
2026-09-05T12:32,2026-09-05T17:32,,,,4,,,,,
2026-09-05T12:33,2026-09-05T17:33,4,0,112.1,4,100,37,277,64,1
2026-09-05T12:33,2026-09-05T17:33,,,,4,,,,,
2026-09-05T12:34,2026-09-05T17:34,,,,4,,,,,
2026-09-05T12:35,2026-09-05T17:35,,,,4,,,,,
2026-09-05T12:37,2026-09-05T17:37,4,0,111.7,4,,,,,
2026-09-05T12:38,2026-09-05T17:38,,,,4,98,38,277,65,1
2026-09-05T12:39,2026-09-05T17:39,,,,4,,,,,
2026-09-05T12:40,2026-09-05T17:40,,,,4,,,,,
2026-09-05T12:41,2026-09-05T17:41,4,0,108.5,4,,,,,
2026-09-05T12:42,2026-09-05T17:42,,,,4,,,,,
2026-09-05T12:42,2026-09-05T17:42,,,,4,105,39,277,60,1
2026-09-05T12:44,2026-09-05T17:44,,,,4,,,,,
2026-09-05T12:45,2026-09-05T17:45,4,0,107.0,4,,,,,
2026-09-05T12:46,2026-09-05T17:46,,,,4,,,,,
2026-09-05T12:47,2026-09-05T17:47,,,,4,,,,,
2026-09-05T12:48,2026-09-05T17:48,,,,4,106,39,279,63,1
2026-09-05T12:49,2026-09-05T17:49,4,0,106.0,4,,,,,
2026-09-05T12:50,2026-09-05T17:50,,,,4,,,,,
2026-09-05T12:51,2026-09-05T17:51,,,,4,,,,,
2026-09-05T12:52,2026-09-05T17:52,,,,4,,,,,
2026-09-05T12:53,2026-09-05T17:53,4,0,109.1,4,110,40,275,63,1
2026-09-05T12:54,2026-09-05T17:54,,,,4,,,,,
2026-09-05T12:55,2026-09-05T17:55,,,,4,,,,,
2026-09-05T12:56,2026-09-05T17:56,,,,4,,,,,
2026-09-05T12:57,2026-09-05T17:57,4,0,109.8,4,,,,,
2026-09-05T12:58,2026-09-05T17:58,,,,4,108,40,276,66,1
2026-09-05T12:59,2026-09-05T17:59,,,,4,,,,,
2026-09-05T13:00,2026-09-05T18:00,,,,4,,,,,
2026-09-05T13:01,2026-09-05T18:01,4,0,109.5,4,,,,,
2026-09-05T13:02,2026-09-05T18:02,,,,4,,,,,
2026-09-05T13:03,2026-09-05T18:03,,,,4,102,40,275,67,1
2026-09-05T13:04,2026-09-05T18:04,,,,4,,,,,
2026-09-05T13:05,2026-09-05T18:05,4,0,108.6,4,,,,,
2026-09-05T13:07,2026-09-05T18:07,,,,4,,,,,
2026-09-05T13:07,2026-09-05T18:07,,,,4,,,,,
2026-09-05T13:09,2026-09-05T18:09,,,,4,101,39,276,72,0
2026-09-05T13:10,2026-09-05T18:10,4,0,105.6,4,,,,,
2026-09-05T13:11,2026-09-05T18:11,,,,4,,,,,
2026-09-05T13:12,2026-09-05T18:12,,,,4,,,,,
2026-09-05T13:13,2026-09-05T18:13,,,,4,,,,,
2026-09-05T13:14,2026-09-05T18:14,4,0,108.4,4,103,40,276,71,0
2026-09-05T13:15,2026-09-05T18:15,,,,4,,,,,
2026-09-05T13:16,2026-09-05T18:16,,,,4,,,,,
2026-09-05T13:17,2026-09-05T18:17,,,,4,,,,,
2026-09-05T13:18,2026-09-05T18:18,4,0,109.2,4,,,,,
2026-09-05T13:19,2026-09-05T18:19,,,,4,104,41,277,74,0
2026-09-05T13:20,2026-09-05T18:20,,,,4,,,,,
2026-09-05T13:21,2026-09-05T18:21,,,,4,,,,,
2026-09-05T13:22,2026-09-05T18:22,4,0,108.3,4,,,,,
2026-09-05T13:23,2026-09-05T18:23,,,,4,,,,,
2026-09-05T13:24,2026-09-05T18:24,,,,4,107,39,278,74,0
2026-09-05T13:25,2026-09-05T18:25,,,,4,,,,,
2026-09-05T13:26,2026-09-05T18:26,4,0,104.0,4,,,,,
2026-09-05T13:27,2026-09-05T18:27,,,,4,,,,,
2026-09-05T13:28,2026-09-05T18:28,,,,4,,,,,
2026-09-05T13:29,2026-09-05T18:29,,,,4,102,39,278,75,0
2026-09-05T13:30,2026-09-05T18:30,4,0,105.0,4,,,,,
2026-09-05T13:31,2026-09-05T18:31,,,,4,,,,,
2026-09-05T13:32,2026-09-05T18:32,,,,4,,,,,
2026-09-05T13:33,2026-09-05T18:33,,,,4,,,,,
2026-09-05T13:33,2026-09-05T18:33,4,0,110.4,4,98,39,278,76,0
2026-09-05T13:34,2026-09-05T18:34,,,,4,,,,,
2026-09-05T13:35,2026-09-05T18:35,,,,4,,,,,
2026-09-05T13:36,2026-09-05T18:36,,,,4,,,,,
2026-09-05T13:37,2026-09-05T18:37,4,0,108.7,4,,,,,
2026-09-05T13:38,2026-09-05T18:38,,,,4,103,37,278,77,0
2026-09-05T13:39,2026-09-05T18:39,,,,4,,,,,
2026-09-05T13:40,2026-09-05T18:40,,,,4,,,,,
2026-09-05T13:41,2026-09-05T18:41,4,0,112.2,4,,,,,
2026-09-05T13:42,2026-09-05T18:42,,,,4,,,,,
2026-09-05T13:43,2026-09-05T18:43,,,,4,101,38,277,77,0
2026-09-05T13:44,2026-09-05T18:44,,,,4,,,,,
2026-09-05T13:45,2026-09-05T18:45,4,0,112.8,4,,,,,
2026-09-05T13:46,2026-09-05T18:46,,,,4,,,,,
2026-09-05T13:47,2026-09-05T18:47,,,,4,,,,,
2026-09-05T13:48,2026-09-05T18:48,,,,4,98,38,277,76,0
2026-09-05T13:49,2026-09-05T18:49,4,0,108.1,4,,,,,
2026-09-05T13:50,2026-09-05T18:50,,,,4,,,,,
2026-09-05T13:51,2026-09-05T18:51,,,,4,,,,,
2026-09-05T13:52,2026-09-05T18:52,,,,4,,,,,
2026-09-05T13:52,2026-09-05T18:52,4,0,114.0,4,101,37,276,79,0
2026-09-05T13:53,2026-09-05T18:53,,,,4,,,,,
2026-09-05T13:54,2026-09-05T18:54,,,,4,,,,,
2026-09-05T13:55,2026-09-05T18:55,,,,4,,,,,
2026-09-05T13:56,2026-09-05T18:56,4,0,108.3,4,,,,,
2026-09-05T13:57,2026-09-05T18:57,,,,4,100,35,274,80,0
2026-09-05T13:58,2026-09-05T18:58,,,,4,,,,,
2026-09-05T13:59,2026-09-05T18:59,,,,4,,,,,
2026-09-05T14:00,2026-09-05T19:00,4,0,106.7,4,,,,,
2026-09-05T14:02,2026-09-05T19:02,,,,4,,,,,
2026-09-05T14:02,2026-09-05T19:02,,,,4,103,35,271,80,0
2026-09-05T14:03,2026-09-05T19:03,,,,4,,,,,
2026-09-05T14:04,2026-09-05T19:04,4,0,108.9,4,,,,,
2026-09-05T14:05,2026-09-05T19:05,,,,4,,,,,
2026-09-05T14:06,2026-09-05T19:06,,,,4,,,,,
2026-09-05T14:07,2026-09-05T19:07,,,,4,100,34,272,83,0
2026-09-05T14:09,2026-09-05T19:09,4,0,112.3,4,,,,,
2026-09-05T14:10,2026-09-05T19:10,,,,4,,,,,
2026-09-05T14:10,2026-09-05T19:10,,,,4,,,,,
2026-09-05T14:11,2026-09-05T19:11,,,,4,,,,,
2026-09-05T14:12,2026-09-05T19:12,4,0,108.0,4,89,33,274,89,0
2026-09-05T14:13,2026-09-05T19:13,,,,4,,,,,
2026-09-05T14:14,2026-09-05T19:14,,,,4,,,,,
2026-09-05T14:15,2026-09-05T19:15,,,,4,,,,,
2026-09-05T14:16,2026-09-05T19:16,4,0,108.2,4,,,,,
2026-09-05T14:17,2026-09-05T19:17,,,,4,86,32,276,88,0
2026-09-05T14:18,2026-09-05T19:18,,,,4,,,,,
2026-09-05T14:19,2026-09-05T19:19,,,,4,,,,,
2026-09-05T14:20,2026-09-05T19:20,4,0,106.2,4,,,,,
2026-09-05T14:21,2026-09-05T19:21,,,,4,,,,,
2026-09-05T14:22,2026-09-05T19:22,,,,4,81,30,276,98,0
2026-09-05T14:23,2026-09-05T19:23,,,,4,,,,,
2026-09-05T14:24,2026-09-05T19:24,4,0,103.6,4,,,,,
2026-09-05T14:25,2026-09-05T19:25,,,,4,,,,,
2026-09-05T14:26,2026-09-05T19:26,,,,4,,,,,
2026-09-05T14:27,2026-09-05T19:27,,,,4,80,27,276,98,0
2026-09-05T14:28,2026-09-05T19:28,4,0,112.5,4,,,,,
2026-09-05T14:30,2026-09-05T19:30,,,,4,,,,,
2026-09-05T14:30,2026-09-05T19:30,,,,4,,,,,
2026-09-05T14:31,2026-09-05T19:31,,,,4,,,,,
2026-09-05T14:32,2026-09-05T19:32,4,0,104.2,4,78,27,275,95,0
2026-09-05T14:33,2026-09-05T19:33,,,,4,,,,,
2026-09-05T14:34,2026-09-05T19:34,4,0,103.7,4,78,27,277,93,0
2026-09-05T14:35,2026-09-05T19:35,,,,4,,,,,
2026-09-05T14:36,2026-09-05T19:36,,,,4,,,,,
2026-09-05T14:37,2026-09-05T19:37,,,,4,,,,,
2026-09-05T14:38,2026-09-05T19:38,4,0,105.8,4,,,,,
2026-09-05T14:39,2026-09-05T19:39,,,,4,80,26,278,85,0
2026-09-05T14:40,2026-09-05T19:40,,,,4,,,,,
2026-09-05T14:41,2026-09-05T19:41,,,,4,,,,,
2026-09-05T14:42,2026-09-05T19:42,4,0,106.0,4,,,,,
2026-09-05T14:43,2026-09-05T19:43,,,,3,,,,,
2026-09-05T14:44,2026-09-05T19:44,,,,3,79,25,277,83,0
2026-09-05T14:45,2026-09-05T19:45,,,,3,,,,,
2026-09-05T14:46,2026-09-05T19:46,4,0,,4,,,,,
2026-09-05T14:47,2026-09-05T19:47,,,,4,,,,,
2026-09-05T14:48,2026-09-05T19:48,,,,3,,,,,
2026-09-05T14:49,2026-09-05T19:49,,,,3,74,25,276,80,0
2026-09-05T14:50,2026-09-05T19:50,4,0,,3,,,,,
2026-09-05T14:51,2026-09-05T19:51,,,,3,,,,,
2026-09-05T14:52,2026-09-05T19:52,,,,3,,,,,
2026-09-05T14:53,2026-09-05T19:53,,,,3,,,,,
2026-09-05T14:54,2026-09-05T19:54,4,0,,3,76,25,277,82,0
2026-09-05T14:55,2026-09-05T19:55,,,,3,,,,,
2026-09-05T14:56,2026-09-05T19:56,,,,3,,,,,
2026-09-05T14:57,2026-09-05T19:57,,,,3,,,,,
2026-09-05T14:58,2026-09-05T19:58,4,0,,3,,,,,
2026-09-05T14:59,2026-09-05T19:59,,,,3,77,28,276,80,0
2026-09-05T15:00,2026-09-05T20:00,,,,3,,,,,
2026-09-05T15:01,2026-09-05T20:01,,,,3,,,,,
2026-09-05T15:02,2026-09-05T20:02,4,0,,3,,,,,
2026-09-05T15:03,2026-09-05T20:03,,,,3,,,,,
2026-09-05T15:04,2026-09-05T20:04,,,,3,81,28,276,81,0
2026-09-05T15:04,2026-09-05T20:04,,,,3,,,,,
2026-09-05T15:05,2026-09-05T20:05,3,0,,3,,,,,
2026-09-05T15:07,2026-09-05T20:07,,,,3,,,,,
2026-09-05T15:07,2026-09-05T20:07,,,,3,,,,,
2026-09-05T15:09,2026-09-05T20:09,,,,3,81,28,276,79,0
2026-09-05T15:10,2026-09-05T20:10,3,0,,3,,,,,
2026-09-05T15:11,2026-09-05T20:11,,,,3,,,,,
2026-09-05T15:12,2026-09-05T20:12,,,,3,,,,,
2026-09-05T15:12,2026-09-05T20:12,,,,3,,,,,
2026-09-05T15:14,2026-09-05T20:14,3,0,,3,81,29,276,80,0
2026-09-05T15:15,2026-09-05T20:15,,,,3,,,,,
2026-09-05T15:16,2026-09-05T20:16,,,,3,,,,,
2026-09-05T15:17,2026-09-05T20:17,,,,3,,,,,
2026-09-05T15:18,2026-09-05T20:18,3,0,,3,,,,,
2026-09-05T15:19,2026-09-05T20:19,,,,3,85,28,275,79,0
2026-09-05T15:20,2026-09-05T20:20,,,,3,,,,,
2026-09-05T15:21,2026-09-05T20:21,,,,3,,,,,
2026-09-05T15:22,2026-09-05T20:22,3,0,,3,,,,,
2026-09-05T15:23,2026-09-05T20:23,,,,3,,,,,
2026-09-05T15:24,2026-09-05T20:24,,,,3,80,28,275,81,0
2026-09-05T15:25,2026-09-05T20:25,,,,3,,,,,
2026-09-05T15:26,2026-09-05T20:26,3,0,,3,,,,,
2026-09-05T15:27,2026-09-05T20:27,,,,3,,,,,
2026-09-05T15:28,2026-09-05T20:28,,,,3,,,,,
2026-09-05T15:28,2026-09-05T20:28,,,,3,83,27,274,82,0
2026-09-05T15:30,2026-09-05T20:30,3,0,,2,,,,,
2026-09-05T15:30,2026-09-05T20:30,,,,2,,,,,
2026-09-05T15:32,2026-09-05T20:32,,,,2,,,,,
2026-09-05T15:33,2026-09-05T20:33,,,,2,,,,,
2026-09-05T15:34,2026-09-05T20:34,3,0,,2,77,27,274,82,0
2026-09-05T15:35,2026-09-05T20:35,,,,2,,,,,
2026-09-05T15:36,2026-09-05T20:36,,,,2,,,,,
2026-09-05T15:37,2026-09-05T20:37,,,,2,,,,,
2026-09-05T15:38,2026-09-05T20:38,3,0,,2,,,,,
2026-09-05T15:39,2026-09-05T20:39,,,,2,79,26,274,87,0
2026-09-05T15:40,2026-09-05T20:40,,,,2,,,,,
2026-09-05T15:41,2026-09-05T20:41,,,,2,,,,,
2026-09-05T15:42,2026-09-05T20:42,3,0,,2,,,,,
2026-09-05T15:43,2026-09-05T20:43,,,,2,,,,,
2026-09-05T15:44,2026-09-05T20:44,,,,2,79,26,273,84,0
2026-09-05T15:45,2026-09-05T20:45,,,,2,,,,,
2026-09-05T15:46,2026-09-05T20:46,2,0,,2,,,,,
2026-09-05T15:47,2026-09-05T20:47,,,,2,,,,,
2026-09-05T15:48,2026-09-05T20:48,,,,2,,,,,
2026-09-05T15:49,2026-09-05T20:49,,,,2,75,26,270,85,0
2026-09-05T15:50,2026-09-05T20:50,2,0,,2,,,,,
2026-09-05T15:51,2026-09-05T20:51,,,,2,,,,,
2026-09-05T15:52,2026-09-05T20:52,,,,2,,,,,
2026-09-05T15:53,2026-09-05T20:53,,,,2,,,,,
2026-09-05T15:54,2026-09-05T20:54,2,0,,2,77,25,270,83,0
2026-09-05T15:55,2026-09-05T20:55,,,,2,,,,,
2026-09-05T15:56,2026-09-05T20:56,,,,2,,,,,
2026-09-05T15:57,2026-09-05T20:57,,,,2,,,,,
2026-09-05T15:58,2026-09-05T20:58,2,0,,2,,,,,
2026-09-05T15:59,2026-09-05T20:59,,,,2,75,27,269,85,0
2026-09-05T16:00,2026-09-05T21:00,,,,2,,,,,
2026-09-05T16:01,2026-09-05T21:01,,,,2,,,,,
2026-09-05T16:02,2026-09-05T21:02,2,0,,2,,,,,
2026-09-05T16:03,2026-09-05T21:03,,,,2,,,,,
2026-09-05T16:04,2026-09-05T21:04,,,,2,71,27,269,86,1
2026-09-05T16:05,2026-09-05T21:05,,,,2,,,,,
2026-09-05T16:06,2026-09-05T21:06,2,0,,2,,,,,
2026-09-05T16:07,2026-09-05T21:07,,,,2,,,,,
2026-09-05T16:08,2026-09-05T21:08,,,,2,,,,,
2026-09-05T16:09,2026-09-05T21:09,,,,2,73,27,267,84,1
2026-09-05T16:10,2026-09-05T21:10,2,0,,2,,,,,
2026-09-05T16:11,2026-09-05T21:11,,,,2,,,,,
2026-09-05T16:12,2026-09-05T21:12,,,,2,,,,,
2026-09-05T16:13,2026-09-05T21:13,,,,2,,,,,
2026-09-05T16:14,2026-09-05T21:14,2,0,,2,70,25,267,89,1
2026-09-05T16:15,2026-09-05T21:15,,,,2,,,,,
2026-09-05T16:17,2026-09-05T21:17,,,,2,,,,,
2026-09-05T16:18,2026-09-05T21:18,,,,2,,,,,
2026-09-05T16:19,2026-09-05T21:19,2,0,,2,,,,,
2026-09-05T16:20,2026-09-05T21:20,,,,2,66,24,267,92,1
2026-09-05T16:21,2026-09-05T21:21,,,,1,,,,,
2026-09-05T16:22,2026-09-05T21:22,,,,1,,,,,
2026-09-05T16:22,2026-09-05T21:22,2,0,,1,,,,,
2026-09-05T16:23,2026-09-05T21:23,,,,1,,,,,
2026-09-05T16:25,2026-09-05T21:25,,,,1,59,24,267,93,1
2026-09-05T16:25,2026-09-05T21:25,,,,1,,,,,
2026-09-05T16:26,2026-09-05T21:26,2,0,,1,,,,,
2026-09-05T16:27,2026-09-05T21:27,,,,1,,,,,
2026-09-05T16:28,2026-09-05T21:28,,,,1,,,,,
2026-09-05T16:29,2026-09-05T21:29,,,,1,58,23,267,95,1
2026-09-05T16:30,2026-09-05T21:30,1,0,,1,,,,,
2026-09-05T16:31,2026-09-05T21:31,,,,1,,,,,
2026-09-05T16:32,2026-09-05T21:32,,,,1,,,,,
2026-09-05T16:33,2026-09-05T21:33,,,,1,,,,,
2026-09-05T16:34,2026-09-05T21:34,1,0,,1,62,22,267,96,2
2026-09-05T16:35,2026-09-05T21:35,,,,1,,,,,
2026-09-05T16:36,2026-09-05T21:36,,,,1,,,,,
2026-09-05T16:37,2026-09-05T21:37,,,,1,,,,,
2026-09-05T16:38,2026-09-05T21:38,2,0,,1,,,,,
2026-09-05T16:39,2026-09-05T21:39,,,,1,57,21,267,95,3
2026-09-05T16:41,2026-09-05T21:41,,,,1,,,,,
2026-09-05T16:42,2026-09-05T21:42,,,,1,,,,,
2026-09-05T16:43,2026-09-05T21:43,2,0,,1,,,,,
2026-09-05T16:44,2026-09-05T21:44,,,,1,,,,,
2026-09-05T16:45,2026-09-05T21:45,,,,1,55,19,268,93,3
2026-09-05T16:46,2026-09-05T21:46,,,,1,,,,,
2026-09-05T16:47,2026-09-05T21:47,1,0,,1,,,,,
2026-09-05T16:48,2026-09-05T21:48,,,,1,,,,,
2026-09-05T16:49,2026-09-05T21:49,,,,1,,,,,
2026-09-05T16:49,2026-09-05T21:49,,,,1,53,19,268,93,3
2026-09-05T16:51,2026-09-05T21:51,1,0,,1,,,,,
2026-09-05T16:51,2026-09-05T21:51,,,,1,,,,,
2026-09-05T16:52,2026-09-05T21:52,,,,1,,,,,
2026-09-05T16:54,2026-09-05T21:54,,,,1,,,,,
2026-09-05T16:55,2026-09-05T21:55,2,0,,1,51,19,269,92,3
2026-09-05T16:56,2026-09-05T21:56,,,,1,,,,,
2026-09-05T16:57,2026-09-05T21:57,,,,1,,,,,
2026-09-05T16:58,2026-09-05T21:58,,,,1,,,,,
2026-09-05T16:59,2026-09-05T21:59,1,0,,1,,,,,
2026-09-05T17:00,2026-09-05T22:00,,,,1,48,20,269,91,3
2026-09-05T17:01,2026-09-05T22:01,,,,1,,,,,
2026-09-05T17:02,2026-09-05T22:02,,,,1,,,,,
2026-09-05T17:03,2026-09-05T22:03,1,0,,1,,,,,
2026-09-05T17:05,2026-09-05T22:05,,,,1,,,,,
2026-09-05T17:05,2026-09-05T22:05,,,,1,50,19,269,92,3
2026-09-05T17:06,2026-09-05T22:06,,,,1,,,,,
2026-09-05T17:07,2026-09-05T22:07,1,0,,1,,,,,
2026-09-05T17:08,2026-09-05T22:08,,,,1,,,,,
2026-09-05T17:09,2026-09-05T22:09,,,,1,,,,,
2026-09-05T17:10,2026-09-05T22:10,,,,1,51,19,268,93,3
2026-09-05T17:11,2026-09-05T22:11,1,0,,1,,,,,
2026-09-05T17:12,2026-09-05T22:12,,,,1,,,,,
2026-09-05T17:13,2026-09-05T22:13,,,,1,,,,,
2026-09-05T17:14,2026-09-05T22:14,,,,1,,,,,
2026-09-05T17:15,2026-09-05T22:15,1,0,,1,54,19,266,95,3
2026-09-05T17:16,2026-09-05T22:16,,,,1,,,,,
2026-09-05T17:17,2026-09-05T22:17,,,,1,,,,,
2026-09-05T17:18,2026-09-05T22:18,,,,1,,,,,
2026-09-05T17:19,2026-09-05T22:19,1,0,,1,,,,,
2026-09-05T17:20,2026-09-05T22:20,,,,1,59,18,264,93,3
2026-09-05T17:21,2026-09-05T22:21,,,,1,,,,,
2026-09-05T17:22,2026-09-05T22:22,,,,1,,,,,
2026-09-05T17:23,2026-09-05T22:23,1,0,,1,,,,,
2026-09-05T17:24,2026-09-05T22:24,,,,1,,,,,
2026-09-05T17:25,2026-09-05T22:25,,,,1,54,17,265,91,3
2026-09-05T17:26,2026-09-05T22:26,,,,1,,,,,
2026-09-05T17:27,2026-09-05T22:27,1,0,,1,,,,,
2026-09-05T17:28,2026-09-05T22:28,,,,1,,,,,
2026-09-05T17:29,2026-09-05T22:29,,,,1,,,,,
2026-09-05T17:29,2026-09-05T22:29,,,,1,59,17,265,92,3
2026-09-05T17:31,2026-09-05T22:31,1,0,,1,,,,,
2026-09-05T17:32,2026-09-05T22:32,,,,1,,,,,
2026-09-05T17:33,2026-09-05T22:33,,,,1,,,,,
2026-09-05T17:34,2026-09-05T22:34,,,,1,,,,,
2026-09-05T17:34,2026-09-05T22:34,1,0,,1,61,17,263,88,2
2026-09-05T17:35,2026-09-05T22:35,,,,1,,,,,
2026-09-05T17:37,2026-09-05T22:37,,,,1,,,,,
2026-09-05T17:37,2026-09-05T22:37,,,,1,,,,,
2026-09-05T17:38,2026-09-05T22:38,2,0,,1,,,,,
2026-09-05T17:39,2026-09-05T22:39,,,,1,60,15,262,88,2
2026-09-05T17:41,2026-09-05T22:41,,,,1,,,,,
2026-09-05T17:42,2026-09-05T22:42,,,,1,,,,,
2026-09-05T17:43,2026-09-05T22:43,2,0,,1,,,,,
2026-09-05T17:43,2026-09-05T22:43,,,,1,,,,,
2026-09-05T17:45,2026-09-05T22:45,,,,1,62,15,263,87,2
2026-09-05T17:46,2026-09-05T22:46,,,,1,,,,,
2026-09-05T17:47,2026-09-05T22:47,2,0,,1,,,,,
2026-09-05T17:48,2026-09-05T22:48,,,,1,,,,,
2026-09-05T17:49,2026-09-05T22:49,,,,1,,,,,
2026-09-05T17:50,2026-09-05T22:50,,,,1,61,14,263,86,2
2026-09-05T17:51,2026-09-05T22:51,2,0,57.1,1,,,,,
2026-09-05T17:52,2026-09-05T22:52,,,,1,,,,,
2026-09-05T17:52,2026-09-05T22:52,,,,1,,,,,
2026-09-05T17:53,2026-09-05T22:53,,,,1,,,,,
2026-09-05T17:54,2026-09-05T22:54,2,0,,1,65,14,262,83,2
2026-09-05T17:55,2026-09-05T22:55,,,,1,,,,,
2026-09-05T17:56,2026-09-05T22:56,,,,1,,,,,
2026-09-05T17:57,2026-09-05T22:57,,,,1,,,,,
2026-09-05T17:58,2026-09-05T22:58,2,0,53.6,1,,,,,
2026-09-05T17:59,2026-09-05T22:59,,,,1,63,11,259,79,2
2026-09-05T18:00,2026-09-05T23:00,,,,1,,,,,
2026-09-05T18:01,2026-09-05T23:01,,,,1,,,,,
2026-09-05T18:02,2026-09-05T23:02,2,0,,1,,,,,
2026-09-05T18:04,2026-09-05T23:04,,,,1,,,,,
2026-09-05T18:05,2026-09-05T23:05,,,,1,60,13,259,77,1
2026-09-05T18:06,2026-09-05T23:06,,,,1,,,,,
2026-09-05T18:07,2026-09-05T23:07,2,0,,1,,,,,
2026-09-05T18:07,2026-09-05T23:07,,,,1,,,,,
2026-09-05T18:09,2026-09-05T23:09,,,,1,,,,,
2026-09-05T18:10,2026-09-05T23:10,,,,1,63,15,260,77,0
2026-09-05T18:11,2026-09-05T23:11,1,0,,1,,,,,
2026-09-05T18:11,2026-09-05T23:11,,,,1,,,,,
2026-09-05T18:13,2026-09-05T23:13,,,,1,,,,,
2026-09-05T18:14,2026-09-05T23:14,,,,1,,,,,
2026-09-05T18:15,2026-09-05T23:15,2,0,,1,63,15,260,70,0
2026-09-05T18:16,2026-09-05T23:16,,,,1,,,,,
2026-09-05T18:17,2026-09-05T23:17,,,,1,,,,,
2026-09-05T18:18,2026-09-05T23:18,,,,1,,,,,
2026-09-05T18:19,2026-09-05T23:19,2,0,,1,,,,,
2026-09-05T18:20,2026-09-05T23:20,,,,1,64,14,260,66,0
2026-09-05T18:21,2026-09-05T23:21,,,,1,,,,,
2026-09-05T18:22,2026-09-05T23:22,,,,1,,,,,
2026-09-05T18:23,2026-09-05T23:23,1,0,,1,,,,,
2026-09-05T18:24,2026-09-05T23:24,,,,1,,,,,
2026-09-05T18:25,2026-09-05T23:25,,,,1,65,14,261,62,0
2026-09-05T18:26,2026-09-05T23:26,,,,1,,,,,
2026-09-05T18:27,2026-09-05T23:27,1,0,,1,,,,,
2026-09-05T18:28,2026-09-05T23:28,,,,1,,,,,
2026-09-05T18:29,2026-09-05T23:29,,,,1,,,,,
2026-09-05T18:30,2026-09-05T23:30,,,,1,65,14,261,55,1
2026-09-05T18:30,2026-09-05T23:30,1,0,,1,,,,,
2026-09-05T18:31,2026-09-05T23:31,,,,1,,,,,
2026-09-05T18:32,2026-09-05T23:32,,,,1,,,,,
2026-09-05T18:33,2026-09-05T23:33,,,,1,,,,,
2026-09-05T18:34,2026-09-05T23:34,1,0,,1,64,14,261,52,2
2026-09-05T18:35,2026-09-05T23:35,,,,1,,,,,
2026-09-05T18:36,2026-09-05T23:36,,,,1,,,,,
2026-09-05T18:37,2026-09-05T23:37,,,,1,,,,,
2026-09-05T18:38,2026-09-05T23:38,1,0,,1,,,,,
2026-09-05T18:39,2026-09-05T23:39,,,,1,61,13,260,53,2
2026-09-05T18:40,2026-09-05T23:40,,,,1,,,,,
2026-09-05T18:41,2026-09-05T23:41,,,,1,,,,,
2026-09-05T18:42,2026-09-05T23:42,1,0,,1,,,,,
2026-09-05T18:43,2026-09-05T23:43,,,,1,,,,,
2026-09-05T18:44,2026-09-05T23:44,,,,1,57,13,260,49,2
2026-09-05T18:45,2026-09-05T23:45,,,,1,,,,,
2026-09-05T18:46,2026-09-05T23:46,1,0,,1,,,,,
2026-09-05T18:47,2026-09-05T23:47,,,,1,,,,,
2026-09-05T18:48,2026-09-05T23:48,,,,1,,,,,
2026-09-05T18:49,2026-09-05T23:49,,,,1,52,14,260,45,2
2026-09-05T18:50,2026-09-05T23:50,1,0,,1,,,,,
2026-09-05T18:52,2026-09-05T23:52,,,,1,,,,,
2026-09-05T18:52,2026-09-05T23:52,,,,1,,,,,
2026-09-05T18:53,2026-09-05T23:53,,,,1,,,,,
2026-09-05T18:54,2026-09-05T23:54,1,0,,1,52,14,260,42,2
2026-09-05T18:55,2026-09-05T23:55,,,,1,,,,,
2026-09-05T18:56,2026-09-05T23:56,,,,1,,,,,
2026-09-05T18:57,2026-09-05T23:57,,,,1,,,,,
2026-09-05T18:58,2026-09-05T23:58,1,0,,1,,,,,
2026-09-05T18:59,2026-09-05T23:59,,,,1,50,14,260,38,2
2026-09-05T19:00,2026-09-06T00:00,,,,1,,,,,
2026-09-05T19:01,2026-09-06T00:01,,,,1,,,,,
2026-09-05T19:02,2026-09-06T00:02,1,0,,1,,,,,
2026-09-05T19:03,2026-09-06T00:03,,,,1,,,,,
2026-09-05T19:04,2026-09-06T00:04,,,,1,47,14,260,36,2
2026-09-05T19:05,2026-09-06T00:05,,,,1,,,,,
2026-09-05T19:06,2026-09-06T00:06,1,0,40.7,1,,,,,
2026-09-05T19:07,2026-09-06T00:07,,,,1,,,,,
2026-09-05T19:08,2026-09-06T00:08,,,,1,,,,,
2026-09-05T19:09,2026-09-06T00:09,,,,1,38,14,260,33,2
2026-09-05T19:10,2026-09-06T00:10,1,0,,1,,,,,
2026-09-05T19:11,2026-09-06T00:11,,,,1,,,,,
2026-09-05T19:12,2026-09-06T00:12,,,,1,,,,,
2026-09-05T19:13,2026-09-06T00:13,,,,1,,,,,
2026-09-05T19:14,2026-09-06T00:14,1,0,,1,34,14,260,32,3
2026-09-05T19:15,2026-09-06T00:15,,,,1,,,,,
2026-09-05T19:16,2026-09-06T00:16,,,,1,,,,,
2026-09-05T19:17,2026-09-06T00:17,,,,1,,,,,
2026-09-05T19:18,2026-09-06T00:18,1,0,,1,,,,,
2026-09-05T19:19,2026-09-06T00:19,,,,1,33,14,260,31,3
2026-09-05T19:20,2026-09-06T00:20,,,,1,,,,,
2026-09-05T19:21,2026-09-06T00:21,,,,1,,,,,
2026-09-05T19:22,2026-09-06T00:22,1,0,39.4,1,,,,,
2026-09-05T19:23,2026-09-06T00:23,,,,1,,,,,
2026-09-05T19:24,2026-09-06T00:24,,,,1,30,14,260,29,3
2026-09-05T19:25,2026-09-06T00:25,,,,1,,,,,
2026-09-05T19:26,2026-09-06T00:26,1,0,35.7,1,,,,,
2026-09-05T19:27,2026-09-06T00:27,,,,1,,,,,
2026-09-05T19:29,2026-09-06T00:29,,,,1,,,,,
2026-09-05T19:29,2026-09-06T00:29,,,,1,31,14,260,29,3
2026-09-05T19:31,2026-09-06T00:31,0,0,,1,,,,,
2026-09-05T19:32,2026-09-06T00:32,,,,1,,,,,
2026-09-05T19:32,2026-09-06T00:32,,,,1,,,,,
2026-09-05T19:33,2026-09-06T00:33,,,,1,,,,,
2026-09-05T19:34,2026-09-06T00:34,0,0,,1,29,13,260,29,3
2026-09-05T19:36,2026-09-06T00:36,,,,1,,,,,
2026-09-05T19:37,2026-09-06T00:37,,,,1,,,,,
2026-09-05T19:38,2026-09-06T00:38,,,,1,,,,,
2026-09-05T19:39,2026-09-06T00:39,0,0,,1,,,,,
2026-09-05T19:40,2026-09-06T00:40,,,,1,26,13,260,27,3
2026-09-05T19:41,2026-09-06T00:41,,,,1,,,,,
2026-09-05T19:42,2026-09-06T00:42,,,,1,,,,,
2026-09-05T19:43,2026-09-06T00:43,0,0,,1,,,,,
2026-09-05T19:44,2026-09-06T00:44,,,,1,,,,,
2026-09-05T19:45,2026-09-06T00:45,,,,1,25,12,261,28,4
2026-09-05T19:46,2026-09-06T00:46,,,,1,,,,,
2026-09-05T19:47,2026-09-06T00:47,0,0,,1,,,,,
2026-09-05T19:48,2026-09-06T00:48,,,,1,,,,,
2026-09-05T19:49,2026-09-06T00:49,,,,1,,,,,
2026-09-05T19:50,2026-09-06T00:50,,,,1,25,12,261,28,4
2026-09-05T19:51,2026-09-06T00:51,0,0,,1,,,,,
2026-09-05T19:51,2026-09-06T00:51,,,,1,,,,,
2026-09-05T19:53,2026-09-06T00:53,,,,1,,,,,
2026-09-05T19:54,2026-09-06T00:54,,,,1,,,,,
2026-09-05T19:55,2026-09-06T00:55,0,0,,1,25,12,260,27,4
2026-09-05T19:56,2026-09-06T00:56,,,,1,,,,,
2026-09-05T19:56,2026-09-06T00:56,,,,1,,,,,
2026-09-05T19:57,2026-09-06T00:57,,,,1,,,,,
2026-09-05T19:59,2026-09-06T00:59,0,0,,1,,,,,
2026-09-05T20:00,2026-09-06T01:00,,,,1,27,11,260,26,3
2026-09-05T20:01,2026-09-06T01:01,,,,1,,,,,
2026-09-05T20:01,2026-09-06T01:01,,,,1,,,,,
2026-09-05T20:02,2026-09-06T01:02,0,0,,1,,,,,
2026-09-05T20:03,2026-09-06T01:03,,,,1,,,,,
2026-09-05T20:04,2026-09-06T01:04,,,,1,27,10,260,25,2
2026-09-05T20:05,2026-09-06T01:05,,,,1,,,,,
2026-09-05T20:06,2026-09-06T01:06,0,0,,1,,,,,
2026-09-05T20:07,2026-09-06T01:07,,,,1,,,,,
2026-09-05T20:08,2026-09-06T01:08,,,,1,,,,,
2026-09-05T20:09,2026-09-06T01:09,,,,1,28,10,260,25,2
2026-09-05T20:10,2026-09-06T01:10,0,0,31.9,1,,,,,
2026-09-05T20:12,2026-09-06T01:12,,,,1,,,,,
2026-09-05T20:13,2026-09-06T01:13,,,,1,,,,,
2026-09-05T20:14,2026-09-06T01:14,,,,1,,,,,
2026-09-05T20:15,2026-09-06T01:15,0,0,,1,26,10,259,23,2
2026-09-05T20:16,2026-09-06T01:16,,,,1,,,,,
2026-09-05T20:17,2026-09-06T01:17,,,,1,,,,,
2026-09-05T20:18,2026-09-06T01:18,,,,1,,,,,
2026-09-05T20:19,2026-09-06T01:19,0,0,,1,,,,,
2026-09-05T20:20,2026-09-06T01:20,,,,1,28,10,259,23,2
2026-09-05T20:21,2026-09-06T01:21,,,,1,,,,,
2026-09-05T20:22,2026-09-06T01:22,,,,1,,,,,
2026-09-05T20:23,2026-09-06T01:23,0,0,,1,,,,,
2026-09-05T20:24,2026-09-06T01:24,,,,1,,,,,
2026-09-05T20:25,2026-09-06T01:25,,,,1,27,10,259,23,2
2026-09-05T20:26,2026-09-06T01:26,,,,1,,,,,
2026-09-05T20:27,2026-09-06T01:27,0,0,26.2,1,,,,,
2026-09-05T20:28,2026-09-06T01:28,,,,1,,,,,
2026-09-05T20:29,2026-09-06T01:29,,,,1,,,,,
2026-09-05T20:30,2026-09-06T01:30,,,,1,28,10,260,25,2
2026-09-05T20:31,2026-09-06T01:31,0,0,28.3,1,,,,,
2026-09-05T20:32,2026-09-06T01:32,,,,1,,,,,
2026-09-05T20:33,2026-09-06T01:33,,,,1,,,,,
2026-09-05T20:34,2026-09-06T01:34,,,,1,,,,,
2026-09-05T20:35,2026-09-06T01:35,0,0,,1,29,10,260,25,2
2026-09-05T20:36,2026-09-06T01:36,,,,1,,,,,
2026-09-05T20:37,2026-09-06T01:37,,,,1,,,,,
2026-09-05T20:38,2026-09-06T01:38,,,,1,,,,,
2026-09-05T20:39,2026-09-06T01:39,0,0,,1,,,,,
2026-09-05T20:40,2026-09-06T01:40,,,,1,26,11,260,26,1
2026-09-05T20:41,2026-09-06T01:41,,,,1,,,,,
2026-09-05T20:42,2026-09-06T01:42,,,,1,,,,,
2026-09-05T20:43,2026-09-06T01:43,0,0,,1,,,,,
2026-09-05T20:44,2026-09-06T01:44,,,,1,,,,,
2026-09-05T20:45,2026-09-06T01:45,,,,1,26,11,260,26,1
2026-09-05T20:46,2026-09-06T01:46,,,,1,,,,,
2026-09-05T20:47,2026-09-06T01:47,0,0,,1,,,,,
2026-09-05T20:48,2026-09-06T01:48,,,,1,,,,,
2026-09-05T20:49,2026-09-06T01:49,,,,1,,,,,
2026-09-05T20:50,2026-09-06T01:50,,,,1,26,12,261,25,1
2026-09-05T20:51,2026-09-06T01:51,0,0,,1,,,,,
2026-09-05T20:52,2026-09-06T01:52,,,,1,,,,,
2026-09-05T20:53,2026-09-06T01:53,,,,1,,,,,
2026-09-05T20:54,2026-09-06T01:54,,,,1,,,,,
2026-09-05T20:55,2026-09-06T01:55,0,0,,1,26,12,261,24,1
2026-09-05T20:56,2026-09-06T01:56,,,,1,,,,,
2026-09-05T20:56,2026-09-06T01:56,,,,1,,,,,
2026-09-05T20:58,2026-09-06T01:58,,,,1,,,,,
2026-09-05T20:59,2026-09-06T01:59,0,0,,1,,,,,
2026-09-05T21:00,2026-09-06T02:00,,,,1,24,11,261,23,1
2026-09-05T21:01,2026-09-06T02:01,,,,1,,,,,
2026-09-05T21:02,2026-09-06T02:02,,,,1,,,,,
2026-09-05T21:03,2026-09-06T02:03,0,0,,1,,,,,
2026-09-05T21:04,2026-09-06T02:04,,,,1,,,,,
2026-09-05T21:05,2026-09-06T02:05,,,,1,23,9,261,22,1
2026-09-05T21:06,2026-09-06T02:06,,,,1,,,,,
2026-09-05T21:07,2026-09-06T02:07,0,0,,1,,,,,
2026-09-05T21:08,2026-09-06T02:08,,,,1,,,,,
2026-09-05T21:09,2026-09-06T02:09,,,,1,,,,,
2026-09-05T21:10,2026-09-06T02:10,,,,1,25,7,260,21,1
2026-09-05T21:11,2026-09-06T02:11,0,0,,1,,,,,
2026-09-05T21:12,2026-09-06T02:12,,,,1,,,,,
2026-09-05T21:13,2026-09-06T02:13,,,,1,,,,,
2026-09-05T21:14,2026-09-06T02:14,,,,1,,,,,
2026-09-05T21:15,2026-09-06T02:15,0,0,,1,26,6,260,22,0
2026-09-05T21:16,2026-09-06T02:16,,,,1,,,,,
2026-09-05T21:17,2026-09-06T02:17,,,,1,,,,,
2026-09-05T21:18,2026-09-06T02:18,,,,1,,,,,
2026-09-05T21:19,2026-09-06T02:19,0,0,23.7,1,,,,,
2026-09-05T21:20,2026-09-06T02:20,,,,1,25,7,260,22,0
2026-09-05T21:21,2026-09-06T02:21,,,,1,,,,,
2026-09-05T21:22,2026-09-06T02:22,,,,1,,,,,
2026-09-05T21:23,2026-09-06T02:23,0,0,,1,,,,,
2026-09-05T21:24,2026-09-06T02:24,,,,1,,,,,
2026-09-05T21:25,2026-09-06T02:25,,,,1,23,6,259,19,0
2026-09-05T21:26,2026-09-06T02:26,,,,1,,,,,
2026-09-05T21:27,2026-09-06T02:27,0,0,,1,,,,,
2026-09-05T21:28,2026-09-06T02:28,,,,1,,,,,
2026-09-05T21:29,2026-09-06T02:29,,,,1,,,,,
2026-09-05T21:29,2026-09-06T02:29,,,,1,20,6,258,16,0
2026-09-05T21:31,2026-09-06T02:31,0,0,,1,,,,,
2026-09-05T21:31,2026-09-06T02:31,,,,1,,,,,
2026-09-05T21:33,2026-09-06T02:33,,,,1,,,,,
2026-09-05T21:34,2026-09-06T02:34,,,,1,,,,,
2026-09-05T21:35,2026-09-06T02:35,0,0,,1,19,6,258,15,0
2026-09-05T21:36,2026-09-06T02:36,,,,1,,,,,
2026-09-05T21:36,2026-09-06T02:36,,,,1,,,,,
2026-09-05T21:38,2026-09-06T02:38,,,,1,,,,,
2026-09-05T21:39,2026-09-06T02:39,0,0,,1,,,,,
2026-09-05T21:40,2026-09-06T02:40,,,,1,17,6,258,14,0
2026-09-05T21:41,2026-09-06T02:41,,,,1,,,,,
2026-09-05T21:41,2026-09-06T02:41,,,,1,,,,,
2026-09-05T21:43,2026-09-06T02:43,0,0,,1,,,,,
2026-09-05T21:44,2026-09-06T02:44,,,,1,,,,,
2026-09-05T21:44,2026-09-06T02:44,,,,1,16,6,258,18,0
2026-09-05T21:45,2026-09-06T02:45,,,,1,,,,,
2026-09-05T21:46,2026-09-06T02:46,0,0,,1,,,,,
2026-09-05T21:48,2026-09-06T02:48,,,,1,,,,,
2026-09-05T21:48,2026-09-06T02:48,,,,1,,,,,
2026-09-05T21:49,2026-09-06T02:49,,,,1,13,5,258,16,0
2026-09-05T21:51,2026-09-06T02:51,0,0,,1,,,,,
2026-09-05T21:52,2026-09-06T02:52,,,,1,,,,,
2026-09-05T21:53,2026-09-06T02:53,,,,1,,,,,
2026-09-05T21:54,2026-09-06T02:54,,,,1,,,,,
2026-09-05T21:55,2026-09-06T02:55,0,0,,1,11,5,258,15,0
2026-09-05T21:55,2026-09-06T02:55,,,,1,,,,,
2026-09-05T21:56,2026-09-06T02:56,,,,1,,,,,
2026-09-05T21:57,2026-09-06T02:57,,,,1,,,,,
2026-09-05T21:58,2026-09-06T02:58,0,0,,1,,,,,
2026-09-05T21:59,2026-09-06T02:59,,,,1,10,5,258,16,0
2026-09-05T22:00,2026-09-06T03:00,,,,1,,,,,
2026-09-05T22:01,2026-09-06T03:01,,,,1,,,,,
2026-09-05T22:02,2026-09-06T03:02,0,0,,1,,,,,
2026-09-05T22:03,2026-09-06T03:03,,,,1,,,,,
2026-09-05T22:04,2026-09-06T03:04,,,,1,11,5,258,17,0
2026-09-05T22:05,2026-09-06T03:05,,,,1,,,,,
2026-09-05T22:06,2026-09-06T03:06,0,0,,1,,,,,
2026-09-05T22:07,2026-09-06T03:07,,,,1,,,,,
2026-09-05T22:08,2026-09-06T03:08,,,,1,,,,,
2026-09-05T22:09,2026-09-06T03:09,,,,1,12,5,256,17,0
2026-09-05T22:10,2026-09-06T03:10,0,0,,1,,,,,
2026-09-05T22:11,2026-09-06T03:11,,,,1,,,,,
2026-09-05T22:13,2026-09-06T03:13,,,,1,,,,,
2026-09-05T22:14,2026-09-06T03:14,,,,1,,,,,
2026-09-05T22:15,2026-09-06T03:15,0,0,20.3,1,15,5,256,15,0
2026-09-05T22:16,2026-09-06T03:16,,,,1,,,,,
2026-09-05T22:17,2026-09-06T03:17,,,,1,,,,,
2026-09-05T22:18,2026-09-06T03:18,,,,1,,,,,
2026-09-05T22:18,2026-09-06T03:18,0,0,,1,,,,,
2026-09-05T22:20,2026-09-06T03:20,,,,1,15,5,256,14,0
2026-09-05T22:21,2026-09-06T03:21,,,,1,,,,,
2026-09-05T22:22,2026-09-06T03:22,,,,1,,,,,
2026-09-05T22:23,2026-09-06T03:23,0,0,,1,,,,,
2026-09-05T22:24,2026-09-06T03:24,,,,1,,,,,
2026-09-05T22:25,2026-09-06T03:25,,,,1,17,5,256,14,0
2026-09-05T22:26,2026-09-06T03:26,,,,1,,,,,
2026-09-05T22:28,2026-09-06T03:28,0,0,,1,,,,,
2026-09-05T22:29,2026-09-06T03:29,,,,1,,,,,
2026-09-05T22:29,2026-09-06T03:29,,,,1,,,,,
2026-09-05T22:31,2026-09-06T03:31,,,,1,16,4,256,14,0
2026-09-05T22:32,2026-09-06T03:32,0,0,21.0,1,,,,,
2026-09-05T22:32,2026-09-06T03:32,,,,1,,,,,
2026-09-05T22:33,2026-09-06T03:33,,,,1,,,,,
2026-09-05T22:34,2026-09-06T03:34,,,,1,,,,,
2026-09-05T22:35,2026-09-06T03:35,0,0,,1,17,5,256,14,0
2026-09-05T22:36,2026-09-06T03:36,,,,1,,,,,
2026-09-05T22:37,2026-09-06T03:37,,,,1,,,,,
2026-09-05T22:38,2026-09-06T03:38,,,,1,,,,,
2026-09-05T22:39,2026-09-06T03:39,0,0,,1,,,,,
2026-09-05T22:40,2026-09-06T03:40,,,,1,15,5,255,15,0
2026-09-05T22:41,2026-09-06T03:41,,,,1,,,,,
2026-09-05T22:42,2026-09-06T03:42,,,,1,,,,,
2026-09-05T22:43,2026-09-06T03:43,0,0,,1,,,,,
2026-09-05T22:44,2026-09-06T03:44,,,,1,,,,,
2026-09-05T22:45,2026-09-06T03:45,,,,1,14,5,253,14,0
2026-09-05T22:46,2026-09-06T03:46,,,,1,,,,,
2026-09-05T22:47,2026-09-06T03:47,0,0,,1,,,,,
2026-09-05T22:48,2026-09-06T03:48,,,,1,,,,,
2026-09-05T22:49,2026-09-06T03:49,,,,1,,,,,
2026-09-05T22:50,2026-09-06T03:50,,,,1,14,5,253,14,0
2026-09-05T22:51,2026-09-06T03:51,0,0,,1,,,,,
2026-09-05T22:52,2026-09-06T03:52,,,,1,,,,,
2026-09-05T22:53,2026-09-06T03:53,,,,1,,,,,
2026-09-05T22:54,2026-09-06T03:54,,,,1,,,,,
2026-09-05T22:55,2026-09-06T03:55,0,0,,1,14,5,253,14,0
2026-09-05T22:56,2026-09-06T03:56,,,,1,,,,,
2026-09-05T22:57,2026-09-06T03:57,,,,1,,,,,
2026-09-05T22:58,2026-09-06T03:58,,,,1,,,,,
2026-09-05T22:59,2026-09-06T03:59,0,0,,1,,,,,
2026-09-05T23:00,2026-09-06T04:00,,,,1,14,5,253,14,0
2026-09-05T23:01,2026-09-06T04:01,,,,1,,,,,
2026-09-05T23:02,2026-09-06T04:02,,,,1,,,,,
2026-09-05T23:03,2026-09-06T04:03,0,0,,1,,,,,
2026-09-05T23:04,2026-09-06T04:04,,,,1,,,,,
2026-09-05T23:05,2026-09-06T04:05,,,,1,14,5,253,14,0
2026-09-05T23:06,2026-09-06T04:06,,,,1,,,,,
2026-09-05T23:07,2026-09-06T04:07,0,0,,1,,,,,
2026-09-05T23:08,2026-09-06T04:08,,,,1,,,,,
2026-09-05T23:09,2026-09-06T04:09,,,,1,,,,,
2026-09-05T23:10,2026-09-06T04:10,,,,1,14,5,253,14,0
2026-09-05T23:11,2026-09-06T04:11,0,0,,1,,,,,
2026-09-05T23:12,2026-09-06T04:12,,,,1,,,,,
2026-09-05T23:13,2026-09-06T04:13,,,,1,,,,,
2026-09-05T23:14,2026-09-06T04:14,,,,1,,,,,
2026-09-05T23:15,2026-09-06T04:15,0,0,,1,14,5,253,11,0
2026-09-05T23:16,2026-09-06T04:16,,,,1,,,,,
2026-09-05T23:17,2026-09-06T04:17,,,,1,,,,,
2026-09-05T23:18,2026-09-06T04:18,,,,1,,,,,
2026-09-05T23:19,2026-09-06T04:19,0,0,,1,,,,,
2026-09-05T23:20,2026-09-06T04:20,,,,1,14,5,253,10,0
2026-09-05T23:21,2026-09-06T04:21,,,,1,,,,,
2026-09-05T23:22,2026-09-06T04:22,,,,1,,,,,
2026-09-05T23:23,2026-09-06T04:23,0,0,,1,,,,,
2026-09-05T23:24,2026-09-06T04:24,,,,1,,,,,
2026-09-05T23:25,2026-09-06T04:25,,,,1,12,5,253,9,0
2026-09-05T23:26,2026-09-06T04:26,,,,1,,,,,
2026-09-05T23:27,2026-09-06T04:27,0,0,,1,,,,,
2026-09-05T23:28,2026-09-06T04:28,,,,1,,,,,
2026-09-05T23:29,2026-09-06T04:29,,,,1,,,,,
2026-09-05T23:30,2026-09-06T04:30,,,,1,12,5,252,8,0
2026-09-05T23:31,2026-09-06T04:31,0,0,,1,,,,,
2026-09-05T23:31,2026-09-06T04:31,,,,1,,,,,
2026-09-05T23:33,2026-09-06T04:33,,,,1,,,,,
2026-09-05T23:33,2026-09-06T04:33,,,,1,,,,,
2026-09-05T23:34,2026-09-06T04:34,0,0,,1,10,5,252,7,0
2026-09-05T23:35,2026-09-06T04:35,,,,1,,,,,
2026-09-05T23:37,2026-09-06T04:37,,,,1,,,,,
2026-09-05T23:38,2026-09-06T04:38,,,,1,,,,,
2026-09-05T23:39,2026-09-06T04:39,0,0,,1,,,,,
2026-09-05T23:40,2026-09-06T04:40,,,,1,8,4,252,6,0
2026-09-05T23:41,2026-09-06T04:41,,,,1,,,,,
2026-09-05T23:42,2026-09-06T04:42,,,,1,,,,,
2026-09-05T23:43,2026-09-06T04:43,0,0,,1,,,,,
2026-09-05T23:44,2026-09-06T04:44,,,,1,,,,,
2026-09-05T23:46,2026-09-06T04:46,,,,1,6,3,252,6,0
2026-09-05T23:47,2026-09-06T04:47,,,,1,,,,,
2026-09-05T23:48,2026-09-06T04:48,0,0,21.7,1,,,,,
2026-09-05T23:49,2026-09-06T04:49,,,,1,,,,,
2026-09-05T23:50,2026-09-06T04:50,,,,1,,,,,
2026-09-05T23:51,2026-09-06T04:51,,,,1,6,3,251,5,0
2026-09-05T23:52,2026-09-06T04:52,0,0,,1,,,,,
2026-09-05T23:53,2026-09-06T04:53,,,,1,,,,,
2026-09-05T23:54,2026-09-06T04:54,,,,1,,,,,
2026-09-05T23:55,2026-09-06T04:55,,,,1,,,,,
2026-09-05T23:56,2026-09-06T04:56,0,0,,1,5,4,252,5,0
2026-09-05T23:56,2026-09-06T04:56,,,,1,,,,,
2026-09-05T23:58,2026-09-06T04:58,,,,1,,,,,
2026-09-05T23:58,2026-09-06T04:58,,,,1,,,,,
2026-09-05T23:59,2026-09-06T04:59,0,0,,1,,,,,
2026-09-06T00:00,2026-09-06T05:00,,,,1,5,4,252,5,0
2026-09-06T00:01,2026-09-06T05:01,,,,1,,,,,
2026-09-06T00:02,2026-09-06T05:02,,,,1,,,,,
2026-09-06T00:03,2026-09-06T05:03,0,0,,1,,,,,
2026-09-06T00:04,2026-09-06T05:04,,,,1,,,,,
2026-09-06T00:05,2026-09-06T05:05,,,,1,4,4,252,5,0
2026-09-06T00:06,2026-09-06T05:06,,,,1,,,,,
2026-09-06T00:07,2026-09-06T05:07,0,0,,1,,,,,
2026-09-06T00:08,2026-09-06T05:08,,,,1,,,,,
2026-09-06T00:09,2026-09-06T05:09,,,,1,,,,,
2026-09-06T00:10,2026-09-06T05:10,,,,1,4,4,248,4,0
2026-09-06T00:11,2026-09-06T05:11,0,0,,1,,,,,
2026-09-06T00:12,2026-09-06T05:12,,,,1,,,,,
2026-09-06T00:12,2026-09-06T05:12,,,,1,,,,,
2026-09-06T00:13,2026-09-06T05:13,,,,1,,,,,
2026-09-06T00:15,2026-09-06T05:15,0,0,,1,5,4,248,2,0
2026-09-06T00:15,2026-09-06T05:15,,,,1,,,,,
2026-09-06T00:16,2026-09-06T05:16,,,,1,,,,,
2026-09-06T00:17,2026-09-06T05:17,,,,1,,,,,
2026-09-06T00:18,2026-09-06T05:18,0,0,,1,,,,,
2026-09-06T00:19,2026-09-06T05:19,,,,1,4,3,248,2,0
2026-09-06T00:20,2026-09-06T05:20,,,,1,,,,,
2026-09-06T00:21,2026-09-06T05:21,,,,1,,,,,
2026-09-06T00:22,2026-09-06T05:22,0,0,,1,,,,,
2026-09-06T00:23,2026-09-06T05:23,,,,1,,,,,
2026-09-06T00:24,2026-09-06T05:24,,,,1,5,3,248,1,0
2026-09-06T00:25,2026-09-06T05:25,,,,1,,,,,
2026-09-06T00:26,2026-09-06T05:26,0,0,,1,,,,,
2026-09-06T00:27,2026-09-06T05:27,,,,1,,,,,
2026-09-06T00:28,2026-09-06T05:28,,,,1,,,,,
2026-09-06T00:29,2026-09-06T05:29,,,,1,6,3,248,2,0
2026-09-06T00:30,2026-09-06T05:30,0,0,,1,,,,,
2026-09-06T00:31,2026-09-06T05:31,,,,1,,,,,
2026-09-06T00:32,2026-09-06T05:32,,,,1,,,,,
2026-09-06T00:33,2026-09-06T05:33,,,,1,,,,,
2026-09-06T00:34,2026-09-06T05:34,0,0,,1,7,3,248,1,0
2026-09-06T00:35,2026-09-06T05:35,,,,1,,,,,
2026-09-06T00:37,2026-09-06T05:37,,,,1,,,,,
2026-09-06T00:37,2026-09-06T05:37,,,,1,,,,,
2026-09-06T00:38,2026-09-06T05:38,0,0,,1,,,,,
2026-09-06T00:39,2026-09-06T05:39,,,,1,8,3,248,1,0
2026-09-06T00:40,2026-09-06T05:40,,,,1,,,,,
2026-09-06T00:42,2026-09-06T05:42,,,,1,,,,,
2026-09-06T00:43,2026-09-06T05:43,0,0,,1,,,,,
2026-09-06T00:44,2026-09-06T05:44,,,,1,,,,,
2026-09-06T00:45,2026-09-06T05:45,,,,1,8,3,248,1,0
2026-09-06T00:46,2026-09-06T05:46,,,,1,,,,,
2026-09-06T00:47,2026-09-06T05:47,0,0,,1,,,,,
2026-09-06T00:47,2026-09-06T05:47,,,,1,,,,,
2026-09-06T00:48,2026-09-06T05:48,,,,1,,,,,
2026-09-06T00:49,2026-09-06T05:49,,,,1,8,3,248,1,0
2026-09-06T00:50,2026-09-06T05:50,0,0,,1,,,,,
2026-09-06T00:51,2026-09-06T05:51,,,,1,,,,,
2026-09-06T00:52,2026-09-06T05:52,,,,1,,,,,
2026-09-06T00:53,2026-09-06T05:53,,,,1,,,,,
2026-09-06T00:53,2026-09-06T05:53,0,0,,1,9,3,248,1,0
2026-09-06T00:55,2026-09-06T05:55,,,,1,,,,,
2026-09-06T00:56,2026-09-06T05:56,,,,1,,,,,
2026-09-06T00:57,2026-09-06T05:57,,,,1,,,,,
2026-09-06T00:58,2026-09-06T05:58,0,0,,1,,,,,
2026-09-06T00:59,2026-09-06T05:59,,,,1,9,3,248,1,0
2026-09-06T01:00,2026-09-06T06:00,,,,1,,,,,
2026-09-06T01:01,2026-09-06T06:01,,,,1,,,,,
2026-09-06T01:02,2026-09-06T06:02,0,0,,1,,,,,
2026-09-06T01:03,2026-09-06T06:03,,,,1,,,,,
2026-09-06T01:04,2026-09-06T06:04,,,,1,9,3,248,1,0
2026-09-06T01:05,2026-09-06T06:05,,,,1,,,,,
2026-09-06T01:06,2026-09-06T06:06,0,0,,1,,,,,
2026-09-06T01:07,2026-09-06T06:07,,,,1,,,,,
2026-09-06T01:08,2026-09-06T06:08,,,,1,,,,,
2026-09-06T01:09,2026-09-06T06:09,,,,1,9,3,248,1,0
2026-09-06T01:09,2026-09-06T06:09,0,0,,1,,,,,
2026-09-06T01:10,2026-09-06T06:10,,,,1,,,,,
2026-09-06T01:11,2026-09-06T06:11,,,,1,,,,,
2026-09-06T01:12,2026-09-06T06:12,,,,1,,,,,
2026-09-06T01:13,2026-09-06T06:13,0,0,16.6,1,9,3,248,1,0
2026-09-06T01:14,2026-09-06T06:14,,,,1,,,,,
2026-09-06T01:15,2026-09-06T06:15,,,,1,,,,,
2026-09-06T01:16,2026-09-06T06:16,,,,1,,,,,
2026-09-06T01:17,2026-09-06T06:17,0,0,,1,,,,,
2026-09-06T01:18,2026-09-06T06:18,,,,1,8,3,248,1,0
2026-09-06T01:19,2026-09-06T06:19,,,,1,,,,,
2026-09-06T01:20,2026-09-06T06:20,,,,1,,,,,
2026-09-06T01:20,2026-09-06T06:20,0,0,,1,,,,,
2026-09-06T01:21,2026-09-06T06:21,,,,1,,,,,
2026-09-06T01:22,2026-09-06T06:22,,,,1,8,3,248,1,0
2026-09-06T01:23,2026-09-06T06:23,,,,1,,,,,
2026-09-06T01:24,2026-09-06T06:24,0,0,,1,,,,,
2026-09-06T01:25,2026-09-06T06:25,,,,1,,,,,
2026-09-06T01:26,2026-09-06T06:26,,,,1,,,,,
2026-09-06T01:27,2026-09-06T06:27,,,,1,8,3,248,1,0
2026-09-06T01:28,2026-09-06T06:28,0,0,,1,,,,,
2026-09-06T01:29,2026-09-06T06:29,,,,1,,,,,
2026-09-06T01:30,2026-09-06T06:30,,,,1,,,,,
2026-09-06T01:31,2026-09-06T06:31,,,,1,,,,,
2026-09-06T01:32,2026-09-06T06:32,0,0,,1,8,2,248,1,0
2026-09-06T01:33,2026-09-06T06:33,,,,1,,,,,
2026-09-06T01:34,2026-09-06T06:34,,,,1,,,,,
2026-09-06T01:35,2026-09-06T06:35,,,,1,,,,,
2026-09-06T01:36,2026-09-06T06:36,0,0,,1,,,,,
2026-09-06T01:37,2026-09-06T06:37,,,,1,10,2,248,1,0
2026-09-06T01:39,2026-09-06T06:39,,,,1,,,,,
2026-09-06T01:39,2026-09-06T06:39,,,,1,,,,,
2026-09-06T01:41,2026-09-06T06:41,0,0,,1,,,,,
2026-09-06T01:41,2026-09-06T06:41,,,,1,,,,,
2026-09-06T01:42,2026-09-06T06:42,,,,1,10,2,248,0,0
2026-09-06T01:43,2026-09-06T06:43,,,,1,,,,,
2026-09-06T01:45,2026-09-06T06:45,0,0,,1,,,,,
2026-09-06T01:46,2026-09-06T06:46,,,,1,,,,,
2026-09-06T01:47,2026-09-06T06:47,,,,1,,,,,
2026-09-06T01:48,2026-09-06T06:48,,,,1,10,1,248,0,0
2026-09-06T01:49,2026-09-06T06:49,0,0,,1,,,,,
2026-09-06T01:50,2026-09-06T06:50,,,,1,,,,,
2026-09-06T01:51,2026-09-06T06:51,,,,1,,,,,
2026-09-06T01:52,2026-09-06T06:52,,,,1,,,,,
2026-09-06T01:53,2026-09-06T06:53,0,0,,1,10,1,248,0,0
2026-09-06T01:54,2026-09-06T06:54,,,,1,,,,,
2026-09-06T01:55,2026-09-06T06:55,0,0,,1,9,1,248,0,0
2026-09-06T01:56,2026-09-06T06:56,,,,1,,,,,
2026-09-06T01:58,2026-09-06T06:58,,,,1,,,,,
2026-09-06T01:59,2026-09-06T06:59,,,,1,,,,,
2026-09-06T01:59,2026-09-06T06:59,0,0,,1,,,,,
2026-09-06T02:00,2026-09-06T07:00,,,,1,8,1,248,0,0
2026-09-06T02:01,2026-09-06T07:01,,,,1,,,,,
2026-09-06T02:02,2026-09-06T07:02,,,,1,,,,,
2026-09-06T02:03,2026-09-06T07:03,0,0,21.2,1,,,,,
2026-09-06T02:04,2026-09-06T07:04,,,,1,,,,,
2026-09-06T02:05,2026-09-06T07:05,,,,1,7,1,248,0,0
2026-09-06T02:06,2026-09-06T07:06,,,,1,,,,,
2026-09-06T02:07,2026-09-06T07:07,0,0,,1,,,,,
2026-09-06T02:08,2026-09-06T07:08,,,,1,,,,,
2026-09-06T02:09,2026-09-06T07:09,,,,1,,,,,
2026-09-06T02:10,2026-09-06T07:10,,,,1,7,1,248,1,0
2026-09-06T02:11,2026-09-06T07:11,0,0,,1,,,,,
2026-09-06T02:12,2026-09-06T07:12,,,,1,,,,,
2026-09-06T02:13,2026-09-06T07:13,,,,1,,,,,
2026-09-06T02:14,2026-09-06T07:14,,,,1,,,,,
2026-09-06T02:15,2026-09-06T07:15,0,0,,1,8,1,248,1,0
2026-09-06T02:16,2026-09-06T07:16,,,,1,,,,,
2026-09-06T02:17,2026-09-06T07:17,,,,1,,,,,
2026-09-06T02:18,2026-09-06T07:18,,,,1,,,,,
2026-09-06T02:19,2026-09-06T07:19,0,0,,1,,,,,
2026-09-06T02:20,2026-09-06T07:20,,,,1,9,1,248,1,0
2026-09-06T02:21,2026-09-06T07:21,,,,1,,,,,
2026-09-06T02:22,2026-09-06T07:22,,,,1,,,,,
2026-09-06T02:23,2026-09-06T07:23,0,0,22.3,1,,,,,
2026-09-06T02:24,2026-09-06T07:24,,,,1,,,,,
2026-09-06T02:24,2026-09-06T07:24,,,,1,8,1,249,1,0
2026-09-06T02:25,2026-09-06T07:25,,,,1,,,,,
2026-09-06T02:27,2026-09-06T07:27,0,0,,1,,,,,
2026-09-06T02:27,2026-09-06T07:27,,,,1,,,,,
2026-09-06T02:29,2026-09-06T07:29,,,,1,,,,,
2026-09-06T02:30,2026-09-06T07:30,,,,1,7,1,249,1,0
2026-09-06T02:31,2026-09-06T07:31,0,0,,1,,,,,
2026-09-06T02:31,2026-09-06T07:31,,,,1,,,,,
2026-09-06T02:33,2026-09-06T07:33,,,,1,,,,,
2026-09-06T02:34,2026-09-06T07:34,,,,1,,,,,
2026-09-06T02:34,2026-09-06T07:34,0,0,,1,8,2,249,1,0
2026-09-06T02:35,2026-09-06T07:35,,,,1,,,,,
2026-09-06T02:36,2026-09-06T07:36,,,,1,,,,,
2026-09-06T02:37,2026-09-06T07:37,,,,1,,,,,
2026-09-06T02:38,2026-09-06T07:38,0,0,,1,,,,,
2026-09-06T02:39,2026-09-06T07:39,,,,1,10,3,249,1,0
2026-09-06T02:41,2026-09-06T07:41,,,,1,,,,,
2026-09-06T02:42,2026-09-06T07:42,,,,1,,,,,
2026-09-06T02:43,2026-09-06T07:43,0,0,,1,,,,,
2026-09-06T02:44,2026-09-06T07:44,,,,1,,,,,
2026-09-06T02:45,2026-09-06T07:45,,,,1,13,3,249,1,0
2026-09-06T02:46,2026-09-06T07:46,,,,1,,,,,
2026-09-06T02:47,2026-09-06T07:47,0,0,,1,,,,,
2026-09-06T02:48,2026-09-06T07:48,,,,1,,,,,
2026-09-06T02:49,2026-09-06T07:49,,,,1,,,,,
2026-09-06T02:50,2026-09-06T07:50,,,,1,13,3,249,1,0
2026-09-06T02:51,2026-09-06T07:51,0,0,,1,,,,,
2026-09-06T02:52,2026-09-06T07:52,,,,1,,,,,
2026-09-06T02:53,2026-09-06T07:53,,,,1,,,,,
2026-09-06T02:54,2026-09-06T07:54,,,,1,,,,,
2026-09-06T02:55,2026-09-06T07:55,0,0,,1,14,3,248,1,0
2026-09-06T02:56,2026-09-06T07:56,,,,1,,,,,
2026-09-06T02:57,2026-09-06T07:57,,,,1,,,,,
2026-09-06T02:58,2026-09-06T07:58,,,,1,,,,,
2026-09-06T02:59,2026-09-06T07:59,0,0,,1,,,,,
2026-09-06T03:00,2026-09-06T08:00,,,,1,16,3,248,2,0
2026-09-06T03:01,2026-09-06T08:01,,,,1,,,,,
2026-09-06T03:02,2026-09-06T08:02,,,,1,,,,,
2026-09-06T03:03,2026-09-06T08:03,0,0,,1,,,,,
2026-09-06T03:04,2026-09-06T08:04,,,,1,,,,,
2026-09-06T03:05,2026-09-06T08:05,,,,1,16,4,248,2,0
2026-09-06T03:06,2026-09-06T08:06,,,,1,,,,,
2026-09-06T03:07,2026-09-06T08:07,0,0,,1,,,,,
2026-09-06T03:08,2026-09-06T08:08,,,,1,,,,,
2026-09-06T03:09,2026-09-06T08:09,,,,1,,,,,
2026-09-06T03:10,2026-09-06T08:10,,,,1,20,4,248,2,0
2026-09-06T03:11,2026-09-06T08:11,0,0,,1,,,,,
2026-09-06T03:12,2026-09-06T08:12,,,,1,,,,,
2026-09-06T03:13,2026-09-06T08:13,,,,1,,,,,
2026-09-06T03:14,2026-09-06T08:14,,,,1,,,,,
2026-09-06T03:15,2026-09-06T08:15,0,0,,1,20,5,248,2,0
2026-09-06T03:16,2026-09-06T08:16,,,,1,,,,,
2026-09-06T03:18,2026-09-06T08:18,,,,1,,,,,
2026-09-06T03:18,2026-09-06T08:18,,,,1,,,,,
2026-09-06T03:19,2026-09-06T08:19,0,0,,1,,,,,
2026-09-06T03:20,2026-09-06T08:20,,,,1,20,6,249,2,0
2026-09-06T03:21,2026-09-06T08:21,,,,1,,,,,
2026-09-06T03:22,2026-09-06T08:22,,,,1,,,,,
2026-09-06T03:23,2026-09-06T08:23,0,0,,1,,,,,
2026-09-06T03:24,2026-09-06T08:24,,,,1,,,,,
2026-09-06T03:25,2026-09-06T08:25,,,,1,20,7,249,3,0
2026-09-06T03:26,2026-09-06T08:26,,,,1,,,,,
2026-09-06T03:27,2026-09-06T08:27,0,0,31.8,1,,,,,
2026-09-06T03:29,2026-09-06T08:29,,,,1,,,,,
2026-09-06T03:30,2026-09-06T08:30,,,,1,,,,,
2026-09-06T03:31,2026-09-06T08:31,,,,1,21,8,249,3,0
2026-09-06T03:32,2026-09-06T08:32,0,0,,1,,,,,
2026-09-06T03:32,2026-09-06T08:32,,,,1,,,,,
2026-09-06T03:33,2026-09-06T08:33,,,,1,,,,,
2026-09-06T03:34,2026-09-06T08:34,,,,1,,,,,
2026-09-06T03:36,2026-09-06T08:36,0,0,37.0,1,23,8,249,3,0
2026-09-06T03:37,2026-09-06T08:37,,,,1,,,,,
2026-09-06T03:38,2026-09-06T08:38,,,,1,,,,,
2026-09-06T03:39,2026-09-06T08:39,,,,1,,,,,
2026-09-06T03:40,2026-09-06T08:40,0,0,,1,,,,,
2026-09-06T03:41,2026-09-06T08:41,,,,1,24,9,249,3,0
2026-09-06T03:42,2026-09-06T08:42,,,,1,,,,,
2026-09-06T03:43,2026-09-06T08:43,,,,1,,,,,
2026-09-06T03:44,2026-09-06T08:44,0,0,,1,,,,,
2026-09-06T03:45,2026-09-06T08:45,,,,1,,,,,
2026-09-06T03:46,2026-09-06T08:46,,,,1,23,9,249,3,0
2026-09-06T03:47,2026-09-06T08:47,,,,1,,,,,
2026-09-06T03:48,2026-09-06T08:48,0,0,,1,,,,,
2026-09-06T03:49,2026-09-06T08:49,,,,1,,,,,
2026-09-06T03:50,2026-09-06T08:50,,,,1,,,,,
2026-09-06T03:51,2026-09-06T08:51,,,,1,23,9,249,3,0
2026-09-06T03:52,2026-09-06T08:52,0,0,,1,,,,,
2026-09-06T03:53,2026-09-06T08:53,,,,1,,,,,
2026-09-06T03:54,2026-09-06T08:54,,,,1,,,,,
2026-09-06T03:55,2026-09-06T08:55,,,,1,,,,,
2026-09-06T03:56,2026-09-06T08:56,0,0,,1,23,11,251,3,0
2026-09-06T03:57,2026-09-06T08:57,,,,1,,,,,
2026-09-06T03:58,2026-09-06T08:58,,,,1,,,,,
2026-09-06T03:58,2026-09-06T08:58,,,,1,,,,,
2026-09-06T04:00,2026-09-06T09:00,0,0,,1,,,,,
2026-09-06T04:01,2026-09-06T09:01,,,,1,24,11,251,3,0
2026-09-06T04:02,2026-09-06T09:02,,,,1,,,,,
2026-09-06T04:02,2026-09-06T09:02,,,,1,,,,,
2026-09-06T04:03,2026-09-06T09:03,0,0,,1,,,,,
2026-09-06T04:05,2026-09-06T09:05,,,,1,,,,,
2026-09-06T04:06,2026-09-06T09:06,,,,1,24,11,251,3,0
2026-09-06T04:07,2026-09-06T09:07,,,,1,,,,,
2026-09-06T04:08,2026-09-06T09:08,0,0,,1,,,,,
2026-09-06T04:09,2026-09-06T09:09,,,,1,,,,,
2026-09-06T04:10,2026-09-06T09:10,,,,1,,,,,
2026-09-06T04:11,2026-09-06T09:11,,,,1,23,12,252,3,0
2026-09-06T04:12,2026-09-06T09:12,0,0,,1,,,,,
2026-09-06T04:13,2026-09-06T09:13,,,,1,,,,,
2026-09-06T04:14,2026-09-06T09:14,,,,1,,,,,
2026-09-06T04:15,2026-09-06T09:15,,,,1,,,,,
2026-09-06T04:16,2026-09-06T09:16,0,0,39.3,1,21,14,254,3,0
2026-09-06T04:18,2026-09-06T09:18,,,,1,,,,,
2026-09-06T04:19,2026-09-06T09:19,,,,1,,,,,
2026-09-06T04:19,2026-09-06T09:19,,,,1,,,,,
2026-09-06T04:20,2026-09-06T09:20,0,0,,1,,,,,
2026-09-06T04:21,2026-09-06T09:21,,,,1,21,14,254,3,0
2026-09-06T04:22,2026-09-06T09:22,,,,1,,,,,
2026-09-06T04:23,2026-09-06T09:23,,,,1,,,,,
2026-09-06T04:24,2026-09-06T09:24,0,0,,1,,,,,
2026-09-06T04:25,2026-09-06T09:25,,,,1,,,,,
2026-09-06T04:26,2026-09-06T09:26,,,,1,25,14,254,3,0
2026-09-06T04:27,2026-09-06T09:27,,,,1,,,,,
2026-09-06T04:28,2026-09-06T09:28,0,0,,1,,,,,
2026-09-06T04:29,2026-09-06T09:29,,,,1,,,,,
2026-09-06T04:30,2026-09-06T09:30,,,,1,,,,,
2026-09-06T04:31,2026-09-06T09:31,,,,1,23,14,254,3,0
2026-09-06T04:32,2026-09-06T09:32,0,0,40.3,1,,,,,
2026-09-06T04:33,2026-09-06T09:33,,,,1,,,,,
2026-09-06T04:34,2026-09-06T09:34,,,,1,,,,,
2026-09-06T04:35,2026-09-06T09:35,,,,1,,,,,
2026-09-06T04:36,2026-09-06T09:36,0,0,,1,26,14,254,3,0
2026-09-06T04:37,2026-09-06T09:37,,,,1,,,,,
2026-09-06T04:38,2026-09-06T09:38,,,,1,,,,,
2026-09-06T04:39,2026-09-06T09:39,,,,1,,,,,
2026-09-06T04:40,2026-09-06T09:40,0,0,,1,,,,,
2026-09-06T04:41,2026-09-06T09:41,,,,1,26,14,254,4,0
2026-09-06T04:41,2026-09-06T09:41,,,,1,,,,,
2026-09-06T04:42,2026-09-06T09:42,,,,1,,,,,
2026-09-06T04:43,2026-09-06T09:43,0,0,,1,,,,,
2026-09-06T04:45,2026-09-06T09:45,,,,1,,,,,
2026-09-06T04:45,2026-09-06T09:45,,,,1,32,15,254,6,0
2026-09-06T04:46,2026-09-06T09:46,,,,1,,,,,
2026-09-06T04:47,2026-09-06T09:47,0,0,,1,,,,,
2026-09-06T04:48,2026-09-06T09:48,,,,1,,,,,
2026-09-06T04:49,2026-09-06T09:49,,,,1,,,,,
2026-09-06T04:50,2026-09-06T09:50,,,,1,35,16,254,6,0
2026-09-06T04:51,2026-09-06T09:51,1,0,50.4,1,,,,,
2026-09-06T04:52,2026-09-06T09:52,,,,1,,,,,
2026-09-06T04:53,2026-09-06T09:53,,,,1,,,,,
2026-09-06T04:54,2026-09-06T09:54,,,,1,,,,,
2026-09-06T04:55,2026-09-06T09:55,1,0,51.8,1,35,17,255,5,0
2026-09-06T04:56,2026-09-06T09:56,,,,1,,,,,
2026-09-06T04:57,2026-09-06T09:57,,,,1,,,,,
2026-09-06T04:58,2026-09-06T09:58,,,,1,,,,,
2026-09-06T04:59,2026-09-06T09:59,1,0,,1,,,,,
2026-09-06T05:00,2026-09-06T10:00,,,,1,33,17,255,5,0
2026-09-06T05:00,2026-09-06T10:00,,,,1,,,,,
2026-09-06T05:01,2026-09-06T10:01,,,,1,,,,,
2026-09-06T05:02,2026-09-06T10:02,1,0,,1,,,,,
2026-09-06T05:03,2026-09-06T10:03,,,,1,,,,,
2026-09-06T05:04,2026-09-06T10:04,,,,1,34,17,255,5,0
2026-09-06T05:05,2026-09-06T10:05,,,,1,,,,,
2026-09-06T05:06,2026-09-06T10:06,1,0,,1,,,,,
2026-09-06T05:07,2026-09-06T10:07,,,,1,,,,,
2026-09-06T05:08,2026-09-06T10:08,,,,1,,,,,
2026-09-06T05:09,2026-09-06T10:09,,,,1,32,17,255,4,0
2026-09-06T05:09,2026-09-06T10:09,1,0,,1,,,,,
2026-09-06T05:11,2026-09-06T10:11,,,,1,,,,,
2026-09-06T05:12,2026-09-06T10:12,,,,1,,,,,
2026-09-06T05:13,2026-09-06T10:13,,,,1,,,,,
2026-09-06T05:13,2026-09-06T10:13,1,0,,1,36,18,255,5,0
2026-09-06T05:14,2026-09-06T10:14,,,,1,,,,,
2026-09-06T05:16,2026-09-06T10:16,,,,1,,,,,
2026-09-06T05:17,2026-09-06T10:17,,,,1,,,,,
2026-09-06T05:17,2026-09-06T10:17,1,0,,1,,,,,
2026-09-06T05:18,2026-09-06T10:18,,,,1,38,18,256,5,0
2026-09-06T05:19,2026-09-06T10:19,,,,1,,,,,
2026-09-06T05:20,2026-09-06T10:20,,,,1,,,,,
2026-09-06T05:21,2026-09-06T10:21,1,0,,1,,,,,
2026-09-06T05:22,2026-09-06T10:22,,,,1,,,,,
2026-09-06T05:22,2026-09-06T10:22,,,,1,42,20,256,5,0
2026-09-06T05:24,2026-09-06T10:24,,,,1,,,,,
2026-09-06T05:25,2026-09-06T10:25,1,0,,1,,,,,
2026-09-06T05:26,2026-09-06T10:26,,,,1,,,,,
2026-09-06T05:27,2026-09-06T10:27,,,,1,,,,,
2026-09-06T05:28,2026-09-06T10:28,,,,1,44,23,255,5,0
2026-09-06T05:29,2026-09-06T10:29,1,0,,1,,,,,
2026-09-06T05:30,2026-09-06T10:30,,,,1,,,,,
2026-09-06T05:31,2026-09-06T10:31,,,,1,,,,,
2026-09-06T05:32,2026-09-06T10:32,,,,1,,,,,
2026-09-06T05:33,2026-09-06T10:33,1,0,,1,47,26,255,6,0
2026-09-06T05:34,2026-09-06T10:34,,,,1,,,,,
2026-09-06T05:35,2026-09-06T10:35,,,,1,,,,,
2026-09-06T05:36,2026-09-06T10:36,,,,1,,,,,
2026-09-06T05:37,2026-09-06T10:37,1,0,,1,,,,,
2026-09-06T05:38,2026-09-06T10:38,,,,1,50,28,255,6,0
2026-09-06T05:39,2026-09-06T10:39,,,,1,,,,,
2026-09-06T05:40,2026-09-06T10:40,,,,1,,,,,
2026-09-06T05:41,2026-09-06T10:41,1,0,,1,,,,,
2026-09-06T05:41,2026-09-06T10:41,,,,1,,,,,
2026-09-06T05:42,2026-09-06T10:42,,,,1,50,27,255,8,0
2026-09-06T05:43,2026-09-06T10:43,,,,1,,,,,
2026-09-06T05:44,2026-09-06T10:44,1,0,,1,,,,,
2026-09-06T05:45,2026-09-06T10:45,,,,1,,,,,
2026-09-06T05:46,2026-09-06T10:46,,,,1,,,,,
2026-09-06T05:47,2026-09-06T10:47,,,,1,54,27,255,8,0
2026-09-06T05:48,2026-09-06T10:48,1,0,,1,,,,,
2026-09-06T05:49,2026-09-06T10:49,,,,1,,,,,
2026-09-06T05:51,2026-09-06T10:51,,,,1,,,,,
2026-09-06T05:52,2026-09-06T10:52,,,,1,,,,,
2026-09-06T05:53,2026-09-06T10:53,1,0,,1,56,28,256,8,0
2026-09-06T05:54,2026-09-06T10:54,,,,1,,,,,
2026-09-06T05:55,2026-09-06T10:55,,,,1,,,,,
2026-09-06T05:56,2026-09-06T10:56,,,,1,,,,,
2026-09-06T05:57,2026-09-06T10:57,1,0,,1,,,,,
2026-09-06T05:58,2026-09-06T10:58,,,,1,52,27,256,7,0
2026-09-06T05:59,2026-09-06T10:59,,,,1,,,,,
2026-09-06T06:00,2026-09-06T11:00,,,,1,,,,,
2026-09-06T06:01,2026-09-06T11:01,1,0,,1,,,,,
2026-09-06T06:01,2026-09-06T11:01,,,,1,,,,,
2026-09-06T06:03,2026-09-06T11:03,,,,1,53,30,256,8,0
2026-09-06T06:04,2026-09-06T11:04,,,,1,,,,,
2026-09-06T06:04,2026-09-06T11:04,1,0,,1,,,,,
2026-09-06T06:05,2026-09-06T11:05,,,,1,,,,,
2026-09-06T06:06,2026-09-06T11:06,,,,1,,,,,
2026-09-06T06:07,2026-09-06T11:07,,,,1,48,30,256,8,0
2026-09-06T06:08,2026-09-06T11:08,1,0,,1,,,,,
2026-09-06T06:09,2026-09-06T11:09,,,,1,,,,,
2026-09-06T06:11,2026-09-06T11:11,,,,1,,,,,
2026-09-06T06:11,2026-09-06T11:11,,,,1,,,,,
2026-09-06T06:12,2026-09-06T11:12,1,0,57.0,1,48,30,256,7,0
2026-09-06T06:13,2026-09-06T11:13,,,,1,,,,,
2026-09-06T06:14,2026-09-06T11:14,,,,1,,,,,
2026-09-06T06:15,2026-09-06T11:15,,,,1,,,,,
2026-09-06T06:16,2026-09-06T11:16,1,0,63.5,1,,,,,
2026-09-06T06:17,2026-09-06T11:17,,,,1,43,30,255,7,0
2026-09-06T06:18,2026-09-06T11:18,,,,1,,,,,
2026-09-06T06:19,2026-09-06T11:19,,,,1,,,,,
2026-09-06T06:20,2026-09-06T11:20,1,0,,1,,,,,
2026-09-06T06:21,2026-09-06T11:21,,,,1,,,,,
2026-09-06T06:22,2026-09-06T11:22,,,,1,46,28,255,8,0
2026-09-06T06:24,2026-09-06T11:24,,,,1,,,,,
2026-09-06T06:25,2026-09-06T11:25,1,0,,1,,,,,
2026-09-06T06:26,2026-09-06T11:26,,,,1,,,,,
2026-09-06T06:27,2026-09-06T11:27,,,,1,,,,,
2026-09-06T06:28,2026-09-06T11:28,,,,1,50,31,255,8,0
2026-09-06T06:29,2026-09-06T11:29,1,0,,1,,,,,
2026-09-06T06:29,2026-09-06T11:29,,,,1,,,,,
2026-09-06T06:30,2026-09-06T11:30,,,,1,,,,,
2026-09-06T06:31,2026-09-06T11:31,,,,1,,,,,
2026-09-06T06:33,2026-09-06T11:33,2,0,59.7,1,52,32,255,9,0
2026-09-06T06:34,2026-09-06T11:34,,,,1,,,,,
2026-09-06T06:35,2026-09-06T11:35,,,,1,,,,,
2026-09-06T06:36,2026-09-06T11:36,,,,1,,,,,
2026-09-06T06:37,2026-09-06T11:37,2,0,,1,,,,,
2026-09-06T06:38,2026-09-06T11:38,,,,1,54,32,256,9,0
2026-09-06T06:39,2026-09-06T11:39,,,,1,,,,,
2026-09-06T06:40,2026-09-06T11:40,,,,1,,,,,
2026-09-06T06:41,2026-09-06T11:41,2,0,69.5,1,,,,,
2026-09-06T06:42,2026-09-06T11:42,,,,1,,,,,
2026-09-06T06:43,2026-09-06T11:43,,,,1,54,34,258,9,0
2026-09-06T06:44,2026-09-06T11:44,,,,1,,,,,
2026-09-06T06:45,2026-09-06T11:45,2,0,,2,,,,,
2026-09-06T06:46,2026-09-06T11:46,,,,2,,,,,
2026-09-06T06:47,2026-09-06T11:47,,,,2,,,,,
2026-09-06T06:48,2026-09-06T11:48,,,,2,56,35,258,10,0
2026-09-06T06:49,2026-09-06T11:49,2,0,,2,,,,,
2026-09-06T06:50,2026-09-06T11:50,,,,2,,,,,
2026-09-06T06:51,2026-09-06T11:51,,,,2,,,,,
2026-09-06T06:52,2026-09-06T11:52,,,,2,,,,,
2026-09-06T06:53,2026-09-06T11:53,2,0,,2,60,35,258,11,0
2026-09-06T06:54,2026-09-06T11:54,,,,2,,,,,
2026-09-06T06:55,2026-09-06T11:55,,,,2,,,,,
2026-09-06T06:56,2026-09-06T11:56,,,,2,,,,,
2026-09-06T06:57,2026-09-06T11:57,2,0,,2,,,,,
2026-09-06T06:58,2026-09-06T11:58,,,,2,63,33,256,11,0
2026-09-06T06:59,2026-09-06T11:59,,,,2,,,,,
2026-09-06T07:00,2026-09-06T12:00,,,,2,,,,,
2026-09-06T07:01,2026-09-06T12:01,2,0,,2,,,,,
2026-09-06T07:02,2026-09-06T12:02,,,,2,,,,,
2026-09-06T07:03,2026-09-06T12:03,,,,2,64,35,256,11,0
2026-09-06T07:04,2026-09-06T12:04,,,,2,,,,,
2026-09-06T07:05,2026-09-06T12:05,2,0,,2,,,,,
2026-09-06T07:06,2026-09-06T12:06,,,,2,,,,,
2026-09-06T07:07,2026-09-06T12:07,,,,2,,,,,
2026-09-06T07:08,2026-09-06T12:08,,,,2,66,34,255,14,0
2026-09-06T07:09,2026-09-06T12:09,2,0,,2,,,,,
2026-09-06T07:10,2026-09-06T12:10,,,,2,,,,,
2026-09-06T07:11,2026-09-06T12:11,,,,2,,,,,
2026-09-06T07:13,2026-09-06T12:13,,,,2,,,,,
2026-09-06T07:14,2026-09-06T12:14,2,0,,2,70,34,255,15,0
2026-09-06T07:14,2026-09-06T12:14,,,,2,,,,,
2026-09-06T07:16,2026-09-06T12:16,,,,2,,,,,
2026-09-06T07:16,2026-09-06T12:16,,,,2,,,,,
2026-09-06T07:18,2026-09-06T12:18,2,0,,2,,,,,
2026-09-06T07:18,2026-09-06T12:18,,,,2,70,34,254,15,0
2026-09-06T07:19,2026-09-06T12:19,,,,2,,,,,
2026-09-06T07:20,2026-09-06T12:20,,,,2,,,,,
2026-09-06T07:21,2026-09-06T12:21,2,0,,2,,,,,
2026-09-06T07:23,2026-09-06T12:23,,,,2,,,,,
2026-09-06T07:23,2026-09-06T12:23,,,,2,74,35,256,15,0
2026-09-06T07:24,2026-09-06T12:24,,,,2,,,,,
2026-09-06T07:25,2026-09-06T12:25,2,0,,2,,,,,
2026-09-06T07:26,2026-09-06T12:26,,,,2,,,,,
2026-09-06T07:27,2026-09-06T12:27,,,,2,,,,,
2026-09-06T07:28,2026-09-06T12:28,,,,2,82,36,256,16,0
2026-09-06T07:30,2026-09-06T12:30,2,0,,2,,,,,
2026-09-06T07:30,2026-09-06T12:30,,,,2,,,,,
2026-09-06T07:31,2026-09-06T12:31,,,,2,,,,,
2026-09-06T07:32,2026-09-06T12:32,,,,2,,,,,
2026-09-06T07:33,2026-09-06T12:33,2,0,,2,81,36,256,17,0
2026-09-06T07:34,2026-09-06T12:34,,,,2,,,,,
2026-09-06T07:35,2026-09-06T12:35,,,,2,,,,,
2026-09-06T07:36,2026-09-06T12:36,2,0,,2,84,36,256,17,0
2026-09-06T07:37,2026-09-06T12:37,,,,2,,,,,
2026-09-06T07:38,2026-09-06T12:38,,,,2,,,,,
2026-09-06T07:39,2026-09-06T12:39,,,,2,,,,,
2026-09-06T07:40,2026-09-06T12:40,2,0,74.3,2,,,,,
2026-09-06T07:41,2026-09-06T12:41,,,,2,89,36,257,17,0
2026-09-06T07:42,2026-09-06T12:42,,,,2,,,,,
2026-09-06T07:43,2026-09-06T12:43,,,,2,,,,,
2026-09-06T07:45,2026-09-06T12:45,2,0,,2,,,,,
2026-09-06T07:46,2026-09-06T12:46,,,,2,,,,,
2026-09-06T07:46,2026-09-06T12:46,,,,2,88,41,259,17,0
2026-09-06T07:47,2026-09-06T12:47,,,,2,,,,,
2026-09-06T07:48,2026-09-06T12:48,2,0,,2,,,,,
2026-09-06T07:49,2026-09-06T12:49,,,,2,,,,,
2026-09-06T07:50,2026-09-06T12:50,,,,2,,,,,
2026-09-06T07:51,2026-09-06T12:51,,,,2,86,42,259,18,0
2026-09-06T07:52,2026-09-06T12:52,2,0,,2,,,,,
2026-09-06T07:53,2026-09-06T12:53,,,,2,,,,,
2026-09-06T07:54,2026-09-06T12:54,,,,2,,,,,
2026-09-06T07:55,2026-09-06T12:55,,,,2,,,,,
2026-09-06T07:56,2026-09-06T12:56,2,0,79.2,2,89,44,259,18,0
2026-09-06T07:57,2026-09-06T12:57,,,,2,,,,,
2026-09-06T07:58,2026-09-06T12:58,,,,2,,,,,
2026-09-06T07:59,2026-09-06T12:59,,,,2,,,,,
2026-09-06T08:00,2026-09-06T13:00,2,0,,2,,,,,
2026-09-06T08:01,2026-09-06T13:01,,,,2,93,44,259,20,0
2026-09-06T08:02,2026-09-06T13:02,,,,2,,,,,
2026-09-06T08:03,2026-09-06T13:03,,,,2,,,,,
2026-09-06T08:04,2026-09-06T13:04,2,0,,2,,,,,
2026-09-06T08:05,2026-09-06T13:05,,,,2,,,,,
2026-09-06T08:06,2026-09-06T13:06,,,,2,92,44,259,19,0
2026-09-06T08:07,2026-09-06T13:07,,,,2,,,,,
2026-09-06T08:08,2026-09-06T13:08,2,0,,2,,,,,
2026-09-06T08:08,2026-09-06T13:08,,,,2,,,,,
2026-09-06T08:09,2026-09-06T13:09,,,,2,,,,,
2026-09-06T08:10,2026-09-06T13:10,,,,2,98,43,260,20,1
2026-09-06T08:12,2026-09-06T13:12,3,0,,2,,,,,
2026-09-06T08:13,2026-09-06T13:13,,,,2,,,,,
2026-09-06T08:13,2026-09-06T13:13,,,,2,,,,,
2026-09-06T08:14,2026-09-06T13:14,,,,2,,,,,
2026-09-06T08:15,2026-09-06T13:15,3,0,,2,100,42,260,20,1
2026-09-06T08:16,2026-09-06T13:16,,,,2,,,,,
2026-09-06T08:17,2026-09-06T13:17,,,,2,,,,,
2026-09-06T08:18,2026-09-06T13:18,,,,2,,,,,
2026-09-06T08:19,2026-09-06T13:19,3,0,,2,,,,,
2026-09-06T08:20,2026-09-06T13:20,,,,2,101,43,260,19,1
2026-09-06T08:21,2026-09-06T13:21,,,,2,,,,,
2026-09-06T08:22,2026-09-06T13:22,,,,2,,,,,
2026-09-06T08:23,2026-09-06T13:23,3,0,,2,,,,,
2026-09-06T08:24,2026-09-06T13:24,,,,2,,,,,
2026-09-06T08:25,2026-09-06T13:25,,,,2,101,41,261,23,1
2026-09-06T08:26,2026-09-06T13:26,,,,2,,,,,
2026-09-06T08:27,2026-09-06T13:27,2,0,,2,,,,,
2026-09-06T08:28,2026-09-06T13:28,,,,2,,,,,
2026-09-06T08:29,2026-09-06T13:29,,,,2,,,,,
2026-09-06T08:30,2026-09-06T13:30,,,,2,97,38,262,25,1
2026-09-06T08:31,2026-09-06T13:31,2,0,,2,,,,,
2026-09-06T08:32,2026-09-06T13:32,,,,2,,,,,
2026-09-06T08:33,2026-09-06T13:33,,,,2,,,,,
2026-09-06T08:34,2026-09-06T13:34,,,,2,,,,,
2026-09-06T08:35,2026-09-06T13:35,3,0,,2,98,37,262,24,1
2026-09-06T08:36,2026-09-06T13:36,,,,2,,,,,
2026-09-06T08:37,2026-09-06T13:37,,,,2,,,,,
2026-09-06T08:38,2026-09-06T13:38,,,,2,,,,,
2026-09-06T08:39,2026-09-06T13:39,3,0,,2,,,,,
2026-09-06T08:40,2026-09-06T13:40,,,,2,105,37,262,25,1
2026-09-06T08:41,2026-09-06T13:41,,,,2,,,,,
2026-09-06T08:42,2026-09-06T13:42,,,,2,,,,,
2026-09-06T08:43,2026-09-06T13:43,3,0,,2,,,,,
2026-09-06T08:44,2026-09-06T13:44,,,,2,,,,,
2026-09-06T08:45,2026-09-06T13:45,,,,2,102,37,263,26,1
2026-09-06T08:46,2026-09-06T13:46,,,,2,,,,,
2026-09-06T08:47,2026-09-06T13:47,3,0,,2,,,,,
2026-09-06T08:48,2026-09-06T13:48,,,,2,,,,,
2026-09-06T08:49,2026-09-06T13:49,,,,2,,,,,
2026-09-06T08:50,2026-09-06T13:50,,,,2,101,38,263,29,1
2026-09-06T08:51,2026-09-06T13:51,3,0,,2,,,,,
2026-09-06T08:52,2026-09-06T13:52,,,,2,,,,,
2026-09-06T08:53,2026-09-06T13:53,,,,3,,,,,
2026-09-06T08:54,2026-09-06T13:54,,,,3,,,,,
2026-09-06T08:55,2026-09-06T13:55,3,0,,2,100,40,263,30,1
2026-09-06T08:56,2026-09-06T13:56,,,,2,,,,,
2026-09-06T08:57,2026-09-06T13:57,,,,2,,,,,
2026-09-06T08:58,2026-09-06T13:58,,,,3,,,,,
2026-09-06T08:59,2026-09-06T13:59,3,0,,3,,,,,
2026-09-06T09:00,2026-09-06T14:00,,,,3,107,39,263,31,1
2026-09-06T09:01,2026-09-06T14:01,,,,3,,,,,
2026-09-06T09:02,2026-09-06T14:02,,,,3,,,,,
2026-09-06T09:03,2026-09-06T14:03,3,0,,3,,,,,
2026-09-06T09:04,2026-09-06T14:04,,,,3,,,,,
2026-09-06T09:05,2026-09-06T14:05,,,,3,112,41,263,30,1
2026-09-06T09:06,2026-09-06T14:06,,,,3,,,,,
2026-09-06T09:07,2026-09-06T14:07,3,0,,3,,,,,
2026-09-06T09:08,2026-09-06T14:08,,,,3,,,,,
2026-09-06T09:09,2026-09-06T14:09,,,,3,,,,,
2026-09-06T09:10,2026-09-06T14:10,,,,3,112,40,263,27,1
2026-09-06T09:11,2026-09-06T14:11,3,0,84.5,3,,,,,
2026-09-06T09:12,2026-09-06T14:12,,,,3,,,,,
2026-09-06T09:13,2026-09-06T14:13,,,,3,,,,,
2026-09-06T09:14,2026-09-06T14:14,,,,3,,,,,
2026-09-06T09:15,2026-09-06T14:15,3,0,,3,113,40,263,27,1
2026-09-06T09:16,2026-09-06T14:16,,,,3,,,,,
2026-09-06T09:17,2026-09-06T14:17,,,,3,,,,,
2026-09-06T09:18,2026-09-06T14:18,,,,3,,,,,
2026-09-06T09:19,2026-09-06T14:19,3,0,,3,,,,,
2026-09-06T09:20,2026-09-06T14:20,,,,3,113,39,262,29,1
2026-09-06T09:21,2026-09-06T14:21,,,,3,,,,,
2026-09-06T09:22,2026-09-06T14:22,,,,3,,,,,
2026-09-06T09:23,2026-09-06T14:23,3,0,89.2,3,,,,,
2026-09-06T09:24,2026-09-06T14:24,,,,3,,,,,
2026-09-06T09:25,2026-09-06T14:25,,,,3,113,36,262,30,1
2026-09-06T09:26,2026-09-06T14:26,,,,3,,,,,
2026-09-06T09:27,2026-09-06T14:27,3,0,,3,,,,,
2026-09-06T09:28,2026-09-06T14:28,,,,3,,,,,
2026-09-06T09:29,2026-09-06T14:29,,,,3,,,,,
2026-09-06T09:30,2026-09-06T14:30,,,,2,111,34,264,30,1
2026-09-06T09:32,2026-09-06T14:32,3,0,,2,,,,,
2026-09-06T09:33,2026-09-06T14:33,,,,2,,,,,
2026-09-06T09:34,2026-09-06T14:34,,,,3,,,,,
2026-09-06T09:35,2026-09-06T14:35,,,,3,,,,,
2026-09-06T09:36,2026-09-06T14:36,3,0,,3,115,34,266,28,1
2026-09-06T09:36,2026-09-06T14:36,,,,3,,,,,
2026-09-06T09:37,2026-09-06T14:37,,,,3,,,,,
2026-09-06T09:39,2026-09-06T14:39,,,,3,,,,,
2026-09-06T09:39,2026-09-06T14:39,3,0,,3,,,,,
2026-09-06T09:40,2026-09-06T14:40,,,,3,114,35,265,29,0
2026-09-06T09:41,2026-09-06T14:41,,,,3,,,,,
2026-09-06T09:42,2026-09-06T14:42,,,,3,,,,,
2026-09-06T09:43,2026-09-06T14:43,3,0,,3,,,,,
2026-09-06T09:44,2026-09-06T14:44,,,,3,,,,,
2026-09-06T09:45,2026-09-06T14:45,,,,3,116,32,265,28,0
2026-09-06T09:46,2026-09-06T14:46,,,,3,,,,,
2026-09-06T09:47,2026-09-06T14:47,3,0,,3,,,,,
2026-09-06T09:49,2026-09-06T14:49,,,,3,,,,,
2026-09-06T09:50,2026-09-06T14:50,,,,3,,,,,
2026-09-06T09:51,2026-09-06T14:51,,,,3,110,33,266,29,1
2026-09-06T09:52,2026-09-06T14:52,3,0,,3,,,,,
2026-09-06T09:53,2026-09-06T14:53,,,,3,,,,,
2026-09-06T09:54,2026-09-06T14:54,,,,3,,,,,
2026-09-06T09:55,2026-09-06T14:55,,,,3,,,,,
2026-09-06T09:56,2026-09-06T14:56,3,0,,3,108,33,266,30,1
2026-09-06T09:56,2026-09-06T14:56,,,,3,,,,,
2026-09-06T09:57,2026-09-06T14:57,,,,3,,,,,
2026-09-06T09:59,2026-09-06T14:59,,,,3,,,,,
2026-09-06T09:59,2026-09-06T14:59,3,0,,3,,,,,
2026-09-06T10:00,2026-09-06T15:00,,,,3,109,32,266,31,1
2026-09-06T10:01,2026-09-06T15:01,,,,3,,,,,
2026-09-06T10:02,2026-09-06T15:02,,,,3,,,,,
2026-09-06T10:03,2026-09-06T15:03,3,0,89.4,3,,,,,
2026-09-06T10:04,2026-09-06T15:04,,,,3,,,,,
2026-09-06T10:06,2026-09-06T15:06,,,,3,108,33,267,31,1
2026-09-06T10:06,2026-09-06T15:06,,,,3,,,,,
2026-09-06T10:07,2026-09-06T15:07,3,0,,3,,,,,
2026-09-06T10:08,2026-09-06T15:08,,,,3,,,,,
2026-09-06T10:09,2026-09-06T15:09,,,,3,,,,,
2026-09-06T10:10,2026-09-06T15:10,,,,3,103,33,269,30,1
2026-09-06T10:11,2026-09-06T15:11,3,0,,3,,,,,
2026-09-06T10:12,2026-09-06T15:12,,,,3,,,,,
2026-09-06T10:13,2026-09-06T15:13,,,,3,,,,,
2026-09-06T10:14,2026-09-06T15:14,,,,3,,,,,
2026-09-06T10:14,2026-09-06T15:14,3,0,,3,99,33,271,29,1
2026-09-06T10:15,2026-09-06T15:15,,,,3,,,,,
2026-09-06T10:17,2026-09-06T15:17,,,,3,,,,,
2026-09-06T10:17,2026-09-06T15:17,,,,3,,,,,
2026-09-06T10:18,2026-09-06T15:18,3,0,,2,,,,,
2026-09-06T10:19,2026-09-06T15:19,,,,2,100,31,271,29,1
2026-09-06T10:20,2026-09-06T15:20,,,,2,,,,,
2026-09-06T10:21,2026-09-06T15:21,,,,2,,,,,
2026-09-06T10:22,2026-09-06T15:22,3,0,,2,,,,,
2026-09-06T10:23,2026-09-06T15:23,,,,2,,,,,
2026-09-06T10:24,2026-09-06T15:24,,,,2,102,31,272,29,1
2026-09-06T10:26,2026-09-06T15:26,,,,2,,,,,
2026-09-06T10:27,2026-09-06T15:27,3,0,,2,,,,,
2026-09-06T10:27,2026-09-06T15:27,,,,2,,,,,
2026-09-06T10:29,2026-09-06T15:29,,,,2,,,,,
2026-09-06T10:30,2026-09-06T15:30,,,,2,97,32,272,31,1
2026-09-06T10:31,2026-09-06T15:31,3,0,88.7,2,,,,,
2026-09-06T10:32,2026-09-06T15:32,,,,2,,,,,
2026-09-06T10:33,2026-09-06T15:33,,,,2,,,,,
2026-09-06T10:34,2026-09-06T15:34,,,,2,,,,,
2026-09-06T10:35,2026-09-06T15:35,3,0,,2,101,32,273,32,1
2026-09-06T10:36,2026-09-06T15:36,,,,2,,,,,
2026-09-06T10:37,2026-09-06T15:37,,,,2,,,,,
2026-09-06T10:38,2026-09-06T15:38,,,,2,,,,,
2026-09-06T10:39,2026-09-06T15:39,3,0,,2,,,,,
2026-09-06T10:40,2026-09-06T15:40,,,,3,99,34,273,32,1
2026-09-06T10:41,2026-09-06T15:41,,,,3,,,,,
2026-09-06T10:42,2026-09-06T15:42,,,,2,,,,,
2026-09-06T10:43,2026-09-06T15:43,3,0,,2,,,,,
2026-09-06T10:44,2026-09-06T15:44,,,,2,,,,,
2026-09-06T10:45,2026-09-06T15:45,,,,3,97,30,274,33,1
2026-09-06T10:45,2026-09-06T15:45,,,,3,,,,,
2026-09-06T10:46,2026-09-06T15:46,3,0,,3,,,,,
2026-09-06T10:47,2026-09-06T15:47,,,,3,,,,,
2026-09-06T10:48,2026-09-06T15:48,,,,3,,,,,
2026-09-06T10:49,2026-09-06T15:49,,,,3,100,30,273,35,2
2026-09-06T10:50,2026-09-06T15:50,3,0,,3,,,,,
2026-09-06T10:51,2026-09-06T15:51,,,,3,,,,,
2026-09-06T10:52,2026-09-06T15:52,,,,3,,,,,
2026-09-06T10:53,2026-09-06T15:53,,,,3,,,,,
2026-09-06T10:55,2026-09-06T15:55,3,0,,3,103,27,272,36,2
2026-09-06T10:56,2026-09-06T15:56,,,,2,,,,,
2026-09-06T10:57,2026-09-06T15:57,,,,2,,,,,
2026-09-06T10:57,2026-09-06T15:57,,,,3,,,,,
2026-09-06T10:59,2026-09-06T15:59,3,0,,3,,,,,
2026-09-06T11:00,2026-09-06T16:00,,,,3,100,27,270,36,2
2026-09-06T11:01,2026-09-06T16:01,,,,3,,,,,
2026-09-06T11:02,2026-09-06T16:02,,,,3,,,,,
2026-09-06T11:03,2026-09-06T16:03,3,0,,2,,,,,
2026-09-06T11:04,2026-09-06T16:04,,,,2,,,,,
2026-09-06T11:05,2026-09-06T16:05,,,,2,101,27,270,36,2
2026-09-06T11:05,2026-09-06T16:05,,,,3,,,,,
2026-09-06T11:07,2026-09-06T16:07,3,0,,3,,,,,
2026-09-06T11:08,2026-09-06T16:08,,,,3,,,,,
2026-09-06T11:09,2026-09-06T16:09,,,,3,,,,,
2026-09-06T11:10,2026-09-06T16:10,,,,2,99,28,270,39,2
2026-09-06T11:11,2026-09-06T16:11,3,0,,2,,,,,
2026-09-06T11:12,2026-09-06T16:12,,,,2,,,,,
2026-09-06T11:13,2026-09-06T16:13,,,,2,,,,,
2026-09-06T11:14,2026-09-06T16:14,,,,2,,,,,
2026-09-06T11:15,2026-09-06T16:15,3,0,,2,92,28,271,40,2
2026-09-06T11:16,2026-09-06T16:16,,,,2,,,,,
2026-09-06T11:17,2026-09-06T16:17,,,,2,,,,,
2026-09-06T11:18,2026-09-06T16:18,,,,2,,,,,
2026-09-06T11:19,2026-09-06T16:19,3,0,,2,,,,,
2026-09-06T11:19,2026-09-06T16:19,,,,2,90,26,273,47,1
2026-09-06T11:21,2026-09-06T16:21,,,,2,,,,,
2026-09-06T11:21,2026-09-06T16:21,,,,2,,,,,
2026-09-06T11:22,2026-09-06T16:22,3,0,,2,,,,,
2026-09-06T11:23,2026-09-06T16:23,,,,2,,,,,
2026-09-06T11:24,2026-09-06T16:24,,,,2,88,26,272,50,1
2026-09-06T11:25,2026-09-06T16:25,,,,2,,,,,
2026-09-06T11:26,2026-09-06T16:26,3,0,,2,,,,,
2026-09-06T11:27,2026-09-06T16:27,,,,2,,,,,
2026-09-06T11:28,2026-09-06T16:28,,,,2,,,,,
2026-09-06T11:29,2026-09-06T16:29,,,,2,87,26,273,48,2
2026-09-06T11:30,2026-09-06T16:30,3,0,,2,,,,,
2026-09-06T11:31,2026-09-06T16:31,,,,2,,,,,
2026-09-06T11:32,2026-09-06T16:32,,,,2,,,,,
2026-09-06T11:33,2026-09-06T16:33,,,,2,,,,,
2026-09-06T11:34,2026-09-06T16:34,2,0,,2,86,26,272,52,2
2026-09-06T11:35,2026-09-06T16:35,,,,2,,,,,
2026-09-06T11:36,2026-09-06T16:36,,,,2,,,,,
2026-09-06T11:37,2026-09-06T16:37,,,,2,,,,,
2026-09-06T11:38,2026-09-06T16:38,3,0,,2,,,,,
2026-09-06T11:39,2026-09-06T16:39,,,,2,91,27,272,49,2
2026-09-06T11:40,2026-09-06T16:40,,,,2,,,,,
2026-09-06T11:41,2026-09-06T16:41,,,,2,,,,,
2026-09-06T11:42,2026-09-06T16:42,2,0,,2,,,,,
2026-09-06T11:43,2026-09-06T16:43,,,,2,,,,,
2026-09-06T11:44,2026-09-06T16:44,,,,2,93,28,271,49,2
2026-09-06T11:45,2026-09-06T16:45,,,,2,,,,,
2026-09-06T11:45,2026-09-06T16:45,3,0,,2,,,,,
2026-09-06T11:47,2026-09-06T16:47,,,,2,,,,,
2026-09-06T11:48,2026-09-06T16:48,,,,2,,,,,
2026-09-06T11:49,2026-09-06T16:49,,,,2,92,27,270,49,2
2026-09-06T11:50,2026-09-06T16:50,3,0,,2,,,,,
2026-09-06T11:51,2026-09-06T16:51,,,,2,,,,,
2026-09-06T11:52,2026-09-06T16:52,,,,2,,,,,
2026-09-06T11:53,2026-09-06T16:53,,,,2,,,,,
2026-09-06T11:54,2026-09-06T16:54,3,0,,2,88,26,270,49,2
2026-09-06T11:55,2026-09-06T16:55,,,,2,,,,,
2026-09-06T11:55,2026-09-06T16:55,,,,2,,,,,
2026-09-06T11:56,2026-09-06T16:56,,,,2,,,,,
2026-09-06T11:58,2026-09-06T16:58,3,0,,2,,,,,
2026-09-06T11:59,2026-09-06T16:59,,,,2,88,26,270,47,2
2026-09-06T12:00,2026-09-06T17:00,,,,3,,,,,
2026-09-06T12:01,2026-09-06T17:01,,,,3,,,,,
2026-09-06T12:02,2026-09-06T17:02,3,0,,2,,,,,
2026-09-06T12:03,2026-09-06T17:03,,,,2,,,,,
2026-09-06T12:04,2026-09-06T17:04,,,,2,82,25,270,47,2
2026-09-06T12:05,2026-09-06T17:05,,,,2,,,,,
2026-09-06T12:05,2026-09-06T17:05,3,0,,2,,,,,
2026-09-06T12:06,2026-09-06T17:06,,,,2,,,,,
2026-09-06T12:07,2026-09-06T17:07,,,,2,,,,,
2026-09-06T12:08,2026-09-06T17:08,,,,3,79,24,269,48,2
2026-09-06T12:10,2026-09-06T17:10,3,0,,3,,,,,
2026-09-06T12:11,2026-09-06T17:11,,,,3,,,,,
2026-09-06T12:12,2026-09-06T17:12,,,,2,,,,,
2026-09-06T12:13,2026-09-06T17:13,,,,2,,,,,
2026-09-06T12:14,2026-09-06T17:14,3,0,,2,81,25,270,49,2
2026-09-06T12:15,2026-09-06T17:15,,,,2,,,,,
2026-09-06T12:16,2026-09-06T17:16,,,,2,,,,,
2026-09-06T12:17,2026-09-06T17:17,,,,3,,,,,
2026-09-06T12:18,2026-09-06T17:18,3,0,,3,,,,,
2026-09-06T12:19,2026-09-06T17:19,,,,3,83,26,270,53,1
2026-09-06T12:20,2026-09-06T17:20,,,,3,,,,,
2026-09-06T12:21,2026-09-06T17:21,,,,3,,,,,
2026-09-06T12:22,2026-09-06T17:22,3,0,,3,,,,,
2026-09-06T12:23,2026-09-06T17:23,,,,3,,,,,
2026-09-06T12:24,2026-09-06T17:24,,,,3,80,25,271,55,1
2026-09-06T12:25,2026-09-06T17:25,,,,3,,,,,
2026-09-06T12:26,2026-09-06T17:26,3,0,,3,,,,,
2026-09-06T12:27,2026-09-06T17:27,,,,3,,,,,
2026-09-06T12:28,2026-09-06T17:28,,,,3,,,,,
2026-09-06T12:29,2026-09-06T17:29,,,,3,80,24,270,58,2
2026-09-06T12:30,2026-09-06T17:30,3,0,,3,,,,,
2026-09-06T12:31,2026-09-06T17:31,,,,3,,,,,
2026-09-06T12:32,2026-09-06T17:32,,,,3,,,,,
2026-09-06T12:33,2026-09-06T17:33,,,,3,,,,,
2026-09-06T12:34,2026-09-06T17:34,3,0,89.4,3,83,24,269,60,2
2026-09-06T12:35,2026-09-06T17:35,,,,3,,,,,
2026-09-06T12:36,2026-09-06T17:36,,,,3,,,,,
2026-09-06T12:37,2026-09-06T17:37,,,,3,,,,,
2026-09-06T12:38,2026-09-06T17:38,3,0,,3,,,,,
2026-09-06T12:39,2026-09-06T17:39,,,,3,85,24,267,59,2
2026-09-06T12:40,2026-09-06T17:40,,,,3,,,,,
2026-09-06T12:41,2026-09-06T17:41,,,,3,,,,,
2026-09-06T12:42,2026-09-06T17:42,3,0,,3,,,,,
2026-09-06T12:43,2026-09-06T17:43,,,,3,,,,,
2026-09-06T12:44,2026-09-06T17:44,,,,3,82,24,267,59,2
2026-09-06T12:45,2026-09-06T17:45,,,,3,,,,,
2026-09-06T12:46,2026-09-06T17:46,3,0,,3,,,,,
2026-09-06T12:47,2026-09-06T17:47,,,,3,,,,,
2026-09-06T12:48,2026-09-06T17:48,,,,3,,,,,
2026-09-06T12:49,2026-09-06T17:49,,,,3,87,24,267,57,2
2026-09-06T12:50,2026-09-06T17:50,3,0,,3,,,,,
2026-09-06T12:51,2026-09-06T17:51,,,,3,,,,,
2026-09-06T12:51,2026-09-06T17:51,,,,3,,,,,
2026-09-06T12:53,2026-09-06T17:53,,,,3,,,,,
2026-09-06T12:53,2026-09-06T17:53,3,0,,3,87,22,267,54,2
2026-09-06T12:54,2026-09-06T17:54,,,,3,,,,,
2026-09-06T12:55,2026-09-06T17:55,,,,3,,,,,
2026-09-06T12:56,2026-09-06T17:56,,,,3,,,,,
2026-09-06T12:57,2026-09-06T17:57,3,0,,3,,,,,
2026-09-06T12:58,2026-09-06T17:58,,,,3,85,23,267,54,2
2026-09-06T12:59,2026-09-06T17:59,,,,3,,,,,
2026-09-06T13:00,2026-09-06T18:00,,,,3,,,,,
2026-09-06T13:01,2026-09-06T18:01,3,0,,3,,,,,
2026-09-06T13:02,2026-09-06T18:02,,,,3,,,,,
2026-09-06T13:03,2026-09-06T18:03,,,,3,79,24,267,53,1
2026-09-06T13:04,2026-09-06T18:04,,,,3,,,,,
2026-09-06T13:05,2026-09-06T18:05,3,0,,3,,,,,
2026-09-06T13:07,2026-09-06T18:07,,,,3,,,,,
2026-09-06T13:08,2026-09-06T18:08,,,,3,,,,,
2026-09-06T13:08,2026-09-06T18:08,,,,3,79,23,266,54,1
2026-09-06T13:10,2026-09-06T18:10,3,0,,3,,,,,
2026-09-06T13:11,2026-09-06T18:11,,,,3,,,,,
2026-09-06T13:12,2026-09-06T18:12,,,,3,,,,,
2026-09-06T13:13,2026-09-06T18:13,,,,3,,,,,
2026-09-06T13:14,2026-09-06T18:14,3,0,,3,83,22,266,56,1
2026-09-06T13:14,2026-09-06T18:14,,,,3,,,,,
2026-09-06T13:15,2026-09-06T18:15,,,,3,,,,,
2026-09-06T13:16,2026-09-06T18:16,,,,3,,,,,
2026-09-06T13:17,2026-09-06T18:17,3,0,86.8,3,80,23,265,55,1
2026-09-06T13:18,2026-09-06T18:18,,,,3,,,,,
2026-09-06T13:20,2026-09-06T18:20,,,,3,,,,,
2026-09-06T13:21,2026-09-06T18:21,,,,3,,,,,
2026-09-06T13:22,2026-09-06T18:22,3,0,,3,,,,,
2026-09-06T13:23,2026-09-06T18:23,,,,3,81,23,265,55,1
2026-09-06T13:24,2026-09-06T18:24,,,,3,,,,,
2026-09-06T13:25,2026-09-06T18:25,,,,3,,,,,
2026-09-06T13:26,2026-09-06T18:26,3,0,,3,,,,,
2026-09-06T13:27,2026-09-06T18:27,,,,3,,,,,
2026-09-06T13:28,2026-09-06T18:28,,,,3,81,23,264,55,1
2026-09-06T13:28,2026-09-06T18:28,,,,3,,,,,
2026-09-06T13:30,2026-09-06T18:30,3,0,,3,,,,,
2026-09-06T13:31,2026-09-06T18:31,,,,3,,,,,
2026-09-06T13:32,2026-09-06T18:32,,,,3,,,,,
2026-09-06T13:33,2026-09-06T18:33,,,,3,79,23,264,53,1
2026-09-06T13:33,2026-09-06T18:33,3,0,,3,,,,,
2026-09-06T13:34,2026-09-06T18:34,,,,3,,,,,
2026-09-06T13:35,2026-09-06T18:35,,,,3,,,,,
2026-09-06T13:37,2026-09-06T18:37,,,,3,,,,,
2026-09-06T13:37,2026-09-06T18:37,3,0,,3,80,22,263,51,1
2026-09-06T13:39,2026-09-06T18:39,,,,3,,,,,
2026-09-06T13:40,2026-09-06T18:40,,,,3,,,,,
2026-09-06T13:41,2026-09-06T18:41,,,,3,,,,,
2026-09-06T13:42,2026-09-06T18:42,3,0,,3,,,,,
2026-09-06T13:43,2026-09-06T18:43,,,,3,82,22,264,52,2
2026-09-06T13:44,2026-09-06T18:44,,,,3,,,,,
2026-09-06T13:45,2026-09-06T18:45,,,,3,,,,,
2026-09-06T13:46,2026-09-06T18:46,3,0,,3,,,,,
2026-09-06T13:47,2026-09-06T18:47,,,,3,,,,,
2026-09-06T13:48,2026-09-06T18:48,,,,3,82,19,264,52,2
2026-09-06T13:49,2026-09-06T18:49,,,,3,,,,,
2026-09-06T13:49,2026-09-06T18:49,3,0,91.5,3,,,,,
2026-09-06T13:51,2026-09-06T18:51,,,,3,,,,,
2026-09-06T13:52,2026-09-06T18:52,,,,3,,,,,
2026-09-06T13:52,2026-09-06T18:52,,,,3,87,20,263,54,2
2026-09-06T13:53,2026-09-06T18:53,3,0,,3,,,,,
2026-09-06T13:54,2026-09-06T18:54,,,,3,,,,,
2026-09-06T13:56,2026-09-06T18:56,,,,3,,,,,
2026-09-06T13:57,2026-09-06T18:57,,,,3,,,,,
2026-09-06T13:58,2026-09-06T18:58,3,0,,3,82,21,263,56,1
2026-09-06T13:59,2026-09-06T18:59,,,,3,,,,,
2026-09-06T13:59,2026-09-06T18:59,,,,3,,,,,
2026-09-06T14:01,2026-09-06T19:01,,,,3,,,,,
2026-09-06T14:02,2026-09-06T19:02,3,0,,3,,,,,
2026-09-06T14:03,2026-09-06T19:03,,,,3,84,21,263,59,1
2026-09-06T14:04,2026-09-06T19:04,,,,3,,,,,
2026-09-06T14:05,2026-09-06T19:05,,,,3,,,,,
2026-09-06T14:06,2026-09-06T19:06,3,0,,3,,,,,
2026-09-06T14:07,2026-09-06T19:07,,,,3,,,,,
2026-09-06T14:08,2026-09-06T19:08,,,,3,83,24,263,57,1
2026-09-06T14:10,2026-09-06T19:10,,,,3,,,,,
2026-09-06T14:11,2026-09-06T19:11,3,0,,3,,,,,
2026-09-06T14:12,2026-09-06T19:12,,,,3,,,,,
2026-09-06T14:13,2026-09-06T19:13,,,,3,,,,,
2026-09-06T14:14,2026-09-06T19:14,,,,3,86,24,262,58,1
2026-09-06T14:15,2026-09-06T19:15,3,0,,3,,,,,
2026-09-06T14:16,2026-09-06T19:16,,,,3,,,,,
2026-09-06T14:17,2026-09-06T19:17,,,,3,,,,,
2026-09-06T14:18,2026-09-06T19:18,,,,3,,,,,
2026-09-06T14:19,2026-09-06T19:19,3,0,,3,86,24,260,60,1
2026-09-06T14:20,2026-09-06T19:20,,,,3,,,,,
2026-09-06T14:21,2026-09-06T19:21,,,,3,,,,,
2026-09-06T14:22,2026-09-06T19:22,,,,3,,,,,
2026-09-06T14:23,2026-09-06T19:23,3,0,,3,,,,,
2026-09-06T14:24,2026-09-06T19:24,,,,3,89,25,259,60,1
2026-09-06T14:25,2026-09-06T19:25,,,,3,,,,,
2026-09-06T14:26,2026-09-06T19:26,,,,3,,,,,
2026-09-06T14:27,2026-09-06T19:27,3,0,,3,,,,,
2026-09-06T14:28,2026-09-06T19:28,,,,3,,,,,
2026-09-06T14:29,2026-09-06T19:29,,,,3,92,25,258,62,1
2026-09-06T14:30,2026-09-06T19:30,,,,3,,,,,
2026-09-06T14:31,2026-09-06T19:31,3,0,,3,,,,,
2026-09-06T14:32,2026-09-06T19:32,,,,3,,,,,
2026-09-06T14:33,2026-09-06T19:33,,,,3,,,,,
2026-09-06T14:34,2026-09-06T19:34,,,,3,93,24,256,59,1
2026-09-06T14:35,2026-09-06T19:35,3,0,,3,,,,,
2026-09-06T14:36,2026-09-06T19:36,,,,3,,,,,
2026-09-06T14:37,2026-09-06T19:37,,,,3,,,,,
2026-09-06T14:38,2026-09-06T19:38,,,,3,,,,,
2026-09-06T14:39,2026-09-06T19:39,3,0,,3,85,22,256,61,1
2026-09-06T14:40,2026-09-06T19:40,,,,3,,,,,
2026-09-06T14:41,2026-09-06T19:41,,,,3,,,,,
2026-09-06T14:42,2026-09-06T19:42,,,,2,,,,,
2026-09-06T14:43,2026-09-06T19:43,3,0,,2,,,,,
2026-09-06T14:44,2026-09-06T19:44,,,,2,84,23,255,66,3
2026-09-06T14:45,2026-09-06T19:45,,,,3,,,,,
2026-09-06T14:46,2026-09-06T19:46,,,,3,,,,,
2026-09-06T14:46,2026-09-06T19:46,3,0,,3,,,,,
2026-09-06T14:48,2026-09-06T19:48,,,,3,,,,,
2026-09-06T14:48,2026-09-06T19:48,,,,2,87,23,256,70,3
2026-09-06T14:49,2026-09-06T19:49,,,,2,,,,,
2026-09-06T14:50,2026-09-06T19:50,2,0,,2,,,,,
2026-09-06T14:51,2026-09-06T19:51,,,,2,,,,,
2026-09-06T14:52,2026-09-06T19:52,,,,2,,,,,
2026-09-06T14:53,2026-09-06T19:53,,,,2,89,23,257,70,3
2026-09-06T14:55,2026-09-06T19:55,3,0,,2,,,,,
2026-09-06T14:55,2026-09-06T19:55,,,,2,,,,,
2026-09-06T14:56,2026-09-06T19:56,,,,2,,,,,
2026-09-06T14:57,2026-09-06T19:57,,,,2,,,,,
2026-09-06T14:59,2026-09-06T19:59,2,0,,2,88,21,257,72,3
2026-09-06T15:00,2026-09-06T20:00,,,,2,,,,,
2026-09-06T15:01,2026-09-06T20:01,,,,2,,,,,
2026-09-06T15:02,2026-09-06T20:02,,,,2,,,,,
2026-09-06T15:02,2026-09-06T20:02,2,0,,2,,,,,
2026-09-06T15:04,2026-09-06T20:04,,,,2,89,21,257,76,3
2026-09-06T15:05,2026-09-06T20:05,,,,2,,,,,
2026-09-06T15:06,2026-09-06T20:06,,,,2,,,,,
2026-09-06T15:07,2026-09-06T20:07,2,0,,2,,,,,
2026-09-06T15:08,2026-09-06T20:08,,,,2,,,,,
2026-09-06T15:09,2026-09-06T20:09,,,,2,88,20,257,74,2
2026-09-06T15:10,2026-09-06T20:10,,,,2,,,,,
2026-09-06T15:11,2026-09-06T20:11,2,0,,2,,,,,
2026-09-06T15:12,2026-09-06T20:12,,,,2,,,,,
2026-09-06T15:13,2026-09-06T20:13,,,,2,,,,,
2026-09-06T15:14,2026-09-06T20:14,,,,2,89,19,256,75,2
2026-09-06T15:15,2026-09-06T20:15,2,0,,2,,,,,
2026-09-06T15:16,2026-09-06T20:16,,,,2,,,,,
2026-09-06T15:17,2026-09-06T20:17,,,,2,,,,,
2026-09-06T15:18,2026-09-06T20:18,,,,2,,,,,
2026-09-06T15:19,2026-09-06T20:19,2,0,,2,87,18,256,76,2
2026-09-06T15:20,2026-09-06T20:20,,,,2,,,,,
2026-09-06T15:21,2026-09-06T20:21,,,,2,,,,,
2026-09-06T15:22,2026-09-06T20:22,,,,2,,,,,
2026-09-06T15:23,2026-09-06T20:23,2,0,,2,,,,,
2026-09-06T15:24,2026-09-06T20:24,,,,2,85,19,255,82,3
2026-09-06T15:25,2026-09-06T20:25,,,,2,,,,,
2026-09-06T15:26,2026-09-06T20:26,,,,2,,,,,
2026-09-06T15:27,2026-09-06T20:27,2,0,,2,,,,,
2026-09-06T15:28,2026-09-06T20:28,,,,2,,,,,
2026-09-06T15:29,2026-09-06T20:29,,,,2,89,18,254,87,3
2026-09-06T15:30,2026-09-06T20:30,,,,2,,,,,
2026-09-06T15:31,2026-09-06T20:31,2,0,,2,,,,,
2026-09-06T15:32,2026-09-06T20:32,,,,2,,,,,
2026-09-06T15:33,2026-09-06T20:33,,,,2,,,,,
2026-09-06T15:34,2026-09-06T20:34,,,,2,87,17,254,88,3
2026-09-06T15:35,2026-09-06T20:35,2,0,,2,,,,,
2026-09-06T15:36,2026-09-06T20:36,,,,2,,,,,
2026-09-06T15:37,2026-09-06T20:37,,,,2,,,,,
2026-09-06T15:38,2026-09-06T20:38,,,,2,,,,,
2026-09-06T15:39,2026-09-06T20:39,2,0,,2,80,16,256,86,3
2026-09-06T15:40,2026-09-06T20:40,,,,2,,,,,
2026-09-06T15:41,2026-09-06T20:41,,,,2,,,,,
2026-09-06T15:42,2026-09-06T20:42,,,,2,,,,,
2026-09-06T15:43,2026-09-06T20:43,2,0,,2,,,,,
2026-09-06T15:44,2026-09-06T20:44,,,,2,80,16,256,85,3
2026-09-06T15:45,2026-09-06T20:45,,,,2,,,,,
2026-09-06T15:46,2026-09-06T20:46,,,,2,,,,,
2026-09-06T15:46,2026-09-06T20:46,2,0,,2,,,,,
2026-09-06T15:47,2026-09-06T20:47,,,,2,,,,,
2026-09-06T15:48,2026-09-06T20:48,,,,2,76,17,257,87,3
2026-09-06T15:49,2026-09-06T20:49,,,,2,,,,,
2026-09-06T15:50,2026-09-06T20:50,2,0,,2,,,,,
2026-09-06T15:51,2026-09-06T20:51,,,,2,,,,,
2026-09-06T15:52,2026-09-06T20:52,,,,2,,,,,
2026-09-06T15:53,2026-09-06T20:53,,,,2,77,18,259,83,3
2026-09-06T15:54,2026-09-06T20:54,2,0,,2,,,,,
2026-09-06T15:55,2026-09-06T20:55,,,,2,,,,,
2026-09-06T15:56,2026-09-06T20:56,,,,1,,,,,
2026-09-06T15:57,2026-09-06T20:57,,,,2,,,,,
2026-09-06T15:58,2026-09-06T20:58,2,0,65.4,2,74,18,259,88,3
2026-09-06T15:59,2026-09-06T20:59,,,,2,,,,,
2026-09-06T16:00,2026-09-06T21:00,,,,1,,,,,
2026-09-06T16:01,2026-09-06T21:01,,,,1,,,,,
2026-09-06T16:02,2026-09-06T21:02,1,0,,1,,,,,
2026-09-06T16:03,2026-09-06T21:03,,,,1,73,17,259,87,3
2026-09-06T16:04,2026-09-06T21:04,,,,1,,,,,
2026-09-06T16:05,2026-09-06T21:05,,,,1,,,,,
2026-09-06T16:06,2026-09-06T21:06,1,0,,1,,,,,
2026-09-06T16:07,2026-09-06T21:07,,,,1,,,,,
2026-09-06T16:08,2026-09-06T21:08,,,,1,74,17,259,84,3
2026-09-06T16:09,2026-09-06T21:09,,,,1,,,,,
2026-09-06T16:10,2026-09-06T21:10,1,0,,1,,,,,
2026-09-06T16:11,2026-09-06T21:11,,,,1,,,,,
2026-09-06T16:13,2026-09-06T21:13,,,,1,,,,,
2026-09-06T16:14,2026-09-06T21:14,,,,1,75,18,259,76,1
2026-09-06T16:15,2026-09-06T21:15,1,0,,1,,,,,
2026-09-06T16:16,2026-09-06T21:16,,,,1,,,,,
2026-09-06T16:17,2026-09-06T21:17,,,,1,,,,,
2026-09-06T16:18,2026-09-06T21:18,,,,1,,,,,
2026-09-06T16:19,2026-09-06T21:19,1,0,,1,71,18,259,75,1
2026-09-06T16:20,2026-09-06T21:20,,,,1,,,,,
2026-09-06T16:21,2026-09-06T21:21,,,,1,,,,,
2026-09-06T16:22,2026-09-06T21:22,,,,1,,,,,
2026-09-06T16:23,2026-09-06T21:23,1,0,,1,,,,,
2026-09-06T16:24,2026-09-06T21:24,,,,1,65,18,259,74,1
2026-09-06T16:25,2026-09-06T21:25,,,,1,,,,,
2026-09-06T16:26,2026-09-06T21:26,,,,1,,,,,
2026-09-06T16:27,2026-09-06T21:27,1,0,59.0,1,,,,,
2026-09-06T16:28,2026-09-06T21:28,,,,1,,,,,
2026-09-06T16:28,2026-09-06T21:28,,,,1,66,17,260,73,1
2026-09-06T16:29,2026-09-06T21:29,,,,1,,,,,
2026-09-06T16:30,2026-09-06T21:30,1,0,,1,,,,,
2026-09-06T16:32,2026-09-06T21:32,,,,1,,,,,
2026-09-06T16:33,2026-09-06T21:33,,,,1,,,,,
2026-09-06T16:34,2026-09-06T21:34,,,,1,67,17,260,71,1
2026-09-06T16:35,2026-09-06T21:35,1,0,57.2,1,,,,,
2026-09-06T16:36,2026-09-06T21:36,,,,1,,,,,
2026-09-06T16:36,2026-09-06T21:36,,,,1,,,,,
2026-09-06T16:38,2026-09-06T21:38,,,,1,,,,,
2026-09-06T16:38,2026-09-06T21:38,1,0,,1,65,17,259,70,1
2026-09-06T16:39,2026-09-06T21:39,,,,1,,,,,
2026-09-06T16:40,2026-09-06T21:40,,,,1,,,,,
2026-09-06T16:41,2026-09-06T21:41,,,,1,,,,,
2026-09-06T16:42,2026-09-06T21:42,1,0,,1,,,,,
2026-09-06T16:43,2026-09-06T21:43,,,,1,67,18,260,70,1
2026-09-06T16:44,2026-09-06T21:44,,,,1,,,,,
2026-09-06T16:45,2026-09-06T21:45,,,,1,,,,,
2026-09-06T16:46,2026-09-06T21:46,1,0,,1,,,,,
2026-09-06T16:47,2026-09-06T21:47,,,,1,,,,,
2026-09-06T16:48,2026-09-06T21:48,,,,1,67,18,260,68,1
2026-09-06T16:49,2026-09-06T21:49,,,,1,,,,,
2026-09-06T16:50,2026-09-06T21:50,1,0,,1,,,,,
2026-09-06T16:51,2026-09-06T21:51,,,,1,,,,,
2026-09-06T16:52,2026-09-06T21:52,,,,1,,,,,
2026-09-06T16:53,2026-09-06T21:53,,,,1,66,18,259,65,0
2026-09-06T16:54,2026-09-06T21:54,1,0,,1,,,,,
2026-09-06T16:55,2026-09-06T21:55,,,,1,,,,,
2026-09-06T16:56,2026-09-06T21:56,,,,1,,,,,
2026-09-06T16:57,2026-09-06T21:57,,,,1,,,,,
2026-09-06T16:58,2026-09-06T21:58,1,0,,1,57,17,259,62,0
2026-09-06T16:59,2026-09-06T21:59,,,,1,,,,,
2026-09-06T17:00,2026-09-06T22:00,,,,1,,,,,
2026-09-06T17:01,2026-09-06T22:01,,,,1,,,,,
2026-09-06T17:02,2026-09-06T22:02,1,0,,1,,,,,
2026-09-06T17:03,2026-09-06T22:03,,,,1,56,19,259,63,0
2026-09-06T17:04,2026-09-06T22:04,,,,1,,,,,
2026-09-06T17:05,2026-09-06T22:05,,,,1,,,,,
2026-09-06T17:06,2026-09-06T22:06,1,0,,1,,,,,
2026-09-06T17:07,2026-09-06T22:07,,,,1,,,,,
2026-09-06T17:08,2026-09-06T22:08,,,,1,58,16,259,63,0
2026-09-06T17:09,2026-09-06T22:09,,,,1,,,,,
2026-09-06T17:09,2026-09-06T22:09,1,0,,1,,,,,
2026-09-06T17:10,2026-09-06T22:10,,,,1,,,,,
2026-09-06T17:11,2026-09-06T22:11,,,,1,,,,,
2026-09-06T17:12,2026-09-06T22:12,,,,1,55,17,259,64,0
2026-09-06T17:13,2026-09-06T22:13,1,0,53.1,1,,,,,
2026-09-06T17:14,2026-09-06T22:14,,,,1,,,,,
2026-09-06T17:15,2026-09-06T22:15,,,,1,,,,,
2026-09-06T17:16,2026-09-06T22:16,,,,1,,,,,
2026-09-06T17:17,2026-09-06T22:17,1,0,,1,55,17,258,63,0
2026-09-06T17:18,2026-09-06T22:18,,,,1,,,,,
2026-09-06T17:19,2026-09-06T22:19,,,,1,,,,,
2026-09-06T17:20,2026-09-06T22:20,,,,1,,,,,
2026-09-06T17:21,2026-09-06T22:21,1,0,,1,,,,,
2026-09-06T17:22,2026-09-06T22:22,,,,1,56,17,258,61,0
2026-09-06T17:23,2026-09-06T22:23,,,,1,,,,,
2026-09-06T17:24,2026-09-06T22:24,,,,1,,,,,
2026-09-06T17:25,2026-09-06T22:25,1,0,,1,,,,,
2026-09-06T17:26,2026-09-06T22:26,,,,1,,,,,
2026-09-06T17:27,2026-09-06T22:27,,,,1,55,16,259,58,0
2026-09-06T17:28,2026-09-06T22:28,,,,1,,,,,
2026-09-06T17:29,2026-09-06T22:29,1,0,49.1,1,,,,,
2026-09-06T17:30,2026-09-06T22:30,,,,1,,,,,
2026-09-06T17:31,2026-09-06T22:31,,,,1,,,,,
2026-09-06T17:32,2026-09-06T22:32,,,,1,53,15,259,54,0
2026-09-06T17:32,2026-09-06T22:32,1,0,,1,,,,,
2026-09-06T17:34,2026-09-06T22:34,,,,1,,,,,
2026-09-06T17:35,2026-09-06T22:35,,,,1,,,,,
2026-09-06T17:36,2026-09-06T22:36,,,,1,,,,,
2026-09-06T17:37,2026-09-06T22:37,1,0,,1,52,17,259,51,0
2026-09-06T17:38,2026-09-06T22:38,,,,1,,,,,
2026-09-06T17:39,2026-09-06T22:39,,,,1,,,,,
2026-09-06T17:40,2026-09-06T22:40,,,,1,,,,,
2026-09-06T17:41,2026-09-06T22:41,1,0,,1,,,,,
2026-09-06T17:41,2026-09-06T22:41,,,,1,53,15,259,50,0
2026-09-06T17:43,2026-09-06T22:43,,,,1,,,,,
2026-09-06T17:44,2026-09-06T22:44,,,,1,,,,,
2026-09-06T17:45,2026-09-06T22:45,1,0,,1,,,,,
2026-09-06T17:46,2026-09-06T22:46,,,,1,,,,,
2026-09-06T17:47,2026-09-06T22:47,,,,1,54,15,258,49,0
2026-09-06T17:48,2026-09-06T22:48,,,,1,,,,,
2026-09-06T17:49,2026-09-06T22:49,1,0,,1,,,,,
2026-09-06T17:50,2026-09-06T22:50,,,,1,,,,,
2026-09-06T17:51,2026-09-06T22:51,,,,1,,,,,
2026-09-06T17:52,2026-09-06T22:52,,,,1,53,15,257,49,0
2026-09-06T17:53,2026-09-06T22:53,1,0,,1,,,,,
2026-09-06T17:54,2026-09-06T22:54,,,,1,,,,,
2026-09-06T17:55,2026-09-06T22:55,,,,1,,,,,
2026-09-06T17:56,2026-09-06T22:56,,,,1,,,,,
2026-09-06T17:57,2026-09-06T22:57,1,0,,1,51,15,257,48,1
2026-09-06T17:58,2026-09-06T22:58,,,,1,,,,,
2026-09-06T17:59,2026-09-06T22:59,,,,1,,,,,
2026-09-06T18:00,2026-09-06T23:00,,,,1,,,,,
2026-09-06T18:01,2026-09-06T23:01,1,0,,1,,,,,
2026-09-06T18:02,2026-09-06T23:02,,,,1,47,16,257,44,1
2026-09-06T18:03,2026-09-06T23:03,,,,1,,,,,
2026-09-06T18:04,2026-09-06T23:04,,,,1,,,,,
2026-09-06T18:05,2026-09-06T23:05,1,0,,1,,,,,
2026-09-06T18:06,2026-09-06T23:06,,,,1,,,,,
2026-09-06T18:07,2026-09-06T23:07,,,,1,44,16,257,47,1
2026-09-06T18:08,2026-09-06T23:08,,,,1,,,,,
2026-09-06T18:09,2026-09-06T23:09,1,0,,1,,,,,
2026-09-06T18:11,2026-09-06T23:11,,,,1,,,,,
2026-09-06T18:12,2026-09-06T23:12,,,,1,,,,,
2026-09-06T18:13,2026-09-06T23:13,,,,1,40,16,259,47,1
2026-09-06T18:14,2026-09-06T23:14,1,0,,1,,,,,
2026-09-06T18:15,2026-09-06T23:15,,,,1,,,,,
2026-09-06T18:16,2026-09-06T23:16,,,,1,,,,,
2026-09-06T18:17,2026-09-06T23:17,,,,1,,,,,
2026-09-06T18:18,2026-09-06T23:18,1,0,,1,37,16,259,46,1
2026-09-06T18:19,2026-09-06T23:19,,,,1,,,,,
2026-09-06T18:20,2026-09-06T23:20,,,,1,,,,,
2026-09-06T18:21,2026-09-06T23:21,,,,1,,,,,
2026-09-06T18:22,2026-09-06T23:22,1,0,,1,,,,,
2026-09-06T18:23,2026-09-06T23:23,,,,1,37,15,259,49,1
2026-09-06T18:24,2026-09-06T23:24,,,,1,,,,,
2026-09-06T18:25,2026-09-06T23:25,,,,1,,,,,
2026-09-06T18:26,2026-09-06T23:26,1,0,,1,,,,,
2026-09-06T18:27,2026-09-06T23:27,,,,1,,,,,
2026-09-06T18:28,2026-09-06T23:28,,,,1,41,17,260,49,1
2026-09-06T18:29,2026-09-06T23:29,,,,1,,,,,
2026-09-06T18:30,2026-09-06T23:30,1,0,,1,,,,,
2026-09-06T18:31,2026-09-06T23:31,,,,1,,,,,
2026-09-06T18:32,2026-09-06T23:32,,,,1,,,,,
2026-09-06T18:33,2026-09-06T23:33,,,,1,38,17,261,49,1
2026-09-06T18:34,2026-09-06T23:34,1,0,,1,,,,,
2026-09-06T18:35,2026-09-06T23:35,,,,1,,,,,
2026-09-06T18:35,2026-09-06T23:35,,,,1,,,,,
2026-09-06T18:37,2026-09-06T23:37,,,,1,,,,,
2026-09-06T18:37,2026-09-06T23:37,1,0,,1,35,17,261,49,2
2026-09-06T18:39,2026-09-06T23:39,,,,1,,,,,
2026-09-06T18:40,2026-09-06T23:40,,,,1,,,,,
2026-09-06T18:41,2026-09-06T23:41,,,,1,,,,,
2026-09-06T18:41,2026-09-06T23:41,1,0,,1,,,,,
2026-09-06T18:42,2026-09-06T23:42,,,,1,35,16,260,46,2
2026-09-06T18:43,2026-09-06T23:43,,,,1,,,,,
2026-09-06T18:44,2026-09-06T23:44,,,,1,,,,,
2026-09-06T18:45,2026-09-06T23:45,1,0,,1,,,,,
2026-09-06T18:46,2026-09-06T23:46,,,,1,,,,,
2026-09-06T18:47,2026-09-06T23:47,,,,1,33,15,260,45,2
2026-09-06T18:48,2026-09-06T23:48,,,,1,,,,,
2026-09-06T18:49,2026-09-06T23:49,0,0,,1,,,,,
2026-09-06T18:51,2026-09-06T23:51,,,,1,,,,,
2026-09-06T18:52,2026-09-06T23:52,,,,1,,,,,
2026-09-06T18:53,2026-09-06T23:53,,,,1,31,13,257,44,2
2026-09-06T18:54,2026-09-06T23:54,0,0,,1,,,,,
2026-09-06T18:55,2026-09-06T23:55,,,,1,,,,,
2026-09-06T18:56,2026-09-06T23:56,,,,1,,,,,
2026-09-06T18:57,2026-09-06T23:57,,,,1,,,,,
2026-09-06T18:58,2026-09-06T23:58,0,0,,1,29,13,257,46,5
2026-09-06T18:59,2026-09-06T23:59,,,,1,,,,,
2026-09-06T19:01,2026-09-07T00:01,,,,1,,,,,
2026-09-06T19:02,2026-09-07T00:02,,,,1,,,,,
2026-09-06T19:03,2026-09-07T00:03,0,0,,1,,,,,
2026-09-06T19:04,2026-09-07T00:04,,,,1,31,13,257,46,5
2026-09-06T19:05,2026-09-07T00:05,,,,1,,,,,
2026-09-06T19:06,2026-09-07T00:06,,,,1,,,,,
2026-09-06T19:07,2026-09-07T00:07,0,0,,1,,,,,
2026-09-06T19:08,2026-09-07T00:08,,,,1,,,,,
2026-09-06T19:09,2026-09-07T00:09,,,,1,28,12,257,46,5
2026-09-06T19:10,2026-09-07T00:10,,,,1,,,,,
2026-09-06T19:11,2026-09-07T00:11,0,0,,1,,,,,
2026-09-06T19:12,2026-09-07T00:12,,,,1,,,,,
2026-09-06T19:13,2026-09-07T00:13,,,,1,,,,,
2026-09-06T19:15,2026-09-07T00:15,,,,1,27,12,257,48,5
2026-09-06T19:16,2026-09-07T00:16,0,0,,1,,,,,
2026-09-06T19:16,2026-09-07T00:16,,,,1,,,,,
2026-09-06T19:17,2026-09-07T00:17,,,,1,,,,,
2026-09-06T19:18,2026-09-07T00:18,,,,1,,,,,
2026-09-06T19:19,2026-09-07T00:19,0,0,,1,26,12,257,47,5
2026-09-06T19:20,2026-09-07T00:20,,,,1,,,,,
2026-09-06T19:21,2026-09-07T00:21,,,,1,,,,,
2026-09-06T19:22,2026-09-07T00:22,,,,1,,,,,
2026-09-06T19:23,2026-09-07T00:23,0,0,,1,,,,,
2026-09-06T19:24,2026-09-07T00:24,,,,1,26,12,257,46,5
2026-09-06T19:25,2026-09-07T00:25,,,,1,,,,,
2026-09-06T19:26,2026-09-07T00:26,,,,1,,,,,
2026-09-06T19:27,2026-09-07T00:27,0,0,26.8,1,,,,,
2026-09-06T19:28,2026-09-07T00:28,,,,1,,,,,
2026-09-06T19:29,2026-09-07T00:29,,,,1,27,13,257,46,6
2026-09-06T19:30,2026-09-07T00:30,,,,1,,,,,
2026-09-06T19:31,2026-09-07T00:31,0,0,,1,,,,,
2026-09-06T19:32,2026-09-07T00:32,,,,1,,,,,
2026-09-06T19:34,2026-09-07T00:34,,,,1,,,,,
2026-09-06T19:34,2026-09-07T00:34,,,,1,27,12,257,46,6
2026-09-06T19:35,2026-09-07T00:35,0,0,,1,,,,,
2026-09-06T19:36,2026-09-07T00:36,,,,1,,,,,
2026-09-06T19:37,2026-09-07T00:37,,,,1,,,,,
2026-09-06T19:38,2026-09-07T00:38,,,,1,,,,,
2026-09-06T19:39,2026-09-07T00:39,0,0,,1,27,12,257,43,6
2026-09-06T19:41,2026-09-07T00:41,,,,1,,,,,
2026-09-06T19:41,2026-09-07T00:41,,,,1,,,,,
2026-09-06T19:42,2026-09-07T00:42,,,,1,,,,,
2026-09-06T19:43,2026-09-07T00:43,0,0,,1,,,,,
2026-09-06T19:44,2026-09-07T00:44,,,,1,25,11,256,41,6
2026-09-06T19:45,2026-09-07T00:45,,,,1,,,,,
2026-09-06T19:46,2026-09-07T00:46,,,,1,,,,,
2026-09-06T19:47,2026-09-07T00:47,0,0,,1,,,,,
2026-09-06T19:48,2026-09-07T00:48,,,,1,,,,,
2026-09-06T19:49,2026-09-07T00:49,,,,1,25,11,256,41,6
2026-09-06T19:50,2026-09-07T00:50,,,,1,,,,,
2026-09-06T19:51,2026-09-07T00:51,0,0,,1,,,,,
2026-09-06T19:52,2026-09-07T00:52,,,,1,,,,,
2026-09-06T19:53,2026-09-07T00:53,,,,1,,,,,
2026-09-06T19:53,2026-09-07T00:53,,,,1,24,10,256,39,6
2026-09-06T19:54,2026-09-07T00:54,0,0,,1,,,,,
2026-09-06T19:55,2026-09-07T00:55,,,,1,,,,,
2026-09-06T19:57,2026-09-07T00:57,,,,1,,,,,
2026-09-06T19:58,2026-09-07T00:58,,,,1,,,,,
2026-09-06T19:59,2026-09-07T00:59,0,0,,1,18,10,256,41,6
2026-09-06T20:00,2026-09-07T01:00,,,,1,,,,,
2026-09-06T20:01,2026-09-07T01:01,,,,1,,,,,
2026-09-06T20:02,2026-09-07T01:02,,,,1,,,,,
2026-09-06T20:03,2026-09-07T01:03,0,0,24.9,1,,,,,
2026-09-06T20:04,2026-09-07T01:04,,,,1,17,9,256,36,6
2026-09-06T20:05,2026-09-07T01:05,,,,1,,,,,
2026-09-06T20:06,2026-09-07T01:06,,,,1,,,,,
2026-09-06T20:07,2026-09-07T01:07,0,0,,1,,,,,
2026-09-06T20:08,2026-09-07T01:08,,,,1,,,,,
2026-09-06T20:09,2026-09-07T01:09,,,,1,16,8,256,36,4
2026-09-06T20:10,2026-09-07T01:10,,,,1,,,,,
2026-09-06T20:11,2026-09-07T01:11,0,0,,1,,,,,
2026-09-06T20:12,2026-09-07T01:12,,,,1,,,,,
2026-09-06T20:13,2026-09-07T01:13,,,,1,,,,,
2026-09-06T20:14,2026-09-07T01:14,,,,1,16,10,256,37,4
2026-09-06T20:15,2026-09-07T01:15,0,0,,1,,,,,
2026-09-06T20:16,2026-09-07T01:16,,,,1,,,,,
2026-09-06T20:17,2026-09-07T01:17,,,,1,,,,,
2026-09-06T20:18,2026-09-07T01:18,,,,1,,,,,
2026-09-06T20:19,2026-09-07T01:19,0,0,,1,16,10,256,34,4
2026-09-06T20:19,2026-09-07T01:19,,,,1,,,,,
2026-09-06T20:21,2026-09-07T01:21,,,,1,,,,,
2026-09-06T20:22,2026-09-07T01:22,,,,1,,,,,
2026-09-06T20:23,2026-09-07T01:23,0,0,,1,,,,,
2026-09-06T20:24,2026-09-07T01:24,,,,1,17,9,254,31,1
2026-09-06T20:25,2026-09-07T01:25,,,,1,,,,,
2026-09-06T20:26,2026-09-07T01:26,,,,1,,,,,
2026-09-06T20:27,2026-09-07T01:27,0,0,,1,,,,,
2026-09-06T20:28,2026-09-07T01:28,,,,1,,,,,
2026-09-06T20:29,2026-09-07T01:29,,,,1,14,9,254,28,1
2026-09-06T20:30,2026-09-07T01:30,,,,1,,,,,
2026-09-06T20:31,2026-09-07T01:31,0,0,,1,,,,,
2026-09-06T20:32,2026-09-07T01:32,,,,1,,,,,
2026-09-06T20:33,2026-09-07T01:33,,,,1,,,,,
2026-09-06T20:34,2026-09-07T01:34,,,,1,13,7,254,27,1
2026-09-06T20:36,2026-09-07T01:36,0,0,,1,,,,,
2026-09-06T20:37,2026-09-07T01:37,,,,1,,,,,
2026-09-06T20:37,2026-09-07T01:37,,,,1,,,,,
2026-09-06T20:38,2026-09-07T01:38,,,,1,,,,,
2026-09-06T20:40,2026-09-07T01:40,0,0,,1,13,7,253,23,1
2026-09-06T20:41,2026-09-07T01:41,,,,1,,,,,
2026-09-06T20:41,2026-09-07T01:41,,,,1,,,,,
2026-09-06T20:43,2026-09-07T01:43,,,,1,,,,,
2026-09-06T20:44,2026-09-07T01:44,0,0,,1,,,,,
2026-09-06T20:45,2026-09-07T01:45,,,,1,12,7,253,23,1
2026-09-06T20:46,2026-09-07T01:46,,,,1,,,,,
2026-09-06T20:46,2026-09-07T01:46,,,,1,,,,,
2026-09-06T20:47,2026-09-07T01:47,0,0,,1,,,,,
2026-09-06T20:48,2026-09-07T01:48,,,,1,,,,,
2026-09-06T20:49,2026-09-07T01:49,,,,1,12,7,253,23,1
2026-09-06T20:50,2026-09-07T01:50,,,,1,,,,,
2026-09-06T20:51,2026-09-07T01:51,0,0,,1,,,,,
2026-09-06T20:52,2026-09-07T01:52,,,,1,,,,,
2026-09-06T20:53,2026-09-07T01:53,,,,1,,,,,
2026-09-06T20:54,2026-09-07T01:54,,,,1,13,7,253,21,1
2026-09-06T20:55,2026-09-07T01:55,0,0,21.2,1,,,,,
2026-09-06T20:56,2026-09-07T01:56,,,,1,,,,,
2026-09-06T20:57,2026-09-07T01:57,,,,1,,,,,
2026-09-06T20:58,2026-09-07T01:58,,,,1,,,,,
2026-09-06T20:59,2026-09-07T01:59,0,0,,1,12,7,253,20,0
2026-09-06T21:00,2026-09-07T02:00,,,,1,,,,,
2026-09-06T21:01,2026-09-07T02:01,,,,1,,,,,
2026-09-06T21:02,2026-09-07T02:02,,,,1,,,,,
2026-09-06T21:03,2026-09-07T02:03,0,0,,1,,,,,
2026-09-06T21:04,2026-09-07T02:04,,,,1,12,6,253,19,0
2026-09-06T21:05,2026-09-07T02:05,,,,1,,,,,
2026-09-06T21:06,2026-09-07T02:06,,,,1,,,,,
2026-09-06T21:07,2026-09-07T02:07,0,0,,1,,,,,
2026-09-06T21:08,2026-09-07T02:08,,,,1,,,,,
2026-09-06T21:09,2026-09-07T02:09,,,,1,10,6,253,17,0
2026-09-06T21:10,2026-09-07T02:10,,,,1,,,,,
2026-09-06T21:11,2026-09-07T02:11,0,0,,1,,,,,
2026-09-06T21:12,2026-09-07T02:12,,,,1,,,,,
2026-09-06T21:13,2026-09-07T02:13,,,,1,,,,,
2026-09-06T21:14,2026-09-07T02:14,,,,1,10,6,251,18,0
2026-09-06T21:15,2026-09-07T02:15,0,0,,1,,,,,
2026-09-06T21:16,2026-09-07T02:16,,,,1,,,,,
2026-09-06T21:17,2026-09-07T02:17,,,,1,,,,,
2026-09-06T21:18,2026-09-07T02:18,,,,1,,,,,
2026-09-06T21:19,2026-09-07T02:19,0,0,,1,11,6,251,18,0
2026-09-06T21:20,2026-09-07T02:20,,,,1,,,,,
2026-09-06T21:21,2026-09-07T02:21,,,,1,,,,,
2026-09-06T21:22,2026-09-07T02:22,,,,1,,,,,
2026-09-06T21:22,2026-09-07T02:22,0,0,,1,,,,,
2026-09-06T21:24,2026-09-07T02:24,,,,1,10,7,251,17,0
2026-09-06T21:24,2026-09-07T02:24,,,,1,,,,,
2026-09-06T21:25,2026-09-07T02:25,,,,1,,,,,
2026-09-06T21:26,2026-09-07T02:26,0,0,,1,,,,,
2026-09-06T21:27,2026-09-07T02:27,,,,1,,,,,
2026-09-06T21:28,2026-09-07T02:28,,,,1,10,5,250,13,0
2026-09-06T21:30,2026-09-07T02:30,,,,1,,,,,
2026-09-06T21:31,2026-09-07T02:31,0,0,,1,,,,,
2026-09-06T21:31,2026-09-07T02:31,,,,1,,,,,
2026-09-06T21:32,2026-09-07T02:32,,,,1,,,,,
2026-09-06T21:33,2026-09-07T02:33,,,,1,10,5,249,13,0
2026-09-06T21:34,2026-09-07T02:34,0,0,,1,,,,,
2026-09-06T21:36,2026-09-07T02:36,,,,1,,,,,
2026-09-06T21:36,2026-09-07T02:36,,,,1,,,,,
2026-09-06T21:37,2026-09-07T02:37,,,,1,,,,,
2026-09-06T21:38,2026-09-07T02:38,0,0,,1,10,5,249,13,0
2026-09-06T21:39,2026-09-07T02:39,,,,1,,,,,
2026-09-06T21:40,2026-09-07T02:40,,,,1,,,,,
2026-09-06T21:41,2026-09-07T02:41,,,,1,,,,,
2026-09-06T21:42,2026-09-07T02:42,0,0,,1,,,,,
2026-09-06T21:43,2026-09-07T02:43,,,,1,9,6,248,14,0
2026-09-06T21:44,2026-09-07T02:44,,,,1,,,,,
2026-09-06T21:45,2026-09-07T02:45,,,,1,,,,,
2026-09-06T21:46,2026-09-07T02:46,0,0,,1,,,,,
2026-09-06T21:47,2026-09-07T02:47,,,,1,,,,,
2026-09-06T21:48,2026-09-07T02:48,,,,1,9,6,248,12,0
2026-09-06T21:49,2026-09-07T02:49,,,,1,,,,,
2026-09-06T21:50,2026-09-07T02:50,0,0,,1,,,,,
2026-09-06T21:51,2026-09-07T02:51,,,,1,,,,,
2026-09-06T21:52,2026-09-07T02:52,,,,1,,,,,
2026-09-06T21:53,2026-09-07T02:53,,,,1,7,6,248,11,0
2026-09-06T21:53,2026-09-07T02:53,0,0,,1,,,,,
2026-09-06T21:54,2026-09-07T02:54,,,,1,,,,,
2026-09-06T21:55,2026-09-07T02:55,,,,1,,,,,
2026-09-06T21:57,2026-09-07T02:57,,,,1,,,,,
2026-09-06T21:57,2026-09-07T02:57,0,0,,1,9,6,248,11,0
2026-09-06T21:58,2026-09-07T02:58,,,,1,,,,,
2026-09-06T21:59,2026-09-07T02:59,,,,1,,,,,
2026-09-06T22:00,2026-09-07T03:00,,,,1,,,,,
2026-09-06T22:01,2026-09-07T03:01,0,0,,1,,,,,
2026-09-06T22:02,2026-09-07T03:02,,,,1,9,6,248,10,0
2026-09-06T22:03,2026-09-07T03:03,,,,1,,,,,
2026-09-06T22:04,2026-09-07T03:04,,,,1,,,,,
2026-09-06T22:05,2026-09-07T03:05,0,0,,1,,,,,
2026-09-06T22:06,2026-09-07T03:06,,,,1,,,,,
2026-09-06T22:07,2026-09-07T03:07,,,,1,9,6,248,10,0
2026-09-06T22:08,2026-09-07T03:08,,,,1,,,,,
2026-09-06T22:09,2026-09-07T03:09,0,0,,1,,,,,
2026-09-06T22:10,2026-09-07T03:10,,,,1,,,,,
2026-09-06T22:11,2026-09-07T03:11,,,,1,,,,,
2026-09-06T22:12,2026-09-07T03:12,,,,1,8,6,248,10,0
2026-09-06T22:13,2026-09-07T03:13,0,0,,1,,,,,
2026-09-06T22:14,2026-09-07T03:14,,,,1,,,,,
2026-09-06T22:15,2026-09-07T03:15,,,,1,,,,,
2026-09-06T22:16,2026-09-07T03:16,,,,1,,,,,
2026-09-06T22:17,2026-09-07T03:17,0,0,,1,6,6,248,9,0
2026-09-06T22:18,2026-09-07T03:18,,,,1,,,,,
2026-09-06T22:19,2026-09-07T03:19,,,,1,,,,,
2026-09-06T22:20,2026-09-07T03:20,,,,1,,,,,
2026-09-06T22:21,2026-09-07T03:21,0,0,,1,,,,,
2026-09-06T22:22,2026-09-07T03:22,,,,1,6,6,248,9,0
2026-09-06T22:23,2026-09-07T03:23,,,,1,,,,,
2026-09-06T22:24,2026-09-07T03:24,,,,1,,,,,
2026-09-06T22:25,2026-09-07T03:25,0,0,,1,,,,,
2026-09-06T22:26,2026-09-07T03:26,,,,1,,,,,
2026-09-06T22:27,2026-09-07T03:27,,,,1,6,6,248,9,0
2026-09-06T22:28,2026-09-07T03:28,,,,1,,,,,
2026-09-06T22:29,2026-09-07T03:29,0,0,,1,,,,,
2026-09-06T22:30,2026-09-07T03:30,,,,1,,,,,
2026-09-06T22:31,2026-09-07T03:31,,,,1,,,,,
2026-09-06T22:31,2026-09-07T03:31,,,,1,5,5,248,9,0
2026-09-06T22:32,2026-09-07T03:32,0,0,22.4,1,,,,,
2026-09-06T22:33,2026-09-07T03:33,,,,1,,,,,
2026-09-06T22:34,2026-09-07T03:34,,,,1,,,,,
2026-09-06T22:35,2026-09-07T03:35,,,,1,,,,,
2026-09-06T22:37,2026-09-07T03:37,0,0,,1,5,5,248,9,0
2026-09-06T22:38,2026-09-07T03:38,,,,1,,,,,
2026-09-06T22:39,2026-09-07T03:39,,,,1,,,,,
2026-09-06T22:39,2026-09-07T03:39,,,,1,,,,,
2026-09-06T22:40,2026-09-07T03:40,0,0,21.3,1,,,,,
2026-09-06T22:41,2026-09-07T03:41,,,,1,5,5,248,10,0
2026-09-06T22:42,2026-09-07T03:42,,,,1,,,,,
2026-09-06T22:44,2026-09-07T03:44,,,,1,,,,,
2026-09-06T22:45,2026-09-07T03:45,0,0,,1,,,,,
2026-09-06T22:46,2026-09-07T03:46,,,,1,,,,,
2026-09-06T22:47,2026-09-07T03:47,,,,1,4,5,248,10,0
2026-09-06T22:48,2026-09-07T03:48,,,,1,,,,,
2026-09-06T22:49,2026-09-07T03:49,0,0,,1,,,,,
2026-09-06T22:50,2026-09-07T03:50,,,,1,,,,,
2026-09-06T22:51,2026-09-07T03:51,,,,1,,,,,
2026-09-06T22:52,2026-09-07T03:52,,,,1,4,5,248,10,0
2026-09-06T22:53,2026-09-07T03:53,0,0,,1,,,,,
2026-09-06T22:53,2026-09-07T03:53,,,,1,,,,,
2026-09-06T22:54,2026-09-07T03:54,,,,1,,,,,
2026-09-06T22:55,2026-09-07T03:55,,,,1,,,,,
2026-09-06T22:56,2026-09-07T03:56,0,0,,1,4,5,248,10,0
2026-09-06T22:57,2026-09-07T03:57,,,,1,,,,,
2026-09-06T22:58,2026-09-07T03:58,,,,1,,,,,
2026-09-06T22:59,2026-09-07T03:59,,,,1,,,,,
2026-09-06T23:00,2026-09-07T04:00,0,0,17.3,1,,,,,
2026-09-06T23:01,2026-09-07T04:01,,,,1,4,5,248,10,0
2026-09-06T23:02,2026-09-07T04:02,,,,1,,,,,
2026-09-06T23:02,2026-09-07T04:02,,,,1,,,,,
2026-09-06T23:03,2026-09-07T04:03,0,0,,1,,,,,
2026-09-06T23:04,2026-09-07T04:04,,,,1,,,,,
2026-09-06T23:05,2026-09-07T04:05,,,,1,5,5,248,10,0
2026-09-06T23:06,2026-09-07T04:06,,,,1,,,,,
2026-09-06T23:07,2026-09-07T04:07,0,0,20.9,1,,,,,
2026-09-06T23:08,2026-09-07T04:08,,,,1,,,,,
2026-09-06T23:09,2026-09-07T04:09,,,,1,,,,,
2026-09-06T23:10,2026-09-07T04:10,,,,1,5,5,248,7,0
2026-09-06T23:11,2026-09-07T04:11,0,0,,1,,,,,
2026-09-06T23:12,2026-09-07T04:12,,,,1,,,,,
2026-09-06T23:13,2026-09-07T04:13,,,,1,,,,,
2026-09-06T23:14,2026-09-07T04:14,,,,1,,,,,
2026-09-06T23:15,2026-09-07T04:15,0,0,,1,6,3,248,4,0
2026-09-06T23:16,2026-09-07T04:16,,,,1,,,,,
2026-09-06T23:17,2026-09-07T04:17,,,,1,,,,,
2026-09-06T23:18,2026-09-07T04:18,,,,1,,,,,
2026-09-06T23:19,2026-09-07T04:19,0,0,,1,,,,,
2026-09-06T23:20,2026-09-07T04:20,,,,1,7,2,248,4,0
2026-09-06T23:21,2026-09-07T04:21,,,,1,,,,,
2026-09-06T23:22,2026-09-07T04:22,,,,1,,,,,
2026-09-06T23:23,2026-09-07T04:23,0,0,,1,,,,,
2026-09-06T23:24,2026-09-07T04:24,,,,1,,,,,
2026-09-06T23:25,2026-09-07T04:25,,,,1,8,2,248,4,0
2026-09-06T23:26,2026-09-07T04:26,,,,1,,,,,
2026-09-06T23:27,2026-09-07T04:27,0,0,,1,,,,,
2026-09-06T23:28,2026-09-07T04:28,,,,1,,,,,
2026-09-06T23:29,2026-09-07T04:29,,,,1,,,,,
2026-09-06T23:30,2026-09-07T04:30,,,,1,6,2,248,3,0
2026-09-06T23:31,2026-09-07T04:31,0,0,,1,,,,,
2026-09-06T23:32,2026-09-07T04:32,,,,1,,,,,
2026-09-06T23:33,2026-09-07T04:33,,,,1,,,,,
2026-09-06T23:34,2026-09-07T04:34,,,,1,,,,,
2026-09-06T23:35,2026-09-07T04:35,0,0,,1,6,2,248,3,0
2026-09-06T23:36,2026-09-07T04:36,,,,1,,,,,
2026-09-06T23:37,2026-09-07T04:37,,,,1,,,,,
2026-09-06T23:38,2026-09-07T04:38,,,,1,,,,,
2026-09-06T23:40,2026-09-07T04:40,0,0,,1,,,,,
2026-09-06T23:41,2026-09-07T04:41,,,,1,6,2,248,3,0
2026-09-06T23:42,2026-09-07T04:42,,,,1,,,,,
2026-09-06T23:43,2026-09-07T04:43,,,,1,,,,,
2026-09-06T23:44,2026-09-07T04:44,0,0,,1,,,,,
2026-09-06T23:45,2026-09-07T04:45,,,,1,,,,,
2026-09-06T23:45,2026-09-07T04:45,,,,1,6,2,248,3,0
2026-09-06T23:47,2026-09-07T04:47,,,,1,,,,,
2026-09-06T23:48,2026-09-07T04:48,0,0,,1,,,,,
2026-09-06T23:48,2026-09-07T04:48,,,,1,,,,,
2026-09-06T23:49,2026-09-07T04:49,,,,1,,,,,
2026-09-06T23:50,2026-09-07T04:50,,,,1,6,2,248,4,0
2026-09-06T23:51,2026-09-07T04:51,0,0,,1,,,,,
2026-09-06T23:52,2026-09-07T04:52,,,,1,,,,,
2026-09-06T23:53,2026-09-07T04:53,,,,1,,,,,
2026-09-06T23:55,2026-09-07T04:55,,,,1,,,,,
2026-09-06T23:56,2026-09-07T04:56,0,0,,1,6,2,248,2,0
2026-09-06T23:57,2026-09-07T04:57,,,,1,,,,,
2026-09-06T23:58,2026-09-07T04:58,,,,1,,,,,
2026-09-06T23:59,2026-09-07T04:59,,,,1,,,,,
2026-09-07T00:00,2026-09-07T05:00,0,0,,1,,,,,
2026-09-07T00:01,2026-09-07T05:01,,,,1,5,3,248,2,0
2026-09-07T00:02,2026-09-07T05:02,,,,1,,,,,
2026-09-07T00:03,2026-09-07T05:03,,,,1,,,,,
2026-09-07T00:04,2026-09-07T05:04,0,0,,1,,,,,
2026-09-07T00:05,2026-09-07T05:05,,,,1,,,,,
2026-09-07T00:06,2026-09-07T05:06,,,,1,5,3,248,2,0
2026-09-07T00:07,2026-09-07T05:07,,,,1,,,,,
2026-09-07T00:08,2026-09-07T05:08,0,0,,1,,,,,
2026-09-07T00:09,2026-09-07T05:09,,,,1,,,,,
2026-09-07T00:10,2026-09-07T05:10,,,,1,,,,,
2026-09-07T00:11,2026-09-07T05:11,,,,1,6,3,208,1,0
2026-09-07T00:12,2026-09-07T05:12,0,0,,1,,,,,
2026-09-07T00:13,2026-09-07T05:13,,,,1,,,,,
2026-09-07T00:14,2026-09-07T05:14,,,,1,,,,,
2026-09-07T00:15,2026-09-07T05:15,,,,1,,,,,
2026-09-07T00:15,2026-09-07T05:15,0,0,,1,6,3,208,1,0
2026-09-07T00:17,2026-09-07T05:17,,,,1,,,,,
2026-09-07T00:17,2026-09-07T05:17,,,,1,,,,,
2026-09-07T00:19,2026-09-07T05:19,,,,1,,,,,
2026-09-07T00:20,2026-09-07T05:20,0,0,,1,,,,,
2026-09-07T00:21,2026-09-07T05:21,,,,1,6,2,208,1,0
2026-09-07T00:22,2026-09-07T05:22,,,,1,,,,,
2026-09-07T00:23,2026-09-07T05:23,,,,1,,,,,
2026-09-07T00:24,2026-09-07T05:24,0,0,,1,,,,,
2026-09-07T00:25,2026-09-07T05:25,,,,1,,,,,
2026-09-07T00:26,2026-09-07T05:26,,,,1,8,2,208,2,0
2026-09-07T00:27,2026-09-07T05:27,,,,1,,,,,
2026-09-07T00:28,2026-09-07T05:28,0,0,17.0,1,,,,,
2026-09-07T00:29,2026-09-07T05:29,,,,1,,,,,
2026-09-07T00:29,2026-09-07T05:29,,,,1,,,,,
2026-09-07T00:30,2026-09-07T05:30,,,,1,8,2,208,2,0
2026-09-07T00:31,2026-09-07T05:31,0,0,,1,,,,,
2026-09-07T00:32,2026-09-07T05:32,,,,1,,,,,
2026-09-07T00:33,2026-09-07T05:33,,,,1,,,,,
2026-09-07T00:34,2026-09-07T05:34,,,,1,,,,,
2026-09-07T00:35,2026-09-07T05:35,0,0,,1,7,2,208,2,0
2026-09-07T00:36,2026-09-07T05:36,,,,1,,,,,
2026-09-07T00:37,2026-09-07T05:37,,,,1,,,,,
2026-09-07T00:38,2026-09-07T05:38,,,,1,,,,,
2026-09-07T00:39,2026-09-07T05:39,0,0,,1,7,1,208,2,0
2026-09-07T00:40,2026-09-07T05:40,,,,1,,,,,
2026-09-07T00:41,2026-09-07T05:41,,,,1,,,,,
2026-09-07T00:42,2026-09-07T05:42,,,,1,,,,,
2026-09-07T00:43,2026-09-07T05:43,0,0,,1,,,,,
2026-09-07T00:44,2026-09-07T05:44,,,,1,6,1,208,2,0
2026-09-07T00:45,2026-09-07T05:45,,,,1,,,,,
2026-09-07T00:46,2026-09-07T05:46,,,,1,,,,,
2026-09-07T00:47,2026-09-07T05:47,0,0,,1,,,,,
2026-09-07T00:48,2026-09-07T05:48,,,,1,,,,,
2026-09-07T00:50,2026-09-07T05:50,,,,1,5,1,208,2,0
2026-09-07T00:51,2026-09-07T05:51,,,,1,,,,,
2026-09-07T00:52,2026-09-07T05:52,0,0,,1,,,,,
2026-09-07T00:53,2026-09-07T05:53,,,,1,,,,,
2026-09-07T00:53,2026-09-07T05:53,,,,1,,,,,
2026-09-07T00:54,2026-09-07T05:54,,,,1,4,1,208,2,0
2026-09-07T00:55,2026-09-07T05:55,0,0,,1,,,,,
2026-09-07T00:57,2026-09-07T05:57,,,,1,,,,,
2026-09-07T00:58,2026-09-07T05:58,,,,1,,,,,
2026-09-07T00:59,2026-09-07T05:59,,,,1,,,,,
2026-09-07T01:00,2026-09-07T06:00,0,0,,1,4,1,208,2,0
2026-09-07T01:01,2026-09-07T06:01,,,,1,,,,,
2026-09-07T01:02,2026-09-07T06:02,,,,1,,,,,
2026-09-07T01:03,2026-09-07T06:03,,,,1,,,,,
2026-09-07T01:04,2026-09-07T06:04,0,0,,1,,,,,
2026-09-07T01:05,2026-09-07T06:05,,,,1,4,1,208,2,0
2026-09-07T01:06,2026-09-07T06:06,,,,1,,,,,
2026-09-07T01:07,2026-09-07T06:07,,,,1,,,,,
2026-09-07T01:09,2026-09-07T06:09,0,0,,1,,,,,
2026-09-07T01:09,2026-09-07T06:09,,,,1,,,,,
2026-09-07T01:11,2026-09-07T06:11,,,,1,5,1,208,2,0
2026-09-07T01:12,2026-09-07T06:12,,,,1,,,,,
2026-09-07T01:13,2026-09-07T06:13,0,0,,1,,,,,
2026-09-07T01:14,2026-09-07T06:14,,,,1,,,,,
2026-09-07T01:15,2026-09-07T06:15,,,,1,,,,,
2026-09-07T01:16,2026-09-07T06:16,,,,1,5,1,208,2,0
2026-09-07T01:17,2026-09-07T06:17,0,0,,1,,,,,
2026-09-07T01:18,2026-09-07T06:18,,,,1,,,,,
2026-09-07T01:19,2026-09-07T06:19,,,,1,,,,,
2026-09-07T01:20,2026-09-07T06:20,,,,1,,,,,
2026-09-07T01:21,2026-09-07T06:21,0,0,26.4,1,6,1,208,2,0
2026-09-07T01:22,2026-09-07T06:22,,,,1,,,,,
2026-09-07T01:23,2026-09-07T06:23,,,,1,,,,,
2026-09-07T01:24,2026-09-07T06:24,,,,1,,,,,
2026-09-07T01:24,2026-09-07T06:24,0,0,,1,,,,,
2026-09-07T01:25,2026-09-07T06:25,,,,1,8,1,208,2,0
2026-09-07T01:26,2026-09-07T06:26,,,,1,,,,,
2026-09-07T01:28,2026-09-07T06:28,,,,1,,,,,
2026-09-07T01:29,2026-09-07T06:29,0,0,28.1,1,,,,,
2026-09-07T01:30,2026-09-07T06:30,,,,1,,,,,
2026-09-07T01:31,2026-09-07T06:31,,,,1,8,1,208,1,0
2026-09-07T01:31,2026-09-07T06:31,,,,1,,,,,
2026-09-07T01:32,2026-09-07T06:32,0,0,,1,,,,,
2026-09-07T01:33,2026-09-07T06:33,,,,1,,,,,
2026-09-07T01:34,2026-09-07T06:34,,,,1,,,,,
2026-09-07T01:35,2026-09-07T06:35,,,,1,8,1,208,1,0
2026-09-07T01:36,2026-09-07T06:36,0,0,,1,,,,,
2026-09-07T01:37,2026-09-07T06:37,,,,1,,,,,
2026-09-07T01:38,2026-09-07T06:38,,,,1,,,,,
2026-09-07T01:39,2026-09-07T06:39,,,,1,,,,,
2026-09-07T01:40,2026-09-07T06:40,0,0,,1,8,1,208,1,0
2026-09-07T01:41,2026-09-07T06:41,,,,1,,,,,
2026-09-07T01:42,2026-09-07T06:42,,,,1,,,,,
2026-09-07T01:43,2026-09-07T06:43,,,,1,,,,,
2026-09-07T01:44,2026-09-07T06:44,0,0,,1,,,,,
2026-09-07T01:45,2026-09-07T06:45,,,,1,10,2,208,3,0
2026-09-07T01:47,2026-09-07T06:47,,,,1,,,,,
2026-09-07T01:47,2026-09-07T06:47,,,,1,,,,,
2026-09-07T01:48,2026-09-07T06:48,1,0,,1,,,,,
2026-09-07T01:49,2026-09-07T06:49,,,,1,,,,,
2026-09-07T01:50,2026-09-07T06:50,,,,1,12,2,208,4,0
2026-09-07T01:51,2026-09-07T06:51,,,,1,,,,,
2026-09-07T01:52,2026-09-07T06:52,1,0,,1,,,,,
2026-09-07T01:53,2026-09-07T06:53,,,,1,,,,,
2026-09-07T01:54,2026-09-07T06:54,,,,1,,,,,
2026-09-07T01:55,2026-09-07T06:55,,,,1,10,2,208,4,0
2026-09-07T01:56,2026-09-07T06:56,1,0,,1,,,,,
2026-09-07T01:57,2026-09-07T06:57,,,,1,,,,,
2026-09-07T01:58,2026-09-07T06:58,,,,1,,,,,
2026-09-07T01:59,2026-09-07T06:59,,,,1,,,,,
2026-09-07T02:00,2026-09-07T07:00,1,0,,1,10,4,208,6,0
2026-09-07T02:01,2026-09-07T07:01,,,,1,,,,,
2026-09-07T02:02,2026-09-07T07:02,,,,1,,,,,
2026-09-07T02:03,2026-09-07T07:03,,,,1,,,,,
2026-09-07T02:04,2026-09-07T07:04,2,0,,1,,,,,
2026-09-07T02:05,2026-09-07T07:05,,,,2,13,4,208,6,0
2026-09-07T02:06,2026-09-07T07:06,,,,2,,,,,
2026-09-07T02:07,2026-09-07T07:07,,,,2,,,,,
2026-09-07T02:08,2026-09-07T07:08,2,0,,2,,,,,
2026-09-07T02:09,2026-09-07T07:09,,,,2,,,,,
2026-09-07T02:10,2026-09-07T07:10,,,,2,16,6,209,7,0
2026-09-07T02:11,2026-09-07T07:11,,,,2,,,,,
2026-09-07T02:12,2026-09-07T07:12,3,0,,2,,,,,
2026-09-07T02:14,2026-09-07T07:14,,,,2,,,,,
2026-09-07T02:14,2026-09-07T07:14,,,,2,,,,,
2026-09-07T02:16,2026-09-07T07:16,,,,2,18,7,209,9,0
2026-09-07T02:16,2026-09-07T07:16,3,0,,2,,,,,
2026-09-07T02:18,2026-09-07T07:18,,,,3,,,,,
2026-09-07T02:18,2026-09-07T07:18,,,,3,,,,,
2026-09-07T02:20,2026-09-07T07:20,,,,3,,,,,
2026-09-07T02:21,2026-09-07T07:21,4,0,,3,18,7,209,9,0
2026-09-07T02:21,2026-09-07T07:21,,,,3,,,,,
2026-09-07T02:22,2026-09-07T07:22,,,,3,,,,,
2026-09-07T02:23,2026-09-07T07:23,,,,3,,,,,
2026-09-07T02:24,2026-09-07T07:24,4,0,105.4,4,,,,,
2026-09-07T02:25,2026-09-07T07:25,,,,4,22,7,209,10,0
2026-09-07T02:26,2026-09-07T07:26,,,,4,,,,,
2026-09-07T02:27,2026-09-07T07:27,,,,4,,,,,
2026-09-07T02:28,2026-09-07T07:28,5,0,105.7,4,,,,,
2026-09-07T02:29,2026-09-07T07:29,,,,4,,,,,
2026-09-07T02:30,2026-09-07T07:30,,,,4,24,8,210,14,0
2026-09-07T02:31,2026-09-07T07:31,,,,4,,,,,
2026-09-07T02:32,2026-09-07T07:32,6,0,109.2,5,,,,,
2026-09-07T02:33,2026-09-07T07:33,,,,5,,,,,
2026-09-07T02:34,2026-09-07T07:34,,,,5,,,,,
2026-09-07T02:36,2026-09-07T07:36,,,,5,26,8,210,18,0
2026-09-07T02:37,2026-09-07T07:37,6,0,110.7,5,,,,,
2026-09-07T02:38,2026-09-07T07:38,,,,5,,,,,
2026-09-07T02:38,2026-09-07T07:38,,,,5,,,,,
2026-09-07T02:39,2026-09-07T07:39,,,,5,,,,,
2026-09-07T02:40,2026-09-07T07:40,7,0,118.9,6,33,10,211,22,0
2026-09-07T02:42,2026-09-07T07:42,,,,6,,,,,
2026-09-07T02:43,2026-09-07T07:43,,,,6,,,,,
2026-09-07T02:44,2026-09-07T07:44,,,,6,,,,,
2026-09-07T02:45,2026-09-07T07:45,7,0,126.5,6,,,,,
2026-09-07T02:46,2026-09-07T07:46,,,,6,43,10,214,28,0
2026-09-07T02:47,2026-09-07T07:47,,,,6,,,,,
2026-09-07T02:48,2026-09-07T07:48,,,,6,,,,,
2026-09-07T02:49,2026-09-07T07:49,7,0,129.4,6,,,,,
2026-09-07T02:50,2026-09-07T07:50,,,,6,,,,,
2026-09-07T02:51,2026-09-07T07:51,,,,6,47,10,215,36,0
2026-09-07T02:52,2026-09-07T07:52,,,,6,,,,,
2026-09-07T02:53,2026-09-07T07:53,7,0,128.6,6,,,,,
2026-09-07T02:54,2026-09-07T07:54,,,,6,,,,,
2026-09-07T02:55,2026-09-07T07:55,,,,6,,,,,
2026-09-07T02:56,2026-09-07T07:56,,,,6,49,10,217,45,0
2026-09-07T02:57,2026-09-07T07:57,7,0,130.6,6,,,,,
2026-09-07T02:58,2026-09-07T07:58,,,,6,,,,,
2026-09-07T02:59,2026-09-07T07:59,,,,6,,,,,
2026-09-07T03:00,2026-09-07T08:00,,,,6,,,,,
2026-09-07T03:01,2026-09-07T08:01,7,0,131.1,6,54,11,219,47,0
2026-09-07T03:02,2026-09-07T08:02,,,,7,,,,,
2026-09-07T03:03,2026-09-07T08:03,,,,7,,,,,
2026-09-07T03:04,2026-09-07T08:04,,,,7,,,,,
2026-09-07T03:05,2026-09-07T08:05,7,0,132.6,6,,,,,
2026-09-07T03:06,2026-09-07T08:06,,,,7,59,11,219,51,1
2026-09-07T03:07,2026-09-07T08:07,,,,7,,,,,
2026-09-07T03:08,2026-09-07T08:08,,,,7,,,,,
2026-09-07T03:09,2026-09-07T08:09,7,0,133.0,7,,,,,
2026-09-07T03:10,2026-09-07T08:10,,,,7,,,,,
2026-09-07T03:11,2026-09-07T08:11,,,,7,62,11,219,55,1
2026-09-07T03:12,2026-09-07T08:12,,,,7,,,,,
2026-09-07T03:12,2026-09-07T08:12,7,0,136.4,7,,,,,
2026-09-07T03:14,2026-09-07T08:14,,,,7,,,,,
2026-09-07T03:14,2026-09-07T08:14,,,,7,,,,,
2026-09-07T03:15,2026-09-07T08:15,,,,7,61,12,219,57,1
2026-09-07T03:16,2026-09-07T08:16,7,0,140.6,7,,,,,
2026-09-07T03:17,2026-09-07T08:17,,,,7,,,,,
2026-09-07T03:18,2026-09-07T08:18,,,,7,,,,,
2026-09-07T03:19,2026-09-07T08:19,,,,7,,,,,
2026-09-07T03:20,2026-09-07T08:20,7,0,141.0,7,61,12,219,61,1
2026-09-07T03:21,2026-09-07T08:21,,,,7,,,,,
2026-09-07T03:22,2026-09-07T08:22,,,,7,,,,,
2026-09-07T03:23,2026-09-07T08:23,,,,7,,,,,
2026-09-07T03:24,2026-09-07T08:24,7,0,140.5,7,,,,,
2026-09-07T03:25,2026-09-07T08:25,,,,7,67,16,221,63,1
2026-09-07T03:26,2026-09-07T08:26,,,,7,,,,,
2026-09-07T03:27,2026-09-07T08:27,,,,7,,,,,
2026-09-07T03:28,2026-09-07T08:28,7,0,143.1,7,,,,,
2026-09-07T03:29,2026-09-07T08:29,,,,7,,,,,
2026-09-07T03:30,2026-09-07T08:30,,,,7,66,16,222,65,1
2026-09-07T03:31,2026-09-07T08:31,,,,7,,,,,
2026-09-07T03:32,2026-09-07T08:32,7,0,142.5,7,,,,,
2026-09-07T03:33,2026-09-07T08:33,,,,7,,,,,
2026-09-07T03:34,2026-09-07T08:34,,,,7,,,,,
2026-09-07T03:35,2026-09-07T08:35,,,,7,68,17,222,69,1
2026-09-07T03:36,2026-09-07T08:36,7,0,142.1,7,,,,,
2026-09-07T03:37,2026-09-07T08:37,,,,7,,,,,
2026-09-07T03:38,2026-09-07T08:38,,,,7,,,,,
2026-09-07T03:39,2026-09-07T08:39,,,,7,,,,,
2026-09-07T03:40,2026-09-07T08:40,7,0,144.2,7,74,17,222,79,1
2026-09-07T03:41,2026-09-07T08:41,,,,7,,,,,
2026-09-07T03:42,2026-09-07T08:42,,,,7,,,,,
2026-09-07T03:43,2026-09-07T08:43,,,,7,,,,,
2026-09-07T03:44,2026-09-07T08:44,7,0,144.9,7,,,,,
2026-09-07T03:45,2026-09-07T08:45,,,,7,76,17,223,89,1
2026-09-07T03:46,2026-09-07T08:46,,,,7,,,,,
2026-09-07T03:47,2026-09-07T08:47,,,,7,,,,,
2026-09-07T03:48,2026-09-07T08:48,7,0,146.5,7,,,,,
2026-09-07T03:49,2026-09-07T08:49,,,,7,,,,,
2026-09-07T03:50,2026-09-07T08:50,,,,7,74,17,223,92,1
2026-09-07T03:51,2026-09-07T08:51,,,,7,,,,,
2026-09-07T03:52,2026-09-07T08:52,7,0,144.1,7,,,,,
2026-09-07T03:53,2026-09-07T08:53,,,,7,,,,,
2026-09-07T03:54,2026-09-07T08:54,,,,7,,,,,
2026-09-07T03:55,2026-09-07T08:55,,,,7,76,17,224,96,1
2026-09-07T03:56,2026-09-07T08:56,7,0,139.2,7,,,,,
2026-09-07T03:57,2026-09-07T08:57,,,,7,,,,,
2026-09-07T03:58,2026-09-07T08:58,,,,7,,,,,
2026-09-07T03:59,2026-09-07T08:59,,,,7,,,,,
2026-09-07T04:00,2026-09-07T09:00,7,0,140.8,7,78,17,225,105,1
2026-09-07T04:01,2026-09-07T09:01,,,,7,,,,,
2026-09-07T04:02,2026-09-07T09:02,,,,7,,,,,
2026-09-07T04:03,2026-09-07T09:03,,,,7,,,,,
2026-09-07T04:04,2026-09-07T09:04,7,0,135.9,7,,,,,
2026-09-07T04:06,2026-09-07T09:06,,,,7,82,18,225,114,1
2026-09-07T04:06,2026-09-07T09:06,,,,6,,,,,
2026-09-07T04:07,2026-09-07T09:07,,,,6,,,,,
2026-09-07T04:08,2026-09-07T09:08,7,0,134.8,6,,,,,
2026-09-07T04:09,2026-09-07T09:09,,,,6,,,,,
2026-09-07T04:10,2026-09-07T09:10,,,,6,83,18,225,118,1
2026-09-07T04:11,2026-09-07T09:11,,,,6,,,,,
2026-09-07T04:12,2026-09-07T09:12,7,0,133.9,6,,,,,
2026-09-07T04:13,2026-09-07T09:13,,,,6,,,,,
2026-09-07T04:14,2026-09-07T09:14,,,,6,,,,,
2026-09-07T04:15,2026-09-07T09:15,,,,6,76,18,225,125,1
2026-09-07T04:16,2026-09-07T09:16,7,0,133.1,6,,,,,
2026-09-07T04:17,2026-09-07T09:17,,,,6,,,,,
2026-09-07T04:18,2026-09-07T09:18,,,,6,,,,,
2026-09-07T04:19,2026-09-07T09:19,,,,6,,,,,
2026-09-07T04:20,2026-09-07T09:20,7,0,126.8,6,73,18,225,128,1
2026-09-07T04:21,2026-09-07T09:21,,,,6,,,,,
2026-09-07T04:22,2026-09-07T09:22,,,,6,,,,,
2026-09-07T04:23,2026-09-07T09:23,,,,6,,,,,
2026-09-07T04:24,2026-09-07T09:24,7,0,125.9,6,,,,,
2026-09-07T04:25,2026-09-07T09:25,,,,6,72,19,225,133,1
2026-09-07T04:26,2026-09-07T09:26,,,,6,,,,,
2026-09-07T04:27,2026-09-07T09:27,,,,6,,,,,
2026-09-07T04:28,2026-09-07T09:28,7,0,120.0,6,,,,,
2026-09-07T04:30,2026-09-07T09:30,,,,6,,,,,
2026-09-07T04:30,2026-09-07T09:30,,,,6,71,21,225,131,1
2026-09-07T04:31,2026-09-07T09:31,,,,6,,,,,
2026-09-07T04:32,2026-09-07T09:32,7,0,122.0,6,,,,,
2026-09-07T04:33,2026-09-07T09:33,,,,6,,,,,
2026-09-07T04:34,2026-09-07T09:34,,,,6,,,,,
2026-09-07T04:35,2026-09-07T09:35,,,,6,71,21,225,127,0
2026-09-07T04:36,2026-09-07T09:36,7,0,119.0,6,,,,,
2026-09-07T04:37,2026-09-07T09:37,,,,6,,,,,
2026-09-07T04:38,2026-09-07T09:38,,,,6,,,,,
2026-09-07T04:39,2026-09-07T09:39,,,,6,,,,,
2026-09-07T04:40,2026-09-07T09:40,6,0,117.5,6,68,21,225,125,0
2026-09-07T04:41,2026-09-07T09:41,,,,5,,,,,
2026-09-07T04:42,2026-09-07T09:42,,,,5,,,,,
2026-09-07T04:43,2026-09-07T09:43,,,,5,,,,,
2026-09-07T04:44,2026-09-07T09:44,6,0,119.4,5,,,,,
2026-09-07T04:45,2026-09-07T09:45,,,,5,67,21,225,126,0
2026-09-07T04:46,2026-09-07T09:46,,,,5,,,,,
2026-09-07T04:47,2026-09-07T09:47,,,,5,,,,,
2026-09-07T04:48,2026-09-07T09:48,6,0,114.5,5,,,,,
2026-09-07T04:49,2026-09-07T09:49,,,,5,,,,,
2026-09-07T04:50,2026-09-07T09:50,,,,5,71,21,226,126,0
2026-09-07T04:51,2026-09-07T09:51,,,,5,,,,,
2026-09-07T04:52,2026-09-07T09:52,6,0,112.1,5,,,,,
2026-09-07T04:53,2026-09-07T09:53,,,,5,,,,,
2026-09-07T04:54,2026-09-07T09:54,,,,5,,,,,
2026-09-07T04:55,2026-09-07T09:55,,,,5,75,23,227,123,2
2026-09-07T04:56,2026-09-07T09:56,6,0,120.0,5,,,,,
2026-09-07T04:57,2026-09-07T09:57,,,,5,,,,,
2026-09-07T04:58,2026-09-07T09:58,,,,5,,,,,
2026-09-07T04:59,2026-09-07T09:59,,,,5,,,,,
2026-09-07T05:00,2026-09-07T10:00,6,0,113.7,5,77,22,227,116,2
2026-09-07T05:01,2026-09-07T10:01,,,,5,,,,,
2026-09-07T05:02,2026-09-07T10:02,,,,5,,,,,
2026-09-07T05:03,2026-09-07T10:03,,,,5,,,,,
2026-09-07T05:04,2026-09-07T10:04,6,0,110.9,5,,,,,
2026-09-07T05:05,2026-09-07T10:05,,,,5,78,22,227,111,2
2026-09-07T05:06,2026-09-07T10:06,,,,5,,,,,
2026-09-07T05:07,2026-09-07T10:07,,,,5,,,,,
2026-09-07T05:08,2026-09-07T10:08,6,0,114.8,5,,,,,
2026-09-07T05:09,2026-09-07T10:09,,,,5,,,,,
2026-09-07T05:10,2026-09-07T10:10,,,,5,77,21,226,107,2
2026-09-07T05:11,2026-09-07T10:11,,,,5,,,,,
2026-09-07T05:12,2026-09-07T10:12,6,0,110.7,5,,,,,
2026-09-07T05:13,2026-09-07T10:13,,,,5,,,,,
2026-09-07T05:14,2026-09-07T10:14,,,,5,,,,,
2026-09-07T05:15,2026-09-07T10:15,,,,5,78,21,226,105,3
2026-09-07T05:16,2026-09-07T10:16,6,0,109.8,5,,,,,
2026-09-07T05:17,2026-09-07T10:17,,,,5,,,,,
2026-09-07T05:18,2026-09-07T10:18,,,,5,,,,,
2026-09-07T05:19,2026-09-07T10:19,,,,5,,,,,
2026-09-07T05:20,2026-09-07T10:20,6,0,108.0,5,80,20,226,102,3
2026-09-07T05:21,2026-09-07T10:21,,,,5,,,,,
2026-09-07T05:22,2026-09-07T10:22,,,,5,,,,,
2026-09-07T05:23,2026-09-07T10:23,,,,5,,,,,
2026-09-07T05:24,2026-09-07T10:24,6,0,107.9,5,,,,,
2026-09-07T05:25,2026-09-07T10:25,,,,5,82,21,226,98,3
2026-09-07T05:26,2026-09-07T10:26,,,,4,,,,,
2026-09-07T05:27,2026-09-07T10:27,,,,4,,,,,
2026-09-07T05:28,2026-09-07T10:28,6,0,102.9,5,,,,,
2026-09-07T05:29,2026-09-07T10:29,,,,5,,,,,
2026-09-07T05:30,2026-09-07T10:30,,,,4,80,20,226,92,3
2026-09-07T05:31,2026-09-07T10:31,,,,4,,,,,
2026-09-07T05:31,2026-09-07T10:31,5,0,110.0,4,,,,,
2026-09-07T05:32,2026-09-07T10:32,,,,4,,,,,
2026-09-07T05:33,2026-09-07T10:33,,,,4,,,,,
2026-09-07T05:34,2026-09-07T10:34,,,,4,87,20,226,87,3
2026-09-07T05:35,2026-09-07T10:35,5,0,106.9,4,,,,,
2026-09-07T05:36,2026-09-07T10:36,,,,5,,,,,
2026-09-07T05:37,2026-09-07T10:37,,,,4,,,,,
2026-09-07T05:38,2026-09-07T10:38,,,,4,,,,,
2026-09-07T05:39,2026-09-07T10:39,5,0,100.5,4,88,21,226,82,3
2026-09-07T05:40,2026-09-07T10:40,,,,4,,,,,
2026-09-07T05:41,2026-09-07T10:41,,,,4,,,,,
2026-09-07T05:42,2026-09-07T10:42,,,,4,,,,,
2026-09-07T05:43,2026-09-07T10:43,5,0,100.4,4,,,,,
2026-09-07T05:44,2026-09-07T10:44,,,,4,91,25,223,74,3
2026-09-07T05:45,2026-09-07T10:45,,,,4,,,,,
2026-09-07T05:46,2026-09-07T10:46,,,,4,,,,,
2026-09-07T05:47,2026-09-07T10:47,5,0,100.5,4,,,,,
2026-09-07T05:49,2026-09-07T10:49,,,,4,,,,,
2026-09-07T05:50,2026-09-07T10:50,,,,4,90,25,223,74,3
2026-09-07T05:51,2026-09-07T10:51,,,,4,,,,,
2026-09-07T05:52,2026-09-07T10:52,5,0,105.7,4,,,,,
2026-09-07T05:53,2026-09-07T10:53,,,,4,,,,,
2026-09-07T05:54,2026-09-07T10:54,,,,4,,,,,
2026-09-07T05:55,2026-09-07T10:55,,,,4,90,26,221,68,4
2026-09-07T05:56,2026-09-07T10:56,5,0,,4,,,,,
2026-09-07T05:57,2026-09-07T10:57,,,,4,,,,,
2026-09-07T05:58,2026-09-07T10:58,,,,4,,,,,
2026-09-07T05:59,2026-09-07T10:59,,,,4,,,,,
2026-09-07T06:00,2026-09-07T11:00,5,0,100.9,4,88,25,220,61,4
2026-09-07T06:01,2026-09-07T11:01,,,,4,,,,,
2026-09-07T06:02,2026-09-07T11:02,,,,4,,,,,
2026-09-07T06:03,2026-09-07T11:03,,,,4,,,,,
2026-09-07T06:04,2026-09-07T11:04,5,0,100.1,4,,,,,
2026-09-07T06:05,2026-09-07T11:05,,,,4,88,27,220,58,4
2026-09-07T06:06,2026-09-07T11:06,,,,4,,,,,
2026-09-07T06:08,2026-09-07T11:08,,,,4,,,,,
2026-09-07T06:08,2026-09-07T11:08,4,0,,4,,,,,
2026-09-07T06:09,2026-09-07T11:09,,,,4,,,,,
2026-09-07T06:10,2026-09-07T11:10,,,,4,91,32,220,56,4
2026-09-07T06:11,2026-09-07T11:11,,,,4,,,,,
2026-09-07T06:13,2026-09-07T11:13,4,0,,4,,,,,
2026-09-07T06:14,2026-09-07T11:14,,,,4,,,,,
2026-09-07T06:15,2026-09-07T11:15,,,,4,,,,,
2026-09-07T06:16,2026-09-07T11:16,,,,4,96,35,220,54,4
2026-09-07T06:16,2026-09-07T11:16,4,0,101.3,4,,,,,
2026-09-07T06:18,2026-09-07T11:18,,,,4,,,,,
2026-09-07T06:18,2026-09-07T11:18,,,,4,,,,,
2026-09-07T06:19,2026-09-07T11:19,4,0,,4,93,36,219,53,4
2026-09-07T06:20,2026-09-07T11:20,,,,4,,,,,
2026-09-07T06:21,2026-09-07T11:21,,,,4,,,,,
2026-09-07T06:22,2026-09-07T11:22,,,,4,,,,,
2026-09-07T06:23,2026-09-07T11:23,4,0,,4,,,,,
2026-09-07T06:24,2026-09-07T11:24,,,,4,95,33,220,53,3
2026-09-07T06:25,2026-09-07T11:25,,,,4,,,,,
2026-09-07T06:26,2026-09-07T11:26,,,,4,,,,,
2026-09-07T06:27,2026-09-07T11:27,4,0,,4,,,,,
2026-09-07T06:28,2026-09-07T11:28,,,,4,,,,,
2026-09-07T06:29,2026-09-07T11:29,,,,4,95,33,219,53,2
2026-09-07T06:30,2026-09-07T11:30,,,,4,,,,,
2026-09-07T06:31,2026-09-07T11:31,4,0,,4,,,,,
2026-09-07T06:32,2026-09-07T11:32,,,,4,,,,,
2026-09-07T06:33,2026-09-07T11:33,,,,4,,,,,
2026-09-07T06:34,2026-09-07T11:34,,,,4,94,33,217,51,2
2026-09-07T06:35,2026-09-07T11:35,4,0,95.5,4,,,,,
2026-09-07T06:36,2026-09-07T11:36,,,,4,,,,,
2026-09-07T06:37,2026-09-07T11:37,,,,4,,,,,
2026-09-07T06:38,2026-09-07T11:38,,,,4,,,,,
2026-09-07T06:39,2026-09-07T11:39,4,0,,4,98,33,217,51,3
2026-09-07T06:40,2026-09-07T11:40,,,,4,,,,,
2026-09-07T06:41,2026-09-07T11:41,,,,4,,,,,
2026-09-07T06:42,2026-09-07T11:42,,,,4,,,,,
2026-09-07T06:43,2026-09-07T11:43,4,0,,4,,,,,
2026-09-07T06:44,2026-09-07T11:44,,,,4,94,34,216,54,3
2026-09-07T06:44,2026-09-07T11:44,,,,4,,,,,
2026-09-07T06:45,2026-09-07T11:45,,,,4,,,,,
2026-09-07T06:46,2026-09-07T11:46,4,0,,4,,,,,
2026-09-07T06:47,2026-09-07T11:47,,,,4,,,,,
2026-09-07T06:48,2026-09-07T11:48,,,,4,95,35,216,52,3
2026-09-07T06:49,2026-09-07T11:49,,,,4,,,,,
2026-09-07T06:49,2026-09-07T11:49,4,0,,4,,,,,
2026-09-07T06:50,2026-09-07T11:50,,,,4,,,,,
2026-09-07T06:51,2026-09-07T11:51,,,,4,,,,,
2026-09-07T06:52,2026-09-07T11:52,,,,4,99,36,217,51,3
2026-09-07T06:53,2026-09-07T11:53,4,0,,4,,,,,
2026-09-07T06:54,2026-09-07T11:54,,,,4,,,,,
2026-09-07T06:55,2026-09-07T11:55,,,,4,,,,,
2026-09-07T06:56,2026-09-07T11:56,,,,4,,,,,
2026-09-07T06:57,2026-09-07T11:57,4,0,,4,102,35,218,49,3
2026-09-07T06:58,2026-09-07T11:58,,,,4,,,,,
2026-09-07T06:59,2026-09-07T11:59,,,,4,,,,,
2026-09-07T07:00,2026-09-07T12:00,,,,4,,,,,
2026-09-07T07:01,2026-09-07T12:01,4,0,,4,,,,,
2026-09-07T07:02,2026-09-07T12:02,,,,4,100,38,216,50,3
2026-09-07T07:03,2026-09-07T12:03,,,,4,,,,,
2026-09-07T07:04,2026-09-07T12:04,,,,4,,,,,
2026-09-07T07:05,2026-09-07T12:05,4,0,,4,,,,,
2026-09-07T07:06,2026-09-07T12:06,,,,4,,,,,
2026-09-07T07:07,2026-09-07T12:07,,,,4,101,39,215,50,3
2026-09-07T07:08,2026-09-07T12:08,,,,4,,,,,
2026-09-07T07:09,2026-09-07T12:09,4,0,,4,,,,,
2026-09-07T07:10,2026-09-07T12:10,,,,4,,,,,
2026-09-07T07:11,2026-09-07T12:11,,,,4,,,,,
2026-09-07T07:12,2026-09-07T12:12,,,,4,110,39,215,52,3
2026-09-07T07:13,2026-09-07T12:13,4,0,,4,,,,,
2026-09-07T07:14,2026-09-07T12:14,,,,4,,,,,
2026-09-07T07:15,2026-09-07T12:15,,,,4,,,,,
2026-09-07T07:16,2026-09-07T12:16,,,,4,,,,,
2026-09-07T07:17,2026-09-07T12:17,4,0,,4,112,41,215,52,3
2026-09-07T07:18,2026-09-07T12:18,,,,4,,,,,
2026-09-07T07:19,2026-09-07T12:19,,,,4,,,,,
2026-09-07T07:20,2026-09-07T12:20,,,,4,,,,,
2026-09-07T07:21,2026-09-07T12:21,4,0,,4,,,,,
2026-09-07T07:22,2026-09-07T12:22,,,,4,115,40,216,53,3
2026-09-07T07:23,2026-09-07T12:23,,,,4,,,,,
2026-09-07T07:24,2026-09-07T12:24,,,,4,,,,,
2026-09-07T07:25,2026-09-07T12:25,4,0,,4,,,,,
2026-09-07T07:26,2026-09-07T12:26,,,,4,,,,,
2026-09-07T07:27,2026-09-07T12:27,,,,4,116,38,216,55,3
2026-09-07T07:28,2026-09-07T12:28,,,,4,,,,,
2026-09-07T07:29,2026-09-07T12:29,4,0,,4,,,,,
2026-09-07T07:30,2026-09-07T12:30,,,,4,,,,,
2026-09-07T07:31,2026-09-07T12:31,,,,4,,,,,
2026-09-07T07:32,2026-09-07T12:32,,,,4,117,38,216,55,3
2026-09-07T07:33,2026-09-07T12:33,4,0,,4,,,,,
2026-09-07T07:34,2026-09-07T12:34,,,,4,,,,,
2026-09-07T07:35,2026-09-07T12:35,,,,4,,,,,
2026-09-07T07:36,2026-09-07T12:36,,,,4,,,,,
2026-09-07T07:37,2026-09-07T12:37,4,0,91.3,4,116,39,216,59,3
2026-09-07T07:37,2026-09-07T12:37,,,,4,,,,,
2026-09-07T07:38,2026-09-07T12:38,,,,4,,,,,
2026-09-07T07:39,2026-09-07T12:39,,,,4,,,,,
2026-09-07T07:40,2026-09-07T12:40,4,0,,4,,,,,
2026-09-07T07:41,2026-09-07T12:41,,,,4,119,39,216,64,2
2026-09-07T07:42,2026-09-07T12:42,,,,4,,,,,
2026-09-07T07:43,2026-09-07T12:43,,,,4,,,,,
2026-09-07T07:43,2026-09-07T12:43,5,0,92.3,4,,,,,
2026-09-07T07:44,2026-09-07T12:44,,,,4,,,,,
2026-09-07T07:45,2026-09-07T12:45,,,,4,120,38,216,65,2
2026-09-07T07:46,2026-09-07T12:46,,,,4,,,,,
2026-09-07T07:47,2026-09-07T12:47,5,0,,4,,,,,
2026-09-07T07:48,2026-09-07T12:48,,,,4,,,,,
2026-09-07T07:49,2026-09-07T12:49,,,,4,,,,,
2026-09-07T07:50,2026-09-07T12:50,,,,4,122,38,217,68,2
2026-09-07T07:52,2026-09-07T12:52,5,0,,4,,,,,
2026-09-07T07:52,2026-09-07T12:52,,,,4,,,,,
2026-09-07T07:53,2026-09-07T12:53,,,,4,,,,,
2026-09-07T07:54,2026-09-07T12:54,,,,4,,,,,
2026-09-07T07:55,2026-09-07T12:55,5,0,,4,122,38,217,67,2
2026-09-07T07:56,2026-09-07T12:56,,,,4,,,,,
2026-09-07T07:57,2026-09-07T12:57,,,,4,,,,,
2026-09-07T07:58,2026-09-07T12:58,,,,4,,,,,
2026-09-07T07:59,2026-09-07T12:59,5,0,96.2,4,,,,,
2026-09-07T08:00,2026-09-07T13:00,,,,4,125,39,217,69,2
2026-09-07T08:01,2026-09-07T13:01,,,,4,,,,,
2026-09-07T08:02,2026-09-07T13:02,,,,4,,,,,
2026-09-07T08:02,2026-09-07T13:02,5,0,,4,,,,,
2026-09-07T08:03,2026-09-07T13:03,,,,4,,,,,
2026-09-07T08:05,2026-09-07T13:05,,,,4,124,39,217,73,2
2026-09-07T08:05,2026-09-07T13:05,,,,4,,,,,
2026-09-07T08:06,2026-09-07T13:06,5,0,93.7,4,,,,,
2026-09-07T08:07,2026-09-07T13:07,,,,4,,,,,
2026-09-07T08:08,2026-09-07T13:08,,,,5,,,,,
2026-09-07T08:09,2026-09-07T13:09,,,,5,127,39,216,74,0
2026-09-07T08:10,2026-09-07T13:10,5,0,,5,,,,,
2026-09-07T08:11,2026-09-07T13:11,,,,5,,,,,
2026-09-07T08:12,2026-09-07T13:12,,,,5,,,,,
2026-09-07T08:13,2026-09-07T13:13,,,,5,,,,,
2026-09-07T08:14,2026-09-07T13:14,5,0,,5,132,38,216,77,0
2026-09-07T08:15,2026-09-07T13:15,,,,5,,,,,
2026-09-07T08:16,2026-09-07T13:16,,,,5,,,,,
2026-09-07T08:17,2026-09-07T13:17,,,,5,,,,,
2026-09-07T08:18,2026-09-07T13:18,5,0,,5,,,,,
2026-09-07T08:19,2026-09-07T13:19,,,,5,133,38,216,79,0
2026-09-07T08:20,2026-09-07T13:20,,,,5,,,,,
2026-09-07T08:21,2026-09-07T13:21,,,,5,,,,,
2026-09-07T08:22,2026-09-07T13:22,5,0,93.4,5,,,,,
2026-09-07T08:23,2026-09-07T13:23,,,,5,,,,,
2026-09-07T08:24,2026-09-07T13:24,,,,5,131,38,216,78,0
2026-09-07T08:24,2026-09-07T13:24,,,,5,,,,,
2026-09-07T08:26,2026-09-07T13:26,5,0,,5,,,,,
2026-09-07T08:27,2026-09-07T13:27,,,,5,,,,,
2026-09-07T08:27,2026-09-07T13:27,,,,5,,,,,
2026-09-07T08:29,2026-09-07T13:29,,,,5,121,38,215,80,0
2026-09-07T08:30,2026-09-07T13:30,5,0,,5,,,,,
2026-09-07T08:31,2026-09-07T13:31,,,,5,,,,,
2026-09-07T08:32,2026-09-07T13:32,,,,5,,,,,
2026-09-07T08:32,2026-09-07T13:32,,,,5,,,,,
2026-09-07T08:33,2026-09-07T13:33,5,0,,5,121,39,215,81,0
2026-09-07T08:34,2026-09-07T13:34,,,,5,,,,,
2026-09-07T08:35,2026-09-07T13:35,,,,5,,,,,
2026-09-07T08:36,2026-09-07T13:36,,,,5,,,,,
2026-09-07T08:37,2026-09-07T13:37,5,0,,5,,,,,
2026-09-07T08:38,2026-09-07T13:38,,,,5,116,40,215,83,0
2026-09-07T08:39,2026-09-07T13:39,,,,5,,,,,
2026-09-07T08:40,2026-09-07T13:40,,,,5,,,,,
2026-09-07T08:41,2026-09-07T13:41,5,0,101.6,5,,,,,
2026-09-07T08:42,2026-09-07T13:42,,,,5,,,,,
2026-09-07T08:43,2026-09-07T13:43,,,,5,113,37,215,85,0
2026-09-07T08:44,2026-09-07T13:44,,,,5,,,,,
2026-09-07T08:45,2026-09-07T13:45,5,0,105.0,5,,,,,
2026-09-07T08:46,2026-09-07T13:46,,,,5,,,,,
2026-09-07T08:47,2026-09-07T13:47,,,,5,,,,,
2026-09-07T08:48,2026-09-07T13:48,,,,5,111,39,215,84,0
2026-09-07T08:49,2026-09-07T13:49,5,0,104.4,5,,,,,
2026-09-07T08:50,2026-09-07T13:50,,,,5,,,,,
2026-09-07T08:51,2026-09-07T13:51,,,,5,,,,,
2026-09-07T08:52,2026-09-07T13:52,,,,5,,,,,
2026-09-07T08:53,2026-09-07T13:53,5,0,96.6,5,107,40,213,82,0
2026-09-07T08:54,2026-09-07T13:54,,,,5,,,,,
2026-09-07T08:55,2026-09-07T13:55,,,,5,,,,,
2026-09-07T08:56,2026-09-07T13:56,,,,5,,,,,
2026-09-07T08:57,2026-09-07T13:57,5,0,,5,,,,,
2026-09-07T08:58,2026-09-07T13:58,,,,4,108,41,213,84,0
2026-09-07T08:59,2026-09-07T13:59,,,,4,,,,,
2026-09-07T09:00,2026-09-07T14:00,,,,4,,,,,
2026-09-07T09:01,2026-09-07T14:01,5,0,,4,,,,,
2026-09-07T09:02,2026-09-07T14:02,,,,5,,,,,
2026-09-07T09:03,2026-09-07T14:03,,,,5,114,41,212,84,0
2026-09-07T09:04,2026-09-07T14:04,,,,4,,,,,
2026-09-07T09:05,2026-09-07T14:05,5,0,,4,,,,,
2026-09-07T09:06,2026-09-07T14:06,,,,5,,,,,
2026-09-07T09:07,2026-09-07T14:07,,,,5,,,,,
2026-09-07T09:08,2026-09-07T14:08,,,,5,110,37,212,84,0
2026-09-07T09:09,2026-09-07T14:09,5,0,,4,,,,,
2026-09-07T09:10,2026-09-07T14:10,,,,4,,,,,
2026-09-07T09:11,2026-09-07T14:11,,,,4,,,,,
2026-09-07T09:12,2026-09-07T14:12,,,,4,,,,,
2026-09-07T09:13,2026-09-07T14:13,5,0,,4,107,35,215,84,0
2026-09-07T09:14,2026-09-07T14:14,,,,4,,,,,
2026-09-07T09:15,2026-09-07T14:15,,,,4,,,,,
2026-09-07T09:16,2026-09-07T14:16,,,,4,,,,,
2026-09-07T09:17,2026-09-07T14:17,4,0,,4,,,,,
2026-09-07T09:18,2026-09-07T14:18,,,,4,109,32,216,82,0
2026-09-07T09:19,2026-09-07T14:19,,,,4,,,,,
2026-09-07T09:20,2026-09-07T14:20,,,,4,,,,,
2026-09-07T09:21,2026-09-07T14:21,4,0,,4,,,,,
2026-09-07T09:22,2026-09-07T14:22,,,,4,,,,,
2026-09-07T09:23,2026-09-07T14:23,,,,4,108,32,215,80,1
2026-09-07T09:24,2026-09-07T14:24,,,,4,,,,,
2026-09-07T09:25,2026-09-07T14:25,4,0,,4,,,,,
2026-09-07T09:26,2026-09-07T14:26,,,,4,,,,,
2026-09-07T09:27,2026-09-07T14:27,,,,4,,,,,
2026-09-07T09:28,2026-09-07T14:28,,,,4,105,31,216,80,1
2026-09-07T09:29,2026-09-07T14:29,4,0,,4,,,,,
2026-09-07T09:30,2026-09-07T14:30,,,,4,,,,,
2026-09-07T09:31,2026-09-07T14:31,,,,4,,,,,
2026-09-07T09:32,2026-09-07T14:32,,,,4,,,,,
2026-09-07T09:33,2026-09-07T14:33,4,0,,4,105,32,217,81,1
2026-09-07T09:34,2026-09-07T14:34,,,,4,,,,,
2026-09-07T09:35,2026-09-07T14:35,,,,4,,,,,
2026-09-07T09:36,2026-09-07T14:36,,,,4,,,,,
2026-09-07T09:37,2026-09-07T14:37,4,0,,4,,,,,
2026-09-07T09:38,2026-09-07T14:38,,,,4,103,32,217,78,1
2026-09-07T09:39,2026-09-07T14:39,,,,4,,,,,
2026-09-07T09:40,2026-09-07T14:40,,,,4,,,,,
2026-09-07T09:41,2026-09-07T14:41,4,0,,4,,,,,
2026-09-07T09:42,2026-09-07T14:42,,,,4,,,,,
2026-09-07T09:44,2026-09-07T14:44,,,,4,102,33,217,75,1
2026-09-07T09:45,2026-09-07T14:45,,,,4,,,,,
2026-09-07T09:45,2026-09-07T14:45,4,0,,4,,,,,
2026-09-07T09:47,2026-09-07T14:47,,,,4,,,,,
2026-09-07T09:48,2026-09-07T14:48,,,,4,,,,,
2026-09-07T09:49,2026-09-07T14:49,,,,4,100,31,217,74,1
2026-09-07T09:49,2026-09-07T14:49,4,0,,4,,,,,
2026-09-07T09:50,2026-09-07T14:50,,,,4,,,,,
2026-09-07T09:52,2026-09-07T14:52,,,,4,,,,,
2026-09-07T09:53,2026-09-07T14:53,,,,4,,,,,
2026-09-07T09:54,2026-09-07T14:54,4,0,,4,100,35,217,72,1
2026-09-07T09:54,2026-09-07T14:54,,,,4,,,,,
2026-09-07T09:56,2026-09-07T14:56,,,,4,,,,,
2026-09-07T09:56,2026-09-07T14:56,,,,4,,,,,
2026-09-07T09:57,2026-09-07T14:57,4,0,,4,,,,,
2026-09-07T09:58,2026-09-07T14:58,,,,4,100,34,217,71,1
2026-09-07T09:59,2026-09-07T14:59,,,,4,,,,,
2026-09-07T10:00,2026-09-07T15:00,,,,4,,,,,
2026-09-07T10:01,2026-09-07T15:01,4,0,,4,,,,,
2026-09-07T10:02,2026-09-07T15:02,,,,4,,,,,
2026-09-07T10:03,2026-09-07T15:03,,,,4,104,36,217,71,1
2026-09-07T10:04,2026-09-07T15:04,,,,4,,,,,
2026-09-07T10:05,2026-09-07T15:05,4,0,102.3,4,,,,,
2026-09-07T10:06,2026-09-07T15:06,,,,4,,,,,
2026-09-07T10:07,2026-09-07T15:07,,,,4,,,,,
2026-09-07T10:08,2026-09-07T15:08,,,,4,105,36,217,70,1
2026-09-07T10:09,2026-09-07T15:09,5,0,,4,,,,,
2026-09-07T10:09,2026-09-07T15:09,,,,4,,,,,
2026-09-07T10:11,2026-09-07T15:11,,,,4,,,,,
2026-09-07T10:12,2026-09-07T15:12,,,,4,,,,,
2026-09-07T10:12,2026-09-07T15:12,5,0,100.4,4,111,37,217,72,1
2026-09-07T10:13,2026-09-07T15:13,,,,4,,,,,
2026-09-07T10:15,2026-09-07T15:15,,,,4,,,,,
2026-09-07T10:16,2026-09-07T15:16,,,,4,,,,,
2026-09-07T10:16,2026-09-07T15:16,5,0,,4,,,,,
2026-09-07T10:17,2026-09-07T15:17,,,,4,111,35,217,75,1
2026-09-07T10:19,2026-09-07T15:19,,,,4,,,,,
2026-09-07T10:20,2026-09-07T15:20,,,,4,,,,,
2026-09-07T10:21,2026-09-07T15:21,5,0,,4,,,,,
2026-09-07T10:21,2026-09-07T15:21,,,,4,,,,,
2026-09-07T10:23,2026-09-07T15:23,,,,4,108,35,217,76,1
2026-09-07T10:24,2026-09-07T15:24,,,,4,,,,,
2026-09-07T10:25,2026-09-07T15:25,5,0,100.6,4,,,,,
2026-09-07T10:26,2026-09-07T15:26,,,,4,,,,,
2026-09-07T10:27,2026-09-07T15:27,,,,4,,,,,
2026-09-07T10:28,2026-09-07T15:28,,,,4,111,37,217,74,2
2026-09-07T10:29,2026-09-07T15:29,5,0,101.0,4,,,,,
2026-09-07T10:30,2026-09-07T15:30,,,,4,,,,,
2026-09-07T10:31,2026-09-07T15:31,,,,4,,,,,
2026-09-07T10:33,2026-09-07T15:33,,,,4,,,,,
2026-09-07T10:34,2026-09-07T15:34,5,0,101.7,4,110,40,217,75,2
2026-09-07T10:34,2026-09-07T15:34,,,,4,,,,,
2026-09-07T10:35,2026-09-07T15:35,,,,4,,,,,
2026-09-07T10:37,2026-09-07T15:37,,,,4,,,,,
2026-09-07T10:37,2026-09-07T15:37,5,0,102.4,4,,,,,
2026-09-07T10:38,2026-09-07T15:38,,,,4,110,39,218,75,2
2026-09-07T10:39,2026-09-07T15:39,,,,4,,,,,
2026-09-07T10:40,2026-09-07T15:40,,,,4,,,,,
2026-09-07T10:41,2026-09-07T15:41,5,0,101.1,4,,,,,
2026-09-07T10:42,2026-09-07T15:42,,,,4,,,,,
2026-09-07T10:43,2026-09-07T15:43,,,,4,112,40,218,75,3
2026-09-07T10:44,2026-09-07T15:44,,,,4,,,,,
2026-09-07T10:45,2026-09-07T15:45,5,0,105.4,4,,,,,
2026-09-07T10:46,2026-09-07T15:46,,,,4,,,,,
2026-09-07T10:47,2026-09-07T15:47,,,,4,,,,,
2026-09-07T10:48,2026-09-07T15:48,,,,4,107,40,217,72,3
2026-09-07T10:49,2026-09-07T15:49,5,0,108.1,4,,,,,
2026-09-07T10:50,2026-09-07T15:50,,,,4,,,,,
2026-09-07T10:51,2026-09-07T15:51,,,,4,,,,,
2026-09-07T10:52,2026-09-07T15:52,,,,4,,,,,
2026-09-07T10:53,2026-09-07T15:53,5,0,100.7,4,105,41,217,73,2
2026-09-07T10:54,2026-09-07T15:54,,,,4,,,,,
2026-09-07T10:55,2026-09-07T15:55,,,,4,,,,,
2026-09-07T10:56,2026-09-07T15:56,,,,4,,,,,
2026-09-07T10:57,2026-09-07T15:57,5,0,,4,,,,,
2026-09-07T10:58,2026-09-07T15:58,,,,4,99,39,217,73,2
2026-09-07T10:59,2026-09-07T15:59,,,,4,,,,,
2026-09-07T11:00,2026-09-07T16:00,,,,4,,,,,
2026-09-07T11:00,2026-09-07T16:00,5,0,98.5,4,,,,,
2026-09-07T11:02,2026-09-07T16:02,,,,4,,,,,
2026-09-07T11:03,2026-09-07T16:03,,,,4,98,39,216,74,2
2026-09-07T11:04,2026-09-07T16:04,,,,4,,,,,
2026-09-07T11:05,2026-09-07T16:05,5,0,,4,,,,,
2026-09-07T11:06,2026-09-07T16:06,,,,4,,,,,
2026-09-07T11:07,2026-09-07T16:07,,,,4,,,,,
2026-09-07T11:08,2026-09-07T16:08,,,,5,93,37,216,76,2
2026-09-07T11:09,2026-09-07T16:09,5,0,97.2,5,,,,,
2026-09-07T11:10,2026-09-07T16:10,,,,5,,,,,
2026-09-07T11:11,2026-09-07T16:11,,,,5,,,,,
2026-09-07T11:12,2026-09-07T16:12,,,,4,,,,,
2026-09-07T11:13,2026-09-07T16:13,5,0,102.5,5,92,38,216,78,2
2026-09-07T11:14,2026-09-07T16:14,,,,5,,,,,
2026-09-07T11:15,2026-09-07T16:15,,,,5,,,,,
2026-09-07T11:16,2026-09-07T16:16,,,,5,,,,,
2026-09-07T11:17,2026-09-07T16:17,5,0,104.9,5,,,,,
2026-09-07T11:19,2026-09-07T16:19,,,,5,91,40,216,78,2
2026-09-07T11:19,2026-09-07T16:19,,,,5,,,,,
2026-09-07T11:20,2026-09-07T16:20,,,,5,,,,,
2026-09-07T11:21,2026-09-07T16:21,5,0,108.3,5,,,,,
2026-09-07T11:23,2026-09-07T16:23,,,,5,,,,,
2026-09-07T11:24,2026-09-07T16:24,,,,5,90,41,217,79,2
2026-09-07T11:25,2026-09-07T16:25,,,,5,,,,,
2026-09-07T11:26,2026-09-07T16:26,5,0,104.0,5,,,,,
2026-09-07T11:27,2026-09-07T16:27,,,,5,,,,,
2026-09-07T11:28,2026-09-07T16:28,,,,5,,,,,
2026-09-07T11:29,2026-09-07T16:29,,,,5,93,41,217,74,2
2026-09-07T11:30,2026-09-07T16:30,5,0,111.9,5,,,,,
2026-09-07T11:31,2026-09-07T16:31,,,,5,,,,,
2026-09-07T11:31,2026-09-07T16:31,,,,5,,,,,
2026-09-07T11:33,2026-09-07T16:33,,,,5,,,,,
2026-09-07T11:34,2026-09-07T16:34,5,0,106.4,5,95,39,217,73,2
2026-09-07T11:35,2026-09-07T16:35,,,,5,,,,,
2026-09-07T11:36,2026-09-07T16:36,,,,5,,,,,
2026-09-07T11:37,2026-09-07T16:37,,,,5,,,,,
2026-09-07T11:38,2026-09-07T16:38,5,0,103.0,5,,,,,
2026-09-07T11:39,2026-09-07T16:39,,,,5,98,39,217,73,2
2026-09-07T11:40,2026-09-07T16:40,,,,5,,,,,
2026-09-07T11:41,2026-09-07T16:41,,,,5,,,,,
2026-09-07T11:42,2026-09-07T16:42,5,0,102.2,5,,,,,
2026-09-07T11:43,2026-09-07T16:43,,,,5,,,,,
2026-09-07T11:44,2026-09-07T16:44,,,,5,88,37,217,75,3
2026-09-07T11:45,2026-09-07T16:45,,,,5,,,,,
2026-09-07T11:46,2026-09-07T16:46,6,0,110.0,5,,,,,
2026-09-07T11:47,2026-09-07T16:47,,,,5,,,,,
2026-09-07T11:48,2026-09-07T16:48,,,,5,,,,,
2026-09-07T11:49,2026-09-07T16:49,,,,5,88,37,217,73,3
2026-09-07T11:50,2026-09-07T16:50,5,0,107.3,5,,,,,
2026-09-07T11:51,2026-09-07T16:51,,,,5,,,,,
2026-09-07T11:52,2026-09-07T16:52,,,,5,,,,,
2026-09-07T11:53,2026-09-07T16:53,,,,5,,,,,
2026-09-07T11:54,2026-09-07T16:54,5,0,112.7,5,87,35,217,72,3
2026-09-07T11:55,2026-09-07T16:55,,,,5,,,,,
2026-09-07T11:56,2026-09-07T16:56,,,,5,,,,,
2026-09-07T11:57,2026-09-07T16:57,,,,5,,,,,
2026-09-07T11:58,2026-09-07T16:58,5,0,104.6,5,,,,,
2026-09-07T12:00,2026-09-07T17:00,6,0,105.8,5,85,34,221,72,2
2026-09-07T12:01,2026-09-07T17:01,,,,5,,,,,
2026-09-07T12:02,2026-09-07T17:02,,,,5,,,,,
2026-09-07T12:03,2026-09-07T17:03,,,,5,,,,,
2026-09-07T12:04,2026-09-07T17:04,6,0,109.2,5,,,,,
2026-09-07T12:05,2026-09-07T17:05,,,,5,79,33,223,73,2
2026-09-07T12:06,2026-09-07T17:06,,,,6,,,,,
2026-09-07T12:07,2026-09-07T17:07,,,,6,,,,,
2026-09-07T12:08,2026-09-07T17:08,6,0,116.1,6,,,,,
2026-09-07T12:09,2026-09-07T17:09,,,,6,,,,,
2026-09-07T12:10,2026-09-07T17:10,,,,6,79,33,225,73,2
2026-09-07T12:11,2026-09-07T17:11,,,,6,,,,,
2026-09-07T12:12,2026-09-07T17:12,6,0,115.7,6,,,,,
2026-09-07T12:13,2026-09-07T17:13,,,,6,,,,,
2026-09-07T12:14,2026-09-07T17:14,,,,6,,,,,
2026-09-07T12:15,2026-09-07T17:15,,,,6,78,33,225,75,2
2026-09-07T12:16,2026-09-07T17:16,7,0,122.8,6,,,,,
2026-09-07T12:17,2026-09-07T17:17,,,,7,,,,,
2026-09-07T12:18,2026-09-07T17:18,,,,7,,,,,
2026-09-07T12:19,2026-09-07T17:19,,,,7,,,,,
2026-09-07T12:20,2026-09-07T17:20,7,0,122.6,7,80,34,225,73,3
2026-09-07T12:21,2026-09-07T17:21,,,,7,,,,,
2026-09-07T12:22,2026-09-07T17:22,,,,7,,,,,
2026-09-07T12:23,2026-09-07T17:23,,,,7,,,,,
2026-09-07T12:24,2026-09-07T17:24,7,0,130.9,7,,,,,
2026-09-07T12:24,2026-09-07T17:24,,,,7,86,34,225,74,3
2026-09-07T12:25,2026-09-07T17:25,,,,7,,,,,
2026-09-07T12:27,2026-09-07T17:27,,,,7,,,,,
2026-09-07T12:27,2026-09-07T17:27,7,0,132.3,7,,,,,
2026-09-07T12:28,2026-09-07T17:28,,,,7,,,,,
2026-09-07T12:29,2026-09-07T17:29,,,,7,92,34,223,75,3
2026-09-07T12:30,2026-09-07T17:30,,,,7,,,,,
2026-09-07T12:31,2026-09-07T17:31,7,0,136.3,7,,,,,
2026-09-07T12:32,2026-09-07T17:32,,,,7,,,,,
2026-09-07T12:33,2026-09-07T17:33,,,,7,,,,,
2026-09-07T12:34,2026-09-07T17:34,,,,7,93,35,223,74,4
2026-09-07T12:35,2026-09-07T17:35,7,0,135.5,7,,,,,
2026-09-07T12:36,2026-09-07T17:36,,,,7,,,,,
2026-09-07T12:37,2026-09-07T17:37,,,,7,,,,,
2026-09-07T12:38,2026-09-07T17:38,,,,7,,,,,
2026-09-07T12:39,2026-09-07T17:39,7,0,135.6,7,97,37,224,76,4
2026-09-07T12:40,2026-09-07T17:40,,,,7,,,,,
2026-09-07T12:41,2026-09-07T17:41,,,,7,,,,,
2026-09-07T12:42,2026-09-07T17:42,,,,7,,,,,
2026-09-07T12:43,2026-09-07T17:43,7,0,135.9,7,,,,,
2026-09-07T12:45,2026-09-07T17:45,,,,7,104,39,224,76,4
2026-09-07T12:45,2026-09-07T17:45,,,,7,,,,,
2026-09-07T12:46,2026-09-07T17:46,,,,7,,,,,
2026-09-07T12:47,2026-09-07T17:47,7,0,133.8,7,,,,,
2026-09-07T12:48,2026-09-07T17:48,,,,7,,,,,
2026-09-07T12:49,2026-09-07T17:49,,,,7,102,40,224,81,4
2026-09-07T12:50,2026-09-07T17:50,,,,7,,,,,
2026-09-07T12:51,2026-09-07T17:51,7,0,134.3,7,,,,,
2026-09-07T12:52,2026-09-07T17:52,,,,7,,,,,
2026-09-07T12:53,2026-09-07T17:53,,,,7,,,,,
2026-09-07T12:54,2026-09-07T17:54,,,,7,107,41,223,84,4
2026-09-07T12:55,2026-09-07T17:55,7,0,133.6,7,,,,,
2026-09-07T12:56,2026-09-07T17:56,,,,7,,,,,
2026-09-07T12:57,2026-09-07T17:57,,,,7,,,,,
2026-09-07T12:58,2026-09-07T17:58,,,,7,,,,,
2026-09-07T12:59,2026-09-07T17:59,7,0,135.6,7,105,39,223,91,4
2026-09-07T13:00,2026-09-07T18:00,,,,7,,,,,
2026-09-07T13:01,2026-09-07T18:01,,,,7,,,,,
2026-09-07T13:02,2026-09-07T18:02,,,,7,,,,,
2026-09-07T13:03,2026-09-07T18:03,7,0,139.0,7,,,,,
2026-09-07T13:04,2026-09-07T18:04,,,,7,102,40,223,92,4
2026-09-07T13:05,2026-09-07T18:05,,,,6,,,,,
2026-09-07T13:06,2026-09-07T18:06,,,,6,,,,,
2026-09-07T13:07,2026-09-07T18:07,7,0,130.8,7,,,,,
2026-09-07T13:08,2026-09-07T18:08,,,,7,,,,,
2026-09-07T13:09,2026-09-07T18:09,,,,7,101,42,223,95,3
2026-09-07T13:10,2026-09-07T18:10,,,,7,,,,,
2026-09-07T13:11,2026-09-07T18:11,7,0,140.3,7,,,,,
2026-09-07T13:12,2026-09-07T18:12,,,,7,,,,,
2026-09-07T13:13,2026-09-07T18:13,,,,7,,,,,
2026-09-07T13:14,2026-09-07T18:14,,,,7,104,40,223,95,2
2026-09-07T13:15,2026-09-07T18:15,7,0,133.8,7,,,,,
2026-09-07T13:16,2026-09-07T18:16,,,,7,,,,,
2026-09-07T13:17,2026-09-07T18:17,,,,7,,,,,
2026-09-07T13:18,2026-09-07T18:18,,,,7,,,,,
2026-09-07T13:19,2026-09-07T18:19,7,0,138.5,7,103,41,222,99,2
2026-09-07T13:20,2026-09-07T18:20,,,,8,,,,,
2026-09-07T13:22,2026-09-07T18:22,,,,8,,,,,
2026-09-07T13:23,2026-09-07T18:23,,,,8,,,,,
2026-09-07T13:24,2026-09-07T18:24,7,0,139.5,8,,,,,
2026-09-07T13:24,2026-09-07T18:24,,,,8,105,40,222,101,2
2026-09-07T13:25,2026-09-07T18:25,,,,8,,,,,
2026-09-07T13:27,2026-09-07T18:27,,,,8,,,,,
2026-09-07T13:27,2026-09-07T18:27,7,0,139.4,8,,,,,
2026-09-07T13:28,2026-09-07T18:28,,,,8,,,,,
2026-09-07T13:30,2026-09-07T18:30,,,,8,106,40,222,101,2
2026-09-07T13:31,2026-09-07T18:31,,,,8,,,,,
2026-09-07T13:32,2026-09-07T18:32,7,0,137.2,8,,,,,
2026-09-07T13:33,2026-09-07T18:33,,,,8,,,,,
2026-09-07T13:34,2026-09-07T18:34,,,,8,,,,,
2026-09-07T13:35,2026-09-07T18:35,,,,8,111,40,221,108,2
2026-09-07T13:36,2026-09-07T18:36,7,0,142.8,8,,,,,
2026-09-07T13:36,2026-09-07T18:36,,,,8,,,,,
2026-09-07T13:38,2026-09-07T18:38,,,,8,,,,,
2026-09-07T13:39,2026-09-07T18:39,,,,8,,,,,
2026-09-07T13:40,2026-09-07T18:40,7,0,144.1,8,107,40,221,110,2
2026-09-07T13:41,2026-09-07T18:41,,,,8,,,,,
2026-09-07T13:42,2026-09-07T18:42,,,,8,,,,,
2026-09-07T13:42,2026-09-07T18:42,,,,8,,,,,
2026-09-07T13:43,2026-09-07T18:43,7,0,139.9,8,,,,,
2026-09-07T13:44,2026-09-07T18:44,,,,8,105,40,221,112,2
2026-09-07T13:45,2026-09-07T18:45,,,,8,,,,,
2026-09-07T13:46,2026-09-07T18:46,,,,8,,,,,
2026-09-07T13:47,2026-09-07T18:47,7,0,140.5,8,,,,,
2026-09-07T13:48,2026-09-07T18:48,,,,7,,,,,
2026-09-07T13:49,2026-09-07T18:49,,,,7,102,39,221,115,1
2026-09-07T13:50,2026-09-07T18:50,,,,7,,,,,
2026-09-07T13:51,2026-09-07T18:51,7,0,135.8,7,,,,,
2026-09-07T13:52,2026-09-07T18:52,,,,7,,,,,
2026-09-07T13:53,2026-09-07T18:53,,,,7,,,,,
2026-09-07T13:54,2026-09-07T18:54,,,,7,98,38,221,120,1
2026-09-07T13:55,2026-09-07T18:55,7,0,127.9,7,,,,,
2026-09-07T13:56,2026-09-07T18:56,,,,7,,,,,
2026-09-07T13:57,2026-09-07T18:57,,,,7,,,,,
2026-09-07T13:58,2026-09-07T18:58,,,,7,,,,,
2026-09-07T13:59,2026-09-07T18:59,7,0,135.5,7,95,38,221,119,1
2026-09-07T14:00,2026-09-07T19:00,,,,7,,,,,
2026-09-07T14:01,2026-09-07T19:01,,,,7,,,,,
2026-09-07T14:02,2026-09-07T19:02,,,,7,,,,,
2026-09-07T14:03,2026-09-07T19:03,7,0,132.0,7,,,,,
2026-09-07T14:04,2026-09-07T19:04,,,,7,94,38,221,124,0
2026-09-07T14:05,2026-09-07T19:05,,,,7,,,,,
2026-09-07T14:06,2026-09-07T19:06,,,,7,,,,,
2026-09-07T14:07,2026-09-07T19:07,7,0,136.0,7,,,,,
2026-09-07T14:08,2026-09-07T19:08,,,,7,,,,,
2026-09-07T14:09,2026-09-07T19:09,,,,6,92,38,221,125,0
2026-09-07T14:10,2026-09-07T19:10,,,,6,,,,,
2026-09-07T14:11,2026-09-07T19:11,7,0,126.5,6,,,,,
2026-09-07T14:12,2026-09-07T19:12,,,,6,,,,,
2026-09-07T14:13,2026-09-07T19:13,,,,6,,,,,
2026-09-07T14:14,2026-09-07T19:14,,,,6,88,34,222,129,0
2026-09-07T14:15,2026-09-07T19:15,7,0,127.5,6,,,,,
2026-09-07T14:16,2026-09-07T19:16,,,,6,,,,,
2026-09-07T14:17,2026-09-07T19:17,,,,6,,,,,
2026-09-07T14:18,2026-09-07T19:18,,,,6,,,,,
2026-09-07T14:20,2026-09-07T19:20,7,0,131.5,6,92,34,223,131,0
2026-09-07T14:20,2026-09-07T19:20,,,,6,,,,,
2026-09-07T14:21,2026-09-07T19:21,,,,6,,,,,
2026-09-07T14:22,2026-09-07T19:22,,,,6,,,,,
2026-09-07T14:23,2026-09-07T19:23,7,0,131.3,6,,,,,
2026-09-07T14:24,2026-09-07T19:24,,,,6,90,31,223,133,0
2026-09-07T14:25,2026-09-07T19:25,,,,6,,,,,
2026-09-07T14:27,2026-09-07T19:27,,,,6,,,,,
2026-09-07T14:27,2026-09-07T19:27,7,0,125.3,6,,,,,
2026-09-07T14:28,2026-09-07T19:28,,,,6,,,,,
2026-09-07T14:29,2026-09-07T19:29,,,,6,86,31,223,141,0
2026-09-07T14:30,2026-09-07T19:30,,,,6,,,,,
2026-09-07T14:31,2026-09-07T19:31,7,0,126.8,6,,,,,
2026-09-07T14:32,2026-09-07T19:32,,,,6,,,,,
2026-09-07T14:33,2026-09-07T19:33,,,,6,,,,,
2026-09-07T14:34,2026-09-07T19:34,,,,6,91,31,223,142,0
2026-09-07T14:35,2026-09-07T19:35,7,0,123.8,6,,,,,
2026-09-07T14:36,2026-09-07T19:36,,,,6,,,,,
2026-09-07T14:37,2026-09-07T19:37,,,,5,,,,,
2026-09-07T14:39,2026-09-07T19:39,,,,5,,,,,
2026-09-07T14:39,2026-09-07T19:39,6,0,118.4,5,94,31,224,146,0
2026-09-07T14:40,2026-09-07T19:40,,,,5,,,,,
2026-09-07T14:41,2026-09-07T19:41,,,,5,,,,,
2026-09-07T14:42,2026-09-07T19:42,,,,5,,,,,
2026-09-07T14:43,2026-09-07T19:43,6,0,122.8,5,,,,,
2026-09-07T14:44,2026-09-07T19:44,,,,5,92,30,223,150,0
2026-09-07T14:45,2026-09-07T19:45,,,,5,,,,,
2026-09-07T14:46,2026-09-07T19:46,,,,5,,,,,
2026-09-07T14:47,2026-09-07T19:47,6,0,115.1,5,,,,,
2026-09-07T14:48,2026-09-07T19:48,,,,5,,,,,
2026-09-07T14:49,2026-09-07T19:49,,,,5,97,29,223,144,0
2026-09-07T14:50,2026-09-07T19:50,,,,5,,,,,
2026-09-07T14:51,2026-09-07T19:51,5,0,114.9,5,,,,,
2026-09-07T14:52,2026-09-07T19:52,,,,5,,,,,
2026-09-07T14:53,2026-09-07T19:53,,,,5,,,,,
2026-09-07T14:54,2026-09-07T19:54,,,,4,95,28,223,144,0
2026-09-07T14:55,2026-09-07T19:55,5,0,108.6,4,,,,,
2026-09-07T14:56,2026-09-07T19:56,,,,4,,,,,
2026-09-07T14:57,2026-09-07T19:57,,,,4,,,,,
2026-09-07T14:58,2026-09-07T19:58,,,,4,,,,,
2026-09-07T14:59,2026-09-07T19:59,5,0,102.3,4,93,29,222,144,0
2026-09-07T15:00,2026-09-07T20:00,,,,4,,,,,
2026-09-07T15:01,2026-09-07T20:01,,,,4,,,,,
2026-09-07T15:02,2026-09-07T20:02,,,,4,,,,,
2026-09-07T15:03,2026-09-07T20:03,5,0,103.8,4,,,,,
2026-09-07T15:04,2026-09-07T20:04,,,,4,92,29,222,143,0
2026-09-07T15:05,2026-09-07T20:05,,,,4,,,,,
2026-09-07T15:06,2026-09-07T20:06,,,,4,,,,,
2026-09-07T15:07,2026-09-07T20:07,5,0,104.4,4,,,,,
2026-09-07T15:08,2026-09-07T20:08,,,,4,,,,,
2026-09-07T15:09,2026-09-07T20:09,,,,4,93,30,222,135,0
2026-09-07T15:10,2026-09-07T20:10,,,,4,,,,,
2026-09-07T15:11,2026-09-07T20:11,4,0,,4,,,,,
2026-09-07T15:12,2026-09-07T20:12,,,,4,,,,,
2026-09-07T15:13,2026-09-07T20:13,,,,4,,,,,
2026-09-07T15:14,2026-09-07T20:14,,,,4,96,30,222,133,0
2026-09-07T15:15,2026-09-07T20:15,4,0,,4,,,,,
2026-09-07T15:17,2026-09-07T20:17,,,,4,,,,,
2026-09-07T15:18,2026-09-07T20:18,,,,3,,,,,
2026-09-07T15:19,2026-09-07T20:19,,,,3,,,,,
2026-09-07T15:20,2026-09-07T20:20,5,0,104.4,3,96,30,221,131,0
2026-09-07T15:21,2026-09-07T20:21,,,,3,,,,,
2026-09-07T15:22,2026-09-07T20:22,,,,3,,,,,
2026-09-07T15:23,2026-09-07T20:23,,,,3,,,,,
2026-09-07T15:24,2026-09-07T20:24,6,0,,3,,,,,
2026-09-07T15:25,2026-09-07T20:25,,,,3,96,30,221,128,0
2026-09-07T15:26,2026-09-07T20:26,,,,3,,,,,
2026-09-07T15:27,2026-09-07T20:27,,,,3,,,,,
2026-09-07T15:28,2026-09-07T20:28,6,0,,3,,,,,
2026-09-07T15:29,2026-09-07T20:29,,,,3,,,,,
2026-09-07T15:30,2026-09-07T20:30,,,,3,95,30,220,128,0
2026-09-07T15:31,2026-09-07T20:31,,,,3,,,,,
2026-09-07T15:32,2026-09-07T20:32,5,0,,3,,,,,
2026-09-07T15:33,2026-09-07T20:33,,,,3,,,,,
2026-09-07T15:34,2026-09-07T20:34,,,,3,,,,,
2026-09-07T15:35,2026-09-07T20:35,,,,3,94,29,220,118,0
2026-09-07T15:36,2026-09-07T20:36,4,0,,3,,,,,
2026-09-07T15:37,2026-09-07T20:37,,,,3,,,,,
2026-09-07T15:37,2026-09-07T20:37,,,,3,,,,,
2026-09-07T15:39,2026-09-07T20:39,,,,3,,,,,
2026-09-07T15:40,2026-09-07T20:40,4,0,90.8,3,91,26,220,114,0
2026-09-07T15:41,2026-09-07T20:41,,,,3,,,,,
2026-09-07T15:42,2026-09-07T20:42,,,,3,,,,,
2026-09-07T15:43,2026-09-07T20:43,,,,3,,,,,
2026-09-07T15:43,2026-09-07T20:43,4,0,,3,,,,,
2026-09-07T15:44,2026-09-07T20:44,,,,3,87,25,219,112,0
2026-09-07T15:45,2026-09-07T20:45,,,,3,,,,,
2026-09-07T15:47,2026-09-07T20:47,,,,3,,,,,
2026-09-07T15:47,2026-09-07T20:47,3,0,,3,,,,,
2026-09-07T15:48,2026-09-07T20:48,,,,3,,,,,
2026-09-07T15:49,2026-09-07T20:49,,,,3,79,27,219,116,0
2026-09-07T15:50,2026-09-07T20:50,,,,2,,,,,
2026-09-07T15:51,2026-09-07T20:51,3,0,,2,,,,,
2026-09-07T15:52,2026-09-07T20:52,,,,2,,,,,
2026-09-07T15:53,2026-09-07T20:53,,,,2,,,,,
2026-09-07T15:54,2026-09-07T20:54,,,,2,78,23,217,114,0
2026-09-07T15:55,2026-09-07T20:55,3,0,,2,,,,,
2026-09-07T15:56,2026-09-07T20:56,,,,2,,,,,
2026-09-07T15:57,2026-09-07T20:57,,,,2,,,,,
2026-09-07T15:58,2026-09-07T20:58,,,,2,,,,,
2026-09-07T15:59,2026-09-07T20:59,3,0,,2,79,23,217,114,0
2026-09-07T16:00,2026-09-07T21:00,,,,2,,,,,
2026-09-07T16:01,2026-09-07T21:01,,,,2,,,,,
2026-09-07T16:02,2026-09-07T21:02,,,,2,,,,,
2026-09-07T16:03,2026-09-07T21:03,3,0,,2,,,,,
2026-09-07T16:04,2026-09-07T21:04,,,,2,71,19,216,106,0
2026-09-07T16:05,2026-09-07T21:05,,,,2,,,,,
2026-09-07T16:06,2026-09-07T21:06,,,,2,,,,,
2026-09-07T16:07,2026-09-07T21:07,3,0,,2,,,,,
2026-09-07T16:08,2026-09-07T21:08,,,,2,,,,,
2026-09-07T16:09,2026-09-07T21:09,,,,2,69,15,216,104,0
2026-09-07T16:10,2026-09-07T21:10,,,,2,,,,,
2026-09-07T16:11,2026-09-07T21:11,2,0,,2,,,,,
2026-09-07T16:11,2026-09-07T21:11,,,,2,,,,,
2026-09-07T16:12,2026-09-07T21:12,,,,2,,,,,
2026-09-07T16:13,2026-09-07T21:13,,,,2,71,15,215,103,0
2026-09-07T16:14,2026-09-07T21:14,2,0,,2,,,,,
2026-09-07T16:15,2026-09-07T21:15,,,,2,,,,,
2026-09-07T16:16,2026-09-07T21:16,,,,2,,,,,
2026-09-07T16:17,2026-09-07T21:17,,,,2,,,,,
2026-09-07T16:17,2026-09-07T21:17,2,0,,2,73,15,215,104,0
2026-09-07T16:19,2026-09-07T21:19,,,,2,,,,,
2026-09-07T16:20,2026-09-07T21:20,,,,2,,,,,
2026-09-07T16:21,2026-09-07T21:21,,,,2,,,,,
2026-09-07T16:22,2026-09-07T21:22,2,0,,2,,,,,
2026-09-07T16:23,2026-09-07T21:23,,,,2,65,14,215,103,0
2026-09-07T16:24,2026-09-07T21:24,,,,2,,,,,
2026-09-07T16:25,2026-09-07T21:25,,,,2,,,,,
2026-09-07T16:26,2026-09-07T21:26,2,0,,2,,,,,
2026-09-07T16:27,2026-09-07T21:27,,,,2,,,,,
2026-09-07T16:28,2026-09-07T21:28,,,,2,63,14,217,101,0
2026-09-07T16:29,2026-09-07T21:29,,,,2,,,,,
2026-09-07T16:30,2026-09-07T21:30,2,0,,1,,,,,
2026-09-07T16:31,2026-09-07T21:31,,,,1,,,,,
2026-09-07T16:32,2026-09-07T21:32,,,,1,,,,,
2026-09-07T16:33,2026-09-07T21:33,,,,1,58,15,217,102,0
2026-09-07T16:34,2026-09-07T21:34,2,0,,1,,,,,
2026-09-07T16:35,2026-09-07T21:35,,,,1,,,,,
2026-09-07T16:36,2026-09-07T21:36,,,,1,,,,,
2026-09-07T16:37,2026-09-07T21:37,,,,1,,,,,
2026-09-07T16:38,2026-09-07T21:38,2,0,,1,56,14,216,97,0
2026-09-07T16:39,2026-09-07T21:39,,,,1,,,,,
2026-09-07T16:40,2026-09-07T21:40,,,,1,,,,,
2026-09-07T16:41,2026-09-07T21:41,,,,1,,,,,
2026-09-07T16:42,2026-09-07T21:42,2,0,,1,,,,,
2026-09-07T16:42,2026-09-07T21:42,,,,1,56,15,217,94,0
2026-09-07T16:44,2026-09-07T21:44,,,,1,,,,,
2026-09-07T16:44,2026-09-07T21:44,,,,1,,,,,
2026-09-07T16:45,2026-09-07T21:45,2,0,,1,,,,,
2026-09-07T16:46,2026-09-07T21:46,,,,1,,,,,
2026-09-07T16:47,2026-09-07T21:47,,,,1,54,14,218,93,0
2026-09-07T16:48,2026-09-07T21:48,,,,1,,,,,
2026-09-07T16:50,2026-09-07T21:50,2,0,,1,,,,,
2026-09-07T16:51,2026-09-07T21:51,,,,1,,,,,
2026-09-07T16:52,2026-09-07T21:52,,,,1,,,,,
2026-09-07T16:53,2026-09-07T21:53,,,,1,52,14,218,91,0
2026-09-07T16:54,2026-09-07T21:54,1,0,,1,,,,,
2026-09-07T16:55,2026-09-07T21:55,,,,1,,,,,
2026-09-07T16:56,2026-09-07T21:56,,,,1,,,,,
2026-09-07T16:57,2026-09-07T21:57,,,,1,,,,,
2026-09-07T16:58,2026-09-07T21:58,1,0,,1,46,14,219,87,0
2026-09-07T16:59,2026-09-07T21:59,,,,1,,,,,
2026-09-07T17:00,2026-09-07T22:00,,,,1,,,,,
2026-09-07T17:01,2026-09-07T22:01,,,,1,,,,,
2026-09-07T17:02,2026-09-07T22:02,1,0,56.2,1,,,,,
2026-09-07T17:03,2026-09-07T22:03,,,,1,43,13,219,88,0
2026-09-07T17:03,2026-09-07T22:03,,,,1,,,,,
2026-09-07T17:04,2026-09-07T22:04,,,,1,,,,,
2026-09-07T17:05,2026-09-07T22:05,1,0,,1,,,,,
2026-09-07T17:06,2026-09-07T22:06,,,,1,,,,,
2026-09-07T17:07,2026-09-07T22:07,,,,1,41,14,219,92,0
2026-09-07T17:08,2026-09-07T22:08,,,,1,,,,,
2026-09-07T17:09,2026-09-07T22:09,1,0,,1,,,,,
2026-09-07T17:10,2026-09-07T22:10,,,,1,,,,,
2026-09-07T17:11,2026-09-07T22:11,,,,1,,,,,
2026-09-07T17:12,2026-09-07T22:12,,,,1,39,13,221,91,1
2026-09-07T17:13,2026-09-07T22:13,1,0,,1,,,,,
2026-09-07T17:14,2026-09-07T22:14,,,,1,,,,,
2026-09-07T17:15,2026-09-07T22:15,,,,1,,,,,
2026-09-07T17:16,2026-09-07T22:16,,,,1,,,,,
2026-09-07T17:17,2026-09-07T22:17,1,0,,1,41,13,219,80,1
2026-09-07T17:18,2026-09-07T22:18,,,,1,,,,,
2026-09-07T17:19,2026-09-07T22:19,,,,1,,,,,
2026-09-07T17:20,2026-09-07T22:20,,,,1,,,,,
2026-09-07T17:21,2026-09-07T22:21,1,0,52.6,1,,,,,
2026-09-07T17:22,2026-09-07T22:22,,,,1,42,13,219,80,1
2026-09-07T17:23,2026-09-07T22:23,,,,1,,,,,
2026-09-07T17:24,2026-09-07T22:24,,,,1,,,,,
2026-09-07T17:24,2026-09-07T22:24,1,0,,1,,,,,
2026-09-07T17:25,2026-09-07T22:25,,,,1,,,,,
2026-09-07T17:26,2026-09-07T22:26,,,,1,42,13,219,74,1
2026-09-07T17:27,2026-09-07T22:27,,,,1,,,,,
2026-09-07T17:29,2026-09-07T22:29,1,0,,1,,,,,
2026-09-07T17:30,2026-09-07T22:30,,,,1,,,,,
2026-09-07T17:31,2026-09-07T22:31,,,,1,,,,,
2026-09-07T17:31,2026-09-07T22:31,,,,1,42,13,219,74,1
2026-09-07T17:32,2026-09-07T22:32,1,0,,1,,,,,
2026-09-07T17:33,2026-09-07T22:33,,,,1,,,,,
2026-09-07T17:34,2026-09-07T22:34,,,,1,,,,,
2026-09-07T17:35,2026-09-07T22:35,,,,1,,,,,
2026-09-07T17:36,2026-09-07T22:36,1,0,,1,41,16,219,76,1
2026-09-07T17:37,2026-09-07T22:37,,,,1,,,,,
2026-09-07T17:38,2026-09-07T22:38,,,,1,,,,,
2026-09-07T17:39,2026-09-07T22:39,,,,1,,,,,
2026-09-07T17:40:50.786538+00:00,2026-09-07T22:40:50.786538+05:00,1,0,,1,37,16,219,73,1
2026-09-07T17:41:50.010925+00:00,2026-09-07T22:41:50.010925+05:00,,,,1,,,,,
2026-09-07T17:42:50.249585+00:00,2026-09-07T22:42:50.249585+05:00,,,,1,,,,,
2026-09-07T17:43:50.055261+00:00,2026-09-07T22:43:50.055261+05:00,,,,1,,,,,
2026-09-07T17:44:53.222148+00:00,2026-09-07T22:44:53.222148+05:00,1,0,,1,,,,,
2026-09-07T17:45:51.513777+00:00,2026-09-07T22:45:51.513777+05:00,,,,1,34,15,218,70,1
2026-09-07T17:46:50.284451+00:00,2026-09-07T22:46:50.284451+05:00,,,,1,,,,,
2026-09-07T17:47:50.255511+00:00,2026-09-07T22:47:50.255511+05:00,,,,1,,,,,
2026-09-07T17:48:50.227150+00:00,2026-09-07T22:48:50.227150+05:00,1,0,,1,,,,,
2026-09-07T17:49:50.475712+00:00,2026-09-07T22:49:50.475712+05:00,,,,1,,,,,
2026-09-07T17:50:50.456294+00:00,2026-09-07T22:50:50.456294+05:00,,,,1,34,15,218,70,1
2026-09-07T17:51:50.178115+00:00,2026-09-07T22:51:50.178115+05:00,,,,1,,,,,
2026-09-07T17:52:50.111189+00:00,2026-09-07T22:52:50.111189+05:00,1,0,,1,,,,,
2026-09-07T17:53:50.235106+00:00,2026-09-07T22:53:50.235106+05:00,,,,1,,,,,
2026-09-07T17:54:50.159047+00:00,2026-09-07T22:54:50.159047+05:00,,,,1,,,,,
2026-09-07T17:55:50.336414+00:00,2026-09-07T22:55:50.336414+05:00,,,,1,36,14,220,68,1
2026-09-07T17:56:50.241670+00:00,2026-09-07T22:56:50.241670+05:00,1,0,,1,,,,,
2026-09-07T17:57:49.929865+00:00,2026-09-07T22:57:49.929865+05:00,,,,1,,,,,
2026-09-07T17:58:49.964932+00:00,2026-09-07T22:58:49.964932+05:00,,,,1,,,,,
2026-09-07T17:59:50.100417+00:00,2026-09-07T22:59:50.100417+05:00,,,,1,,,,,
2026-09-07T18:00:53.207630+00:00,2026-09-07T23:00:53.207630+05:00,1,0,,1,38,15,216,65,1
2026-09-07T18:01:50.011113+00:00,2026-09-07T23:01:50.011113+05:00,,,,1,,,,,
2026-09-07T18:02:50.181693+00:00,2026-09-07T23:02:50.181693+05:00,,,,1,,,,,
2026-09-07T18:03:50.119617+00:00,2026-09-07T23:03:50.119617+05:00,,,,1,,,,,
2026-09-07T18:04:53.330676+00:00,2026-09-07T23:04:53.330676+05:00,1,0,,1,,,,,
2026-09-07T18:05:50.450853+00:00,2026-09-07T23:05:50.450853+05:00,,,,1,38,15,216,61,1
2026-09-07T18:06:50.231998+00:00,2026-09-07T23:06:50.231998+05:00,,,,1,,,,,
2026-09-07T18:07:50.036572+00:00,2026-09-07T23:07:50.036572+05:00,,,,1,,,,,
2026-09-07T18:08:50.046011+00:00,2026-09-07T23:08:50.046011+05:00,1,0,39.3,1,,,,,
2026-09-07T18:09:50.046558+00:00,2026-09-07T23:09:50.046558+05:00,,,,1,,,,,
2026-09-07T18:10:50.486609+00:00,2026-09-07T23:10:50.486609+05:00,,,,1,37,13,216,60,1
2026-09-07T18:11:50.039347+00:00,2026-09-07T23:11:50.039347+05:00,,,,1,,,,,
2026-09-07T18:12:50.191583+00:00,2026-09-07T23:12:50.191583+05:00,1,0,,1,,,,,
2026-09-07T18:13:49.914190+00:00,2026-09-07T23:13:49.914190+05:00,,,,1,,,,,
2026-09-07T18:14:49.972179+00:00,2026-09-07T23:14:49.972179+05:00,,,,1,,,,,
2026-09-07T18:15:50.510257+00:00,2026-09-07T23:15:50.510257+05:00,,,,1,35,14,215,60,1
2026-09-07T18:16:50.187778+00:00,2026-09-07T23:16:50.187778+05:00,1,0,,1,,,,,
2026-09-07T18:17:50.169073+00:00,2026-09-07T23:17:50.169073+05:00,,,,1,,,,,
2026-09-07T18:18:50.239109+00:00,2026-09-07T23:18:50.239109+05:00,,,,1,,,,,
2026-09-07T18:19:50.057837+00:00,2026-09-07T23:19:50.057837+05:00,,,,1,,,,,
2026-09-07T18:20:50.225000+00:00,2026-09-07T23:20:50.225000+05:00,1,0,,1,33,13,215,60,1
2026-09-07T18:21:50.066702+00:00,2026-09-07T23:21:50.066702+05:00,,,,1,,,,,
2026-09-07T18:22:50.017523+00:00,2026-09-07T23:22:50.017523+05:00,,,,1,,,,,
2026-09-07T18:23:50.281351+00:00,2026-09-07T23:23:50.281351+05:00,,,,1,,,,,
2026-09-07T18:24:53.171082+00:00,2026-09-07T23:24:53.171082+05:00,1,0,,1,,,,,
2026-09-07T18:25:50.480481+00:00,2026-09-07T23:25:50.480481+05:00,,,,1,33,13,215,62,1
2026-09-07T18:26:49.996876+00:00,2026-09-07T23:26:49.996876+05:00,,,,1,,,,,
2026-09-07T18:27:50.131362+00:00,2026-09-07T23:27:50.131362+05:00,,,,1,,,,,
2026-09-07T18:28:50.190846+00:00,2026-09-07T23:28:50.190846+05:00,1,0,36.2,1,,,,,
2026-09-07T18:29:50.032780+00:00,2026-09-07T23:29:50.032780+05:00,,,,1,,,,,
2026-09-07T18:30:50.285026+00:00,2026-09-07T23:30:50.285026+05:00,,,,1,33,13,215,63,2
2026-09-07T18:31:50.010924+00:00,2026-09-07T23:31:50.010924+05:00,,,,1,,,,,
2026-09-07T18:32:53.134895+00:00,2026-09-07T23:32:53.134895+05:00,0,0,,1,,,,,
2026-09-07T18:33:49.894221+00:00,2026-09-07T23:33:49.894221+05:00,,,,1,,,,,
2026-09-07T18:34:50.044511+00:00,2026-09-07T23:34:50.044511+05:00,,,,1,,,,,
2026-09-07T18:35:50.332478+00:00,2026-09-07T23:35:50.332478+05:00,,,,1,31,13,215,63,2
2026-09-07T18:36:50.172591+00:00,2026-09-07T23:36:50.172591+05:00,0,0,,1,,,,,
2026-09-07T18:37:50.297148+00:00,2026-09-07T23:37:50.297148+05:00,,,,1,,,,,
2026-09-07T18:38:50.249426+00:00,2026-09-07T23:38:50.249426+05:00,,,,1,,,,,
2026-09-07T18:39:50.003601+00:00,2026-09-07T23:39:50.003601+05:00,,,,1,,,,,
2026-09-07T18:40:51.011210+00:00,2026-09-07T23:40:51.011210+05:00,0,0,,1,33,14,215,64,2
2026-09-07T18:41:50.191639+00:00,2026-09-07T23:41:50.191639+05:00,,,,1,,,,,
2026-09-07T18:42:50.217697+00:00,2026-09-07T23:42:50.217697+05:00,,,,1,,,,,
2026-09-07T18:43:50.180511+00:00,2026-09-07T23:43:50.180511+05:00,,,,1,,,,,
2026-09-07T18:44:53.301076+00:00,2026-09-07T23:44:53.301076+05:00,0,0,,1,,,,,
2026-09-07T18:45:50.393877+00:00,2026-09-07T23:45:50.393877+05:00,,,,1,34,13,216,65,1
2026-09-07T18:46:50.047644+00:00,2026-09-07T23:46:50.047644+05:00,,,,1,,,,,
2026-09-07T18:47:50.210974+00:00,2026-09-07T23:47:50.210974+05:00,,,,1,,,,,
2026-09-07T18:48:53.194858+00:00,2026-09-07T23:48:53.194858+05:00,0,0,,1,,,,,
2026-09-07T18:49:50.143956+00:00,2026-09-07T23:49:50.143956+05:00,,,,1,,,,,
2026-09-07T18:50:50.229511+00:00,2026-09-07T23:50:50.229511+05:00,,,,1,29,12,216,64,1
2026-09-07T18:51:50.037475+00:00,2026-09-07T23:51:50.037475+05:00,,,,1,,,,,
2026-09-07T18:52:53.367958+00:00,2026-09-07T23:52:53.367958+05:00,0,0,,1,,,,,
2026-09-07T18:53:50.243445+00:00,2026-09-07T23:53:50.243445+05:00,,,,1,,,,,
2026-09-07T18:54:50.018714+00:00,2026-09-07T23:54:50.018714+05:00,,,,1,,,,,
2026-09-07T18:55:50.442932+00:00,2026-09-07T23:55:50.442932+05:00,,,,1,31,12,216,63,1
2026-09-07T18:56:50.080551+00:00,2026-09-07T23:56:50.080551+05:00,0,0,,1,,,,,
2026-09-07T18:57:50.308444+00:00,2026-09-07T23:57:50.308444+05:00,,,,1,,,,,
2026-09-07T18:58:50.193461+00:00,2026-09-07T23:58:50.193461+05:00,,,,1,,,,,
2026-09-07T18:59:49.997030+00:00,2026-09-07T23:59:49.997030+05:00,,,,1,,,,,
2026-09-07T19:00:50.283902+00:00,2026-09-08T00:00:50.283902+05:00,0,0,,1,30,12,216,63,1
2026-09-07T19:01:50.025712+00:00,2026-09-08T00:01:50.025712+05:00,,,,1,,,,,
2026-09-07T19:02:50.006610+00:00,2026-09-08T00:02:50.006610+05:00,,,,1,,,,,
2026-09-07T19:03:50.248442+00:00,2026-09-08T00:03:50.248442+05:00,,,,1,,,,,
2026-09-07T19:04:50.054770+00:00,2026-09-08T00:04:50.054770+05:00,0,0,,1,,,,,
2026-09-07T19:05:51.391376+00:00,2026-09-08T00:05:51.391376+05:00,,,,1,30,12,216,59,1
2026-09-07T19:06:50.412580+00:00,2026-09-08T00:06:50.412580+05:00,,,,1,,,,,
2026-09-07T19:07:50.141983+00:00,2026-09-08T00:07:50.141983+05:00,,,,1,,,,,
2026-09-07T19:08:50.203772+00:00,2026-09-08T00:08:50.203772+05:00,0,0,,1,,,,,
2026-09-07T19:09:50.007518+00:00,2026-09-08T00:09:50.007518+05:00,,,,1,,,,,
2026-09-07T19:10:50.507934+00:00,2026-09-08T00:10:50.507934+05:00,,,,1,28,12,216,57,1
2026-09-07T19:11:50.259698+00:00,2026-09-08T00:11:50.259698+05:00,,,,1,,,,,
2026-09-07T19:12:53.173781+00:00,2026-09-08T00:12:53.173781+05:00,0,0,27.9,1,,,,,
2026-09-07T19:13:50.322231+00:00,2026-09-08T00:13:50.322231+05:00,,,,1,,,,,
2026-09-07T19:14:50.030431+00:00,2026-09-08T00:14:50.030431+05:00,,,,1,,,,,
2026-09-07T19:15:50.500510+00:00,2026-09-08T00:15:50.500510+05:00,,,,1,28,12,216,52,1
2026-09-07T19:16:50.271739+00:00,2026-09-08T00:16:50.271739+05:00,0,0,,1,,,,,
2026-09-07T19:17:50.072028+00:00,2026-09-08T00:17:50.072028+05:00,,,,1,,,,,
2026-09-07T19:18:50.009122+00:00,2026-09-08T00:18:50.009122+05:00,,,,1,,,,,
2026-09-07T19:19:50.079305+00:00,2026-09-08T00:19:50.079305+05:00,,,,1,,,,,
2026-09-07T19:20:53.303711+00:00,2026-09-08T00:20:53.303711+05:00,0,0,,1,29,13,216,44,1
2026-09-07T19:21:50.137900+00:00,2026-09-08T00:21:50.137900+05:00,,,,1,,,,,
2026-09-07T19:22:50.175038+00:00,2026-09-08T00:22:50.175038+05:00,,,,1,,,,,
2026-09-07T19:23:50.289004+00:00,2026-09-08T00:23:50.289004+05:00,,,,1,,,,,
2026-09-07T19:24:50.291636+00:00,2026-09-08T00:24:50.291636+05:00,0,0,,1,,,,,
2026-09-07T19:25:50.250698+00:00,2026-09-08T00:25:50.250698+05:00,,,,1,26,15,214,43,1
2026-09-07T19:26:49.985161+00:00,2026-09-08T00:26:49.985161+05:00,,,,1,,,,,
2026-09-07T19:27:50.173821+00:00,2026-09-08T00:27:50.173821+05:00,,,,1,,,,,
2026-09-07T19:28:53.205691+00:00,2026-09-08T00:28:53.205691+05:00,0,0,,1,,,,,
2026-09-07T19:29:50.200363+00:00,2026-09-08T00:29:50.200363+05:00,,,,1,,,,,
2026-09-07T19:30:50.400746+00:00,2026-09-08T00:30:50.400746+05:00,,,,1,25,15,214,40,1
2026-09-07T19:31:49.906550+00:00,2026-09-08T00:31:49.906550+05:00,,,,1,,,,,
2026-09-07T19:32:51.018670+00:00,2026-09-08T00:32:51.018670+05:00,0,0,,1,,,,,
2026-09-07T19:33:50.229784+00:00,2026-09-08T00:33:50.229784+05:00,,,,1,,,,,
2026-09-07T19:34:49.980215+00:00,2026-09-08T00:34:49.980215+05:00,,,,1,,,,,
2026-09-07T19:35:50.366184+00:00,2026-09-08T00:35:50.366184+05:00,,,,1,25,14,213,40,1
2026-09-07T19:36:53.074331+00:00,2026-09-08T00:36:53.074331+05:00,0,0,,1,,,,,
2026-09-07T19:37:50.060471+00:00,2026-09-08T00:37:50.060471+05:00,,,,1,,,,,
2026-09-07T19:38:50.007483+00:00,2026-09-08T00:38:50.007483+05:00,,,,1,,,,,
2026-09-07T19:39:50.047782+00:00,2026-09-08T00:39:50.047782+05:00,,,,1,,,,,
2026-09-07T19:40:50.202339+00:00,2026-09-08T00:40:50.202339+05:00,0,0,,1,25,15,212,35,1
2026-09-07T19:41:50.466381+00:00,2026-09-08T00:41:50.466381+05:00,,,,1,,,,,
2026-09-07T19:42:50.325264+00:00,2026-09-08T00:42:50.325264+05:00,,,,1,,,,,
2026-09-07T19:43:50.327049+00:00,2026-09-08T00:43:50.327049+05:00,,,,1,,,,,
2026-09-07T19:44:50.165683+00:00,2026-09-08T00:44:50.165683+05:00,0,0,,1,,,,,
2026-09-07T19:45:50.267470+00:00,2026-09-08T00:45:50.267470+05:00,,,,1,25,15,211,34,1
2026-09-07T19:46:50.271202+00:00,2026-09-08T00:46:50.271202+05:00,,,,1,,,,,
2026-09-07T19:47:50.192870+00:00,2026-09-08T00:47:50.192870+05:00,,,,1,,,,,
2026-09-07T19:48:53.344327+00:00,2026-09-08T00:48:53.344327+05:00,0,0,,1,,,,,
2026-09-07T19:49:49.862714+00:00,2026-09-08T00:49:49.862714+05:00,,,,1,,,,,
2026-09-07T19:50:50.368699+00:00,2026-09-08T00:50:50.368699+05:00,,,,1,25,15,211,32,1
2026-09-07T19:51:50.174449+00:00,2026-09-08T00:51:50.174449+05:00,,,,1,,,,,
2026-09-07T19:52:50.216197+00:00,2026-09-08T00:52:50.216197+05:00,0,0,21.9,1,,,,,
2026-09-07T19:53:50.238206+00:00,2026-09-08T00:53:50.238206+05:00,,,,1,,,,,
2026-09-07T19:54:50.005792+00:00,2026-09-08T00:54:50.005792+05:00,,,,1,,,,,
2026-09-07T19:55:50.412877+00:00,2026-09-08T00:55:50.412877+05:00,,,,1,24,15,211,31,1
2026-09-07T19:56:53.323261+00:00,2026-09-08T00:56:53.323261+05:00,0,0,,1,,,,,
2026-09-07T19:57:50.163832+00:00,2026-09-08T00:57:50.163832+05:00,,,,1,,,,,
2026-09-07T19:58:50.174755+00:00,2026-09-08T00:58:50.174755+05:00,,,,1,,,,,
2026-09-07T19:59:50.174728+00:00,2026-09-08T00:59:50.174728+05:00,,,,1,,,,,
2026-09-07T20:00:50.333752+00:00,2026-09-08T01:00:50.333752+05:00,0,0,,1,24,15,211,28,0
2026-09-07T20:01:49.984302+00:00,2026-09-08T01:01:49.984302+05:00,,,,1,,,,,
2026-09-07T20:02:50.149396+00:00,2026-09-08T01:02:50.149396+05:00,,,,1,,,,,
2026-09-07T20:03:50.201406+00:00,2026-09-08T01:03:50.201406+05:00,,,,1,,,,,
2026-09-07T20:04:50.175522+00:00,2026-09-08T01:04:50.175522+05:00,0,0,,1,,,,,
2026-09-07T20:05:50.314176+00:00,2026-09-08T01:05:50.314176+05:00,,,,1,24,14,211,27,0
2026-09-07T20:06:50.212417+00:00,2026-09-08T01:06:50.212417+05:00,,,,1,,,,,
2026-09-07T20:07:49.865505+00:00,2026-09-08T01:07:49.865505+05:00,,,,1,,,,,
2026-09-07T20:08:53.212313+00:00,2026-09-08T01:08:53.212313+05:00,0,0,,1,,,,,
2026-09-07T20:09:50.246590+00:00,2026-09-08T01:09:50.246590+05:00,,,,1,,,,,
2026-09-07T20:10:50.395312+00:00,2026-09-08T01:10:50.395312+05:00,,,,1,22,14,211,18,0
2026-09-07T20:11:49.885901+00:00,2026-09-08T01:11:49.885901+05:00,,,,1,,,,,
2026-09-07T20:12:50.254601+00:00,2026-09-08T01:12:50.254601+05:00,0,0,,1,,,,,
2026-09-07T20:13:50.186252+00:00,2026-09-08T01:13:50.186252+05:00,,,,1,,,,,
2026-09-07T20:14:50.172355+00:00,2026-09-08T01:14:50.172355+05:00,,,,1,,,,,
2026-09-07T20:15:50.489713+00:00,2026-09-08T01:15:50.489713+05:00,,,,1,21,14,212,18,0
2026-09-07T20:16:53.149066+00:00,2026-09-08T01:16:53.149066+05:00,0,0,,1,,,,,
2026-09-07T20:17:50.004660+00:00,2026-09-08T01:17:50.004660+05:00,,,,1,,,,,
2026-09-07T20:18:49.983529+00:00,2026-09-08T01:18:49.983529+05:00,,,,1,,,,,
2026-09-07T20:19:50.167019+00:00,2026-09-08T01:19:50.167019+05:00,,,,1,,,,,
2026-09-07T20:20:53.270310+00:00,2026-09-08T01:20:53.270310+05:00,0,0,,1,20,14,211,16,0
2026-09-07T20:21:50.337040+00:00,2026-09-08T01:21:50.337040+05:00,,,,1,,,,,
2026-09-07T20:22:50.195484+00:00,2026-09-08T01:22:50.195484+05:00,,,,1,,,,,
2026-09-07T20:23:50.173779+00:00,2026-09-08T01:23:50.173779+05:00,,,,1,,,,,
2026-09-07T20:24:53.115879+00:00,2026-09-08T01:24:53.115879+05:00,0,0,23.9,1,,,,,
2026-09-07T20:25:50.440044+00:00,2026-09-08T01:25:50.440044+05:00,,,,1,17,13,211,16,0
2026-09-07T20:26:50.171264+00:00,2026-09-08T01:26:50.171264+05:00,,,,1,,,,,
2026-09-07T20:27:49.985732+00:00,2026-09-08T01:27:49.985732+05:00,,,,1,,,,,
2026-09-07T20:28:50.250241+00:00,2026-09-08T01:28:50.250241+05:00,0,0,,1,,,,,
2026-09-07T20:29:49.968177+00:00,2026-09-08T01:29:49.968177+05:00,,,,1,,,,,
2026-09-07T20:30:50.149587+00:00,2026-09-08T01:30:50.149587+05:00,,,,1,15,14,211,13,0
2026-09-07T20:31:50.063626+00:00,2026-09-08T01:31:50.063626+05:00,,,,1,,,,,
2026-09-07T20:32:50.051781+00:00,2026-09-08T01:32:50.051781+05:00,0,0,,1,,,,,
2026-09-07T20:33:49.868947+00:00,2026-09-08T01:33:49.868947+05:00,,,,1,,,,,
2026-09-07T20:34:50.079296+00:00,2026-09-08T01:34:50.079296+05:00,,,,1,,,,,
2026-09-07T20:35:50.338582+00:00,2026-09-08T01:35:50.338582+05:00,,,,1,16,11,212,12,0
2026-09-07T20:36:53.269088+00:00,2026-09-08T01:36:53.269088+05:00,0,0,,1,,,,,
2026-09-07T20:37:49.975779+00:00,2026-09-08T01:37:49.975779+05:00,,,,1,,,,,
2026-09-07T20:38:50.135069+00:00,2026-09-08T01:38:50.135069+05:00,,,,1,,,,,
2026-09-07T20:39:50.054092+00:00,2026-09-08T01:39:50.054092+05:00,,,,1,,,,,
2026-09-07T20:40:53.145553+00:00,2026-09-08T01:40:53.145553+05:00,0,0,,1,15,10,211,11,0
2026-09-07T20:41:50.047623+00:00,2026-09-08T01:41:50.047623+05:00,,,,1,,,,,
2026-09-07T20:42:50.355630+00:00,2026-09-08T01:42:50.355630+05:00,,,,1,,,,,
2026-09-07T20:43:50.009744+00:00,2026-09-08T01:43:50.009744+05:00,,,,1,,,,,
2026-09-07T20:44:50.172810+00:00,2026-09-08T01:44:50.172810+05:00,0,0,,1,,,,,
2026-09-07T20:45:50.205798+00:00,2026-09-08T01:45:50.205798+05:00,,,,1,12,10,211,10,0
2026-09-07T20:46:49.981921+00:00,2026-09-08T01:46:49.981921+05:00,,,,1,,,,,
2026-09-07T20:47:50.037548+00:00,2026-09-08T01:47:50.037548+05:00,,,,1,,,,,
2026-09-07T20:48:50.111165+00:00,2026-09-08T01:48:50.111165+05:00,0,0,,1,,,,,
2026-09-07T20:49:49.980146+00:00,2026-09-08T01:49:49.980146+05:00,,,,1,,,,,
2026-09-07T20:50:50.266666+00:00,2026-09-08T01:50:50.266666+05:00,,,,1,10,10,211,9,0
2026-09-07T20:51:49.999399+00:00,2026-09-08T01:51:49.999399+05:00,,,,1,,,,,
2026-09-07T20:52:50.860371+00:00,2026-09-08T01:52:50.860371+05:00,0,0,,1,,,,,
2026-09-07T20:53:49.977072+00:00,2026-09-08T01:53:49.977072+05:00,,,,1,,,,,
2026-09-07T20:54:49.963533+00:00,2026-09-08T01:54:49.963533+05:00,,,,1,,,,,
2026-09-07T20:55:50.228458+00:00,2026-09-08T01:55:50.228458+05:00,,,,1,10,10,211,9,0
2026-09-07T20:56:53.069669+00:00,2026-09-08T01:56:53.069669+05:00,0,0,,1,,,,,
2026-09-07T20:57:49.871074+00:00,2026-09-08T01:57:49.871074+05:00,,,,1,,,,,
2026-09-07T20:58:50.146487+00:00,2026-09-08T01:58:50.146487+05:00,,,,1,,,,,
2026-09-07T20:59:49.981923+00:00,2026-09-08T01:59:49.981923+05:00,,,,1,,,,,
2026-09-07T21:00:50.425330+00:00,2026-09-08T02:00:50.425330+05:00,0,0,,1,9,9,211,9,0
2026-09-07T21:01:50.148794+00:00,2026-09-08T02:01:50.148794+05:00,,,,1,,,,,
2026-09-07T21:02:50.146722+00:00,2026-09-08T02:02:50.146722+05:00,,,,1,,,,,
2026-09-07T21:03:50.172649+00:00,2026-09-08T02:03:50.172649+05:00,,,,1,,,,,
2026-09-07T21:04:50.128618+00:00,2026-09-08T02:04:50.128618+05:00,0,0,,1,,,,,
2026-09-07T21:05:50.437096+00:00,2026-09-08T02:05:50.437096+05:00,,,,1,7,9,211,9,0
2026-09-07T21:06:49.977145+00:00,2026-09-08T02:06:49.977145+05:00,,,,1,,,,,
2026-09-07T21:07:50.245924+00:00,2026-09-08T02:07:50.245924+05:00,,,,1,,,,,
2026-09-07T21:08:50.211793+00:00,2026-09-08T02:08:50.211793+05:00,0,0,,1,,,,,
2026-09-07T21:09:50.199855+00:00,2026-09-08T02:09:50.199855+05:00,,,,1,,,,,
2026-09-07T21:10:50.359492+00:00,2026-09-08T02:10:50.359492+05:00,,,,1,6,9,211,9,0
2026-09-07T21:11:50.260417+00:00,2026-09-08T02:11:50.260417+05:00,,,,1,,,,,
2026-09-07T21:12:50.045185+00:00,2026-09-08T02:12:50.045185+05:00,0,0,,1,,,,,
2026-09-07T21:13:49.887860+00:00,2026-09-08T02:13:49.887860+05:00,,,,1,,,,,
2026-09-07T21:14:50.187724+00:00,2026-09-08T02:14:50.187724+05:00,,,,1,,,,,
2026-09-07T21:15:50.208454+00:00,2026-09-08T02:15:50.208454+05:00,,,,1,6,8,211,8,0
2026-09-07T21:16:50.189158+00:00,2026-09-08T02:16:50.189158+05:00,0,0,,1,,,,,
2026-09-07T21:17:50.224774+00:00,2026-09-08T02:17:50.224774+05:00,,,,1,,,,,
2026-09-07T21:18:50.325496+00:00,2026-09-08T02:18:50.325496+05:00,,,,1,,,,,
2026-09-07T21:19:50.183878+00:00,2026-09-08T02:19:50.183878+05:00,,,,1,,,,,
2026-09-07T21:20:50.283373+00:00,2026-09-08T02:20:50.283373+05:00,0,0,24.0,1,7,8,211,9,0
2026-09-07T21:21:49.973826+00:00,2026-09-08T02:21:49.973826+05:00,,,,1,,,,,
2026-09-07T21:22:50.163378+00:00,2026-09-08T02:22:50.163378+05:00,,,,1,,,,,
2026-09-07T21:23:50.174035+00:00,2026-09-08T02:23:50.174035+05:00,,,,1,,,,,
2026-09-07T21:24:53.349418+00:00,2026-09-08T02:24:53.349418+05:00,0,0,,1,,,,,
2026-09-07T21:25:50.179893+00:00,2026-09-08T02:25:50.179893+05:00,,,,1,7,8,211,9,0
2026-09-07T21:26:50.174909+00:00,2026-09-08T02:26:50.174909+05:00,,,,1,,,,,
2026-09-07T21:27:50.252206+00:00,2026-09-08T02:27:50.252206+05:00,,,,1,,,,,
2026-09-07T21:28:53.177105+00:00,2026-09-08T02:28:53.177105+05:00,0,0,,1,,,,,
2026-09-07T21:29:50.246093+00:00,2026-09-08T02:29:50.246093+05:00,,,,1,,,,,
2026-09-07T21:30:50.391239+00:00,2026-09-08T02:30:50.391239+05:00,,,,1,6,7,211,9,0
2026-09-07T21:31:50.159974+00:00,2026-09-08T02:31:50.159974+05:00,,,,1,,,,,
2026-09-07T21:32:50.175922+00:00,2026-09-08T02:32:50.175922+05:00,0,0,,1,,,,,
2026-09-07T21:33:49.960733+00:00,2026-09-08T02:33:49.960733+05:00,,,,1,,,,,
2026-09-07T21:34:50.150453+00:00,2026-09-08T02:34:50.150453+05:00,,,,1,,,,,
2026-09-07T21:35:50.410863+00:00,2026-09-08T02:35:50.410863+05:00,,,,1,6,7,211,10,0
2026-09-07T21:36:50.250831+00:00,2026-09-08T02:36:50.250831+05:00,0,0,,1,,,,,
2026-09-07T21:37:50.241189+00:00,2026-09-08T02:37:50.241189+05:00,,,,1,,,,,
2026-09-07T21:38:50.260179+00:00,2026-09-08T02:38:50.260179+05:00,,,,1,,,,,
2026-09-07T21:39:50.085992+00:00,2026-09-08T02:39:50.085992+05:00,,,,1,,,,,
2026-09-07T21:40:50.221632+00:00,2026-09-08T02:40:50.221632+05:00,0,0,,1,5,6,211,9,0
2026-09-07T21:41:50.077209+00:00,2026-09-08T02:41:50.077209+05:00,,,,1,,,,,
2026-09-07T21:42:49.980296+00:00,2026-09-08T02:42:49.980296+05:00,,,,1,,,,,
2026-09-07T21:43:49.971621+00:00,2026-09-08T02:43:49.971621+05:00,,,,1,,,,,
2026-09-07T21:44:53.189613+00:00,2026-09-08T02:44:53.189613+05:00,0,0,,1,,,,,
2026-09-07T21:45:50.171652+00:00,2026-09-08T02:45:50.171652+05:00,,,,1,5,6,211,7,1
2026-09-07T21:46:49.994180+00:00,2026-09-08T02:46:49.994180+05:00,,,,1,,,,,
2026-09-07T21:47:50.147560+00:00,2026-09-08T02:47:50.147560+05:00,,,,1,,,,,
2026-09-07T21:48:50.176120+00:00,2026-09-08T02:48:50.176120+05:00,0,0,,1,,,,,
2026-09-07T21:49:50.169456+00:00,2026-09-08T02:49:50.169456+05:00,,,,1,,,,,
2026-09-07T21:50:50.305471+00:00,2026-09-08T02:50:50.305471+05:00,,,,1,6,6,211,6,1
2026-09-07T21:51:50.179154+00:00,2026-09-08T02:51:50.179154+05:00,,,,1,,,,,
2026-09-07T21:52:50.159212+00:00,2026-09-08T02:52:50.159212+05:00,0,0,,1,,,,,
2026-09-07T21:53:49.967548+00:00,2026-09-08T02:53:49.967548+05:00,,,,1,,,,,
2026-09-07T21:54:50.210403+00:00,2026-09-08T02:54:50.210403+05:00,,,,1,,,,,
2026-09-07T21:55:50.227418+00:00,2026-09-08T02:55:50.227418+05:00,,,,1,6,6,211,7,1
2026-09-07T21:56:53.354854+00:00,2026-09-08T02:56:53.354854+05:00,0,0,,1,,,,,
2026-09-07T21:57:49.869805+00:00,2026-09-08T02:57:49.869805+05:00,,,,1,,,,,
2026-09-07T21:58:49.995954+00:00,2026-09-08T02:58:49.995954+05:00,,,,1,,,,,
2026-09-07T21:59:50.157430+00:00,2026-09-08T02:59:50.157430+05:00,,,,1,,,,,
2026-09-07T22:00:53.444418+00:00,2026-09-08T03:00:53.444418+05:00,0,0,,1,6,6,211,7,1
2026-09-07T22:01:50.282155+00:00,2026-09-08T03:01:50.282155+05:00,,,,1,,,,,
2026-09-07T22:02:50.191886+00:00,2026-09-08T03:02:50.191886+05:00,,,,1,,,,,
2026-09-07T22:03:50.183522+00:00,2026-09-08T03:03:50.183522+05:00,,,,1,,,,,
2026-09-07T22:04:50.188855+00:00,2026-09-08T03:04:50.188855+05:00,0,0,,1,,,,,
2026-09-07T22:05:50.298086+00:00,2026-09-08T03:05:50.298086+05:00,,,,1,5,6,211,7,1
2026-09-07T22:06:50.301191+00:00,2026-09-08T03:06:50.301191+05:00,,,,1,,,,,
2026-09-07T22:07:50.174424+00:00,2026-09-08T03:07:50.174424+05:00,,,,1,,,,,
2026-09-07T22:08:53.128250+00:00,2026-09-08T03:08:53.128250+05:00,0,0,,1,,,,,
2026-09-07T22:09:49.974013+00:00,2026-09-08T03:09:49.974013+05:00,,,,1,,,,,
2026-09-07T22:10:50.339084+00:00,2026-09-08T03:10:50.339084+05:00,,,,1,6,6,211,8,1
2026-09-07T22:11:49.974329+00:00,2026-09-08T03:11:49.974329+05:00,,,,1,,,,,
2026-09-07T22:12:50.255051+00:00,2026-09-08T03:12:50.255051+05:00,0,0,,1,,,,,
2026-09-07T22:13:50.154966+00:00,2026-09-08T03:13:50.154966+05:00,,,,1,,,,,
2026-09-07T22:14:50.161166+00:00,2026-09-08T03:14:50.161166+05:00,,,,1,,,,,
2026-09-07T22:15:50.334239+00:00,2026-09-08T03:15:50.334239+05:00,,,,1,6,6,211,7,1
2026-09-07T22:16:50.582329+00:00,2026-09-08T03:16:50.582329+05:00,0,0,,1,,,,,
2026-09-07T22:17:50.176074+00:00,2026-09-08T03:17:50.176074+05:00,,,,1,,,,,
2026-09-07T22:18:49.874598+00:00,2026-09-08T03:18:49.874598+05:00,,,,1,,,,,
2026-09-07T22:19:50.179034+00:00,2026-09-08T03:19:50.179034+05:00,,,,1,,,,,
2026-09-07T22:20:50.295600+00:00,2026-09-08T03:20:50.295600+05:00,0,0,20.5,1,6,5,211,7,1
2026-09-07T22:21:49.855761+00:00,2026-09-08T03:21:49.855761+05:00,,,,1,,,,,
2026-09-07T22:22:50.168116+00:00,2026-09-08T03:22:50.168116+05:00,,,,1,,,,,
2026-09-07T22:23:50.256368+00:00,2026-09-08T03:23:50.256368+05:00,,,,1,,,,,
2026-09-07T22:24:53.184797+00:00,2026-09-08T03:24:53.184797+05:00,0,0,,1,,,,,
2026-09-07T22:25:50.392197+00:00,2026-09-08T03:25:50.392197+05:00,,,,1,5,3,211,7,1
2026-09-07T22:26:49.982069+00:00,2026-09-08T03:26:49.982069+05:00,,,,1,,,,,
2026-09-07T22:27:49.975695+00:00,2026-09-08T03:27:49.975695+05:00,,,,1,,,,,
2026-09-07T22:28:53.213693+00:00,2026-09-08T03:28:53.213693+05:00,0,0,,1,,,,,
2026-09-07T22:29:50.251302+00:00,2026-09-08T03:29:50.251302+05:00,,,,1,,,,,
2026-09-07T22:30:50.217407+00:00,2026-09-08T03:30:50.217407+05:00,,,,1,4,3,211,7,1
2026-09-07T22:31:50.141941+00:00,2026-09-08T03:31:50.141941+05:00,,,,1,,,,,
2026-09-07T22:32:53.082428+00:00,2026-09-08T03:32:53.082428+05:00,0,0,,1,,,,,
2026-09-07T22:33:50.233891+00:00,2026-09-08T03:33:50.233891+05:00,,,,1,,,,,
2026-09-07T22:34:50.186193+00:00,2026-09-08T03:34:50.186193+05:00,,,,1,,,,,
2026-09-07T22:35:50.149709+00:00,2026-09-08T03:35:50.149709+05:00,,,,1,4,3,211,7,1
2026-09-07T22:36:53.325463+00:00,2026-09-08T03:36:53.325463+05:00,0,0,,1,,,,,
2026-09-07T22:37:50.246981+00:00,2026-09-08T03:37:50.246981+05:00,,,,1,,,,,
2026-09-07T22:38:50.159931+00:00,2026-09-08T03:38:50.159931+05:00,,,,1,,,,,
2026-09-07T22:39:50.166789+00:00,2026-09-08T03:39:50.166789+05:00,,,,1,,,,,
2026-09-07T22:40:53.208468+00:00,2026-09-08T03:40:53.208468+05:00,0,0,,1,4,2,211,7,1
2026-09-07T22:41:50.167052+00:00,2026-09-08T03:41:50.167052+05:00,,,,1,,,,,
2026-09-07T22:42:50.268867+00:00,2026-09-08T03:42:50.268867+05:00,,,,1,,,,,
2026-09-07T22:43:49.861182+00:00,2026-09-08T03:43:49.861182+05:00,,,,1,,,,,
2026-09-07T22:44:55.350135+00:00,2026-09-08T03:44:55.350135+05:00,0,0,,1,,,,,
2026-09-07T22:45:50.341751+00:00,2026-09-08T03:45:50.341751+05:00,,,,1,3,2,211,7,1
2026-09-07T22:46:50.143732+00:00,2026-09-08T03:46:50.143732+05:00,,,,1,,,,,
2026-09-07T22:47:50.214817+00:00,2026-09-08T03:47:50.214817+05:00,,,,1,,,,,
2026-09-07T22:48:50.158249+00:00,2026-09-08T03:48:50.158249+05:00,0,0,,1,,,,,
2026-09-07T22:49:50.151290+00:00,2026-09-08T03:49:50.151290+05:00,,,,1,,,,,
2026-09-07T22:50:50.374606+00:00,2026-09-08T03:50:50.374606+05:00,,,,1,2,2,211,7,1
2026-09-07T22:51:50.241450+00:00,2026-09-08T03:51:50.241450+05:00,,,,1,,,,,
2026-09-07T22:52:50.181944+00:00,2026-09-08T03:52:50.181944+05:00,0,0,,1,,,,,
2026-09-07T22:53:50.177012+00:00,2026-09-08T03:53:50.177012+05:00,,,,1,,,,,
2026-09-07T22:54:50.165981+00:00,2026-09-08T03:54:50.165981+05:00,,,,1,,,,,
2026-09-07T22:55:50.338417+00:00,2026-09-08T03:55:50.338417+05:00,,,,1,2,2,211,6,1
2026-09-07T22:56:50.047117+00:00,2026-09-08T03:56:50.047117+05:00,0,0,18.1,1,,,,,
2026-09-07T22:57:50.251699+00:00,2026-09-08T03:57:50.251699+05:00,,,,1,,,,,
2026-09-07T22:58:50.165054+00:00,2026-09-08T03:58:50.165054+05:00,,,,1,,,,,
2026-09-07T22:59:50.187571+00:00,2026-09-08T03:59:50.187571+05:00,,,,1,,,,,
2026-09-07T23:00:50.400433+00:00,2026-09-08T04:00:50.400433+05:00,0,0,,1,2,2,211,6,1
2026-09-07T23:01:50.194970+00:00,2026-09-08T04:01:50.194970+05:00,,,,1,,,,,
2026-09-07T23:02:49.842070+00:00,2026-09-08T04:02:49.842070+05:00,,,,1,,,,,
2026-09-07T23:03:49.973695+00:00,2026-09-08T04:03:49.973695+05:00,,,,1,,,,,
2026-09-07T23:04:50.052074+00:00,2026-09-08T04:04:50.052074+05:00,0,0,,1,,,,,
2026-09-07T23:05:50.305030+00:00,2026-09-08T04:05:50.305030+05:00,,,,1,2,2,211,5,1
2026-09-07T23:06:50.278617+00:00,2026-09-08T04:06:50.278617+05:00,,,,1,,,,,
2026-09-07T23:07:49.969149+00:00,2026-09-08T04:07:49.969149+05:00,,,,1,,,,,
2026-09-07T23:08:50.217686+00:00,2026-09-08T04:08:50.217686+05:00,0,0,,1,,,,,
2026-09-07T23:09:50.272140+00:00,2026-09-08T04:09:50.272140+05:00,,,,1,,,,,
2026-09-07T23:11:12.156625+00:00,2026-09-08T04:11:12.156625+05:00,0,0,,1,3,2,211,4,1
2026-09-07T23:12:11.684053+00:00,2026-09-08T04:12:11.684053+05:00,,,,1,,,,,
2026-09-07T23:13:11.675449+00:00,2026-09-08T04:13:11.675449+05:00,,,,1,,,,,
2026-09-07T23:14:11.656964+00:00,2026-09-08T04:14:11.656964+05:00,,,,1,,,,,
2026-09-07T23:15:11.695279+00:00,2026-09-08T04:15:11.695279+05:00,0,0,,1,,,,,
2026-09-07T23:16:11.613543+00:00,2026-09-08T04:16:11.613543+05:00,,,,1,3,2,210,4,0
2026-09-07T23:17:11.661336+00:00,2026-09-08T04:17:11.661336+05:00,,,,1,,,,,
2026-09-07T23:18:11.613421+00:00,2026-09-08T04:18:11.613421+05:00,,,,1,,,,,
2026-09-07T23:19:14.794021+00:00,2026-09-08T04:19:14.794021+05:00,0,0,,1,,,,,
2026-09-07T23:20:11.643467+00:00,2026-09-08T04:20:11.643467+05:00,,,,1,,,,,
2026-09-07T23:21:11.879378+00:00,2026-09-08T04:21:11.879378+05:00,,,,1,2,2,210,4,0
2026-09-07T23:22:11.699986+00:00,2026-09-08T04:22:11.699986+05:00,,,,1,,,,,
2026-09-07T23:23:11.705886+00:00,2026-09-08T04:23:11.705886+05:00,0,0,,1,,,,,
2026-09-07T23:24:11.607492+00:00,2026-09-08T04:24:11.607492+05:00,,,,1,,,,,
2026-09-07T23:25:11.608883+00:00,2026-09-08T04:25:11.608883+05:00,,,,1,,,,,
2026-09-07T23:26:11.890891+00:00,2026-09-08T04:26:11.890891+05:00,,,,1,3,2,210,4,0
2026-09-07T23:27:11.693804+00:00,2026-09-08T04:27:11.693804+05:00,0,0,,1,,,,,
2026-09-07T23:28:11.617349+00:00,2026-09-08T04:28:11.617349+05:00,,,,1,,,,,
2026-09-07T23:29:11.653795+00:00,2026-09-08T04:29:11.653795+05:00,,,,1,,,,,
2026-09-07T23:30:11.404100+00:00,2026-09-08T04:30:11.404100+05:00,,,,1,,,,,
2026-09-07T23:31:11.978730+00:00,2026-09-08T04:31:11.978730+05:00,0,0,,1,4,1,210,4,0
2026-09-07T23:32:11.255914+00:00,2026-09-08T04:32:11.255914+05:00,,,,1,,,,,
2026-09-07T23:33:11.499587+00:00,2026-09-08T04:33:11.499587+05:00,,,,1,,,,,
2026-09-07T23:34:11.420237+00:00,2026-09-08T04:34:11.420237+05:00,,,,1,,,,,
2026-09-07T23:35:11.706202+00:00,2026-09-08T04:35:11.706202+05:00,0,0,,1,,,,,
2026-09-07T23:36:12.000082+00:00,2026-09-08T04:36:12.000082+05:00,,,,1,4,1,210,4,0
2026-09-07T23:37:11.620321+00:00,2026-09-08T04:37:11.620321+05:00,,,,1,,,,,
2026-09-07T23:38:11.409092+00:00,2026-09-08T04:38:11.409092+05:00,,,,1,,,,,
2026-09-07T23:39:11.528149+00:00,2026-09-08T04:39:11.528149+05:00,0,0,,1,,,,,
2026-09-07T23:40:11.649909+00:00,2026-09-08T04:40:11.649909+05:00,,,,1,,,,,
2026-09-07T23:41:11.871598+00:00,2026-09-08T04:41:11.871598+05:00,,,,1,3,1,210,3,0
2026-09-07T23:42:11.444442+00:00,2026-09-08T04:42:11.444442+05:00,,,,1,,,,,
2026-09-07T23:43:11.901390+00:00,2026-09-08T04:43:11.901390+05:00,0,0,,1,,,,,
2026-09-07T23:44:11.647878+00:00,2026-09-08T04:44:11.647878+05:00,,,,1,,,,,
2026-09-07T23:45:11.663760+00:00,2026-09-08T04:45:11.663760+05:00,,,,1,,,,,
2026-09-07T23:46:11.836087+00:00,2026-09-08T04:46:11.836087+05:00,,,,1,3,1,210,3,0
2026-09-07T23:47:14.596279+00:00,2026-09-08T04:47:14.596279+05:00,0,0,,1,,,,,
2026-09-07T23:48:11.419437+00:00,2026-09-08T04:48:11.419437+05:00,,,,1,,,,,
2026-09-07T23:49:11.672604+00:00,2026-09-08T04:49:11.672604+05:00,,,,1,,,,,
2026-09-07T23:50:11.667636+00:00,2026-09-08T04:50:11.667636+05:00,,,,1,,,,,
2026-09-07T23:51:14.844931+00:00,2026-09-08T04:51:14.844931+05:00,0,0,20.7,1,4,1,210,3,0
2026-09-07T23:52:11.426630+00:00,2026-09-08T04:52:11.426630+05:00,,,,1,,,,,
2026-09-07T23:53:11.785572+00:00,2026-09-08T04:53:11.785572+05:00,,,,1,,,,,
2026-09-07T23:54:11.633398+00:00,2026-09-08T04:54:11.633398+05:00,,,,1,,,,,
2026-09-07T23:55:14.580498+00:00,2026-09-08T04:55:14.580498+05:00,0,0,,1,,,,,
2026-09-07T23:56:11.644203+00:00,2026-09-08T04:56:11.644203+05:00,,,,1,5,1,210,3,0
2026-09-07T23:57:11.404305+00:00,2026-09-08T04:57:11.404305+05:00,,,,1,,,,,
2026-09-07T23:58:11.602312+00:00,2026-09-08T04:58:11.602312+05:00,,,,1,,,,,
2026-09-07T23:59:11.673396+00:00,2026-09-08T04:59:11.673396+05:00,0,0,,1,,,,,
2026-09-08T00:00:11.482060+00:00,2026-09-08T05:00:11.482060+05:00,,,,1,,,,,
2026-09-08T00:01:11.869028+00:00,2026-09-08T05:01:11.869028+05:00,,,,1,5,1,210,3,0
2026-09-08T00:02:11.403195+00:00,2026-09-08T05:02:11.403195+05:00,,,,1,,,,,
2026-09-08T00:03:14.678920+00:00,2026-09-08T05:03:14.678920+05:00,0,0,18.9,1,,,,,
2026-09-08T00:04:11.683191+00:00,2026-09-08T05:04:11.683191+05:00,,,,1,,,,,
2026-09-08T00:05:11.400859+00:00,2026-09-08T05:05:11.400859+05:00,,,,1,,,,,
2026-09-08T00:06:11.820196+00:00,2026-09-08T05:06:11.820196+05:00,,,,1,6,1,209,3,0
2026-09-08T00:07:14.857512+00:00,2026-09-08T05:07:14.857512+05:00,0,0,,1,,,,,
2026-09-08T00:08:11.420739+00:00,2026-09-08T05:08:11.420739+05:00,,,,1,,,,,
2026-09-08T00:09:11.788240+00:00,2026-09-08T05:09:11.788240+05:00,,,,1,,,,,
2026-09-08T00:10:11.794990+00:00,2026-09-08T05:10:11.794990+05:00,,,,1,,,,,
2026-09-08T00:11:11.901770+00:00,2026-09-08T05:11:11.901770+05:00,0,0,,1,6,1,193,3,0
2026-09-08T00:12:11.764283+00:00,2026-09-08T05:12:11.764283+05:00,,,,1,,,,,
2026-09-08T00:13:11.442754+00:00,2026-09-08T05:13:11.442754+05:00,,,,1,,,,,
2026-09-08T00:14:11.395539+00:00,2026-09-08T05:14:11.395539+05:00,,,,1,,,,,
2026-09-08T00:15:11.707378+00:00,2026-09-08T05:15:11.707378+05:00,0,0,,1,,,,,
2026-09-08T00:16:11.909895+00:00,2026-09-08T05:16:11.909895+05:00,,,,1,7,1,193,3,0
2026-09-08T00:17:11.649192+00:00,2026-09-08T05:17:11.649192+05:00,,,,1,,,,,
2026-09-08T00:18:11.739361+00:00,2026-09-08T05:18:11.739361+05:00,,,,1,,,,,
2026-09-08T00:19:14.691267+00:00,2026-09-08T05:19:14.691267+05:00,0,0,,1,,,,,
2026-09-08T00:20:11.686147+00:00,2026-09-08T05:20:11.686147+05:00,,,,1,,,,,
2026-09-08T00:21:11.919679+00:00,2026-09-08T05:21:11.919679+05:00,,,,1,7,1,193,3,0
2026-09-08T00:22:11.655122+00:00,2026-09-08T05:22:11.655122+05:00,,,,1,,,,,
2026-09-08T00:23:14.882777+00:00,2026-09-08T05:23:14.882777+05:00,0,0,,1,,,,,
2026-09-08T00:24:11.260853+00:00,2026-09-08T05:24:11.260853+05:00,,,,1,,,,,
2026-09-08T00:25:11.637236+00:00,2026-09-08T05:25:11.637236+05:00,,,,1,,,,,
2026-09-08T00:26:11.842600+00:00,2026-09-08T05:26:11.842600+05:00,,,,1,7,0,193,3,0
2026-09-08T00:27:11.638149+00:00,2026-09-08T05:27:11.638149+05:00,0,0,,1,,,,,
2026-09-08T00:28:11.616792+00:00,2026-09-08T05:28:11.616792+05:00,,,,1,,,,,
2026-09-08T00:29:11.408758+00:00,2026-09-08T05:29:11.408758+05:00,,,,1,,,,,
2026-09-08T00:30:11.402061+00:00,2026-09-08T05:30:11.402061+05:00,,,,1,,,,,
2026-09-08T00:31:11.803791+00:00,2026-09-08T05:31:11.803791+05:00,0,0,,1,9,0,193,3,0
2026-09-08T00:32:11.657481+00:00,2026-09-08T05:32:11.657481+05:00,,,,1,,,,,
2026-09-08T00:33:11.668242+00:00,2026-09-08T05:33:11.668242+05:00,,,,1,,,,,
2026-09-08T00:34:11.632056+00:00,2026-09-08T05:34:11.632056+05:00,,,,1,,,,,
2026-09-08T00:35:14.696642+00:00,2026-09-08T05:35:14.696642+05:00,0,0,,1,,,,,
2026-09-08T00:36:11.896122+00:00,2026-09-08T05:36:11.896122+05:00,,,,1,10,0,193,3,0
2026-09-08T00:37:11.648280+00:00,2026-09-08T05:37:11.648280+05:00,,,,1,,,,,
2026-09-08T00:38:11.594529+00:00,2026-09-08T05:38:11.594529+05:00,,,,1,,,,,
2026-09-08T00:39:11.727138+00:00,2026-09-08T05:39:11.727138+05:00,0,0,,1,,,,,
2026-09-08T00:40:11.404895+00:00,2026-09-08T05:40:11.404895+05:00,,,,1,,,,,
2026-09-08T00:41:11.818338+00:00,2026-09-08T05:41:11.818338+05:00,,,,1,9,0,193,2,0
2026-09-08T00:42:11.630510+00:00,2026-09-08T05:42:11.630510+05:00,,,,1,,,,,
2026-09-08T00:43:11.655377+00:00,2026-09-08T05:43:11.655377+05:00,0,0,,1,,,,,
2026-09-08T00:44:11.668689+00:00,2026-09-08T05:44:11.668689+05:00,,,,1,,,,,
2026-09-08T00:45:11.446260+00:00,2026-09-08T05:45:11.446260+05:00,,,,1,,,,,
2026-09-08T00:46:12.015450+00:00,2026-09-08T05:46:12.015450+05:00,,,,1,11,0,193,4,0
2026-09-08T00:47:11.713938+00:00,2026-09-08T05:47:11.713938+05:00,0,0,,1,,,,,
2026-09-08T00:48:11.663318+00:00,2026-09-08T05:48:11.663318+05:00,,,,1,,,,,
2026-09-08T00:49:11.432858+00:00,2026-09-08T05:49:11.432858+05:00,,,,1,,,,,
2026-09-08T00:50:11.643200+00:00,2026-09-08T05:50:11.643200+05:00,,,,1,,,,,
2026-09-08T00:51:11.928735+00:00,2026-09-08T05:51:11.928735+05:00,0,0,,1,13,0,193,3,0
2026-09-08T00:52:11.725864+00:00,2026-09-08T05:52:11.725864+05:00,,,,1,,,,,
2026-09-08T00:53:11.637038+00:00,2026-09-08T05:53:11.637038+05:00,,,,1,,,,,
2026-09-08T00:54:11.461565+00:00,2026-09-08T05:54:11.461565+05:00,,,,1,,,,,
2026-09-08T00:55:11.703191+00:00,2026-09-08T05:55:11.703191+05:00,0,0,,1,,,,,
2026-09-08T00:56:11.827777+00:00,2026-09-08T05:56:11.827777+05:00,,,,1,12,0,193,2,0
2026-09-08T00:57:11.645514+00:00,2026-09-08T05:57:11.645514+05:00,,,,1,,,,,
2026-09-08T00:58:11.669602+00:00,2026-09-08T05:58:11.669602+05:00,,,,1,,,,,
2026-09-08T00:59:11.651222+00:00,2026-09-08T05:59:11.651222+05:00,0,0,,1,,,,,
2026-09-08T01:00:11.671735+00:00,2026-09-08T06:00:11.671735+05:00,,,,1,,,,,
2026-09-08T01:01:11.887259+00:00,2026-09-08T06:01:11.887259+05:00,,,,1,13,0,193,2,0
2026-09-08T01:02:11.661387+00:00,2026-09-08T06:02:11.661387+05:00,,,,1,,,,,
2026-09-08T01:03:14.909012+00:00,2026-09-08T06:03:14.909012+05:00,0,0,,1,,,,,
2026-09-08T01:04:11.411154+00:00,2026-09-08T06:04:11.411154+05:00,,,,1,,,,,
2026-09-08T01:05:11.413357+00:00,2026-09-08T06:05:11.413357+05:00,,,,1,,,,,
2026-09-08T01:06:11.604131+00:00,2026-09-08T06:06:11.604131+05:00,,,,1,14,0,193,3,0
2026-09-08T01:07:14.654585+00:00,2026-09-08T06:07:14.654585+05:00,0,0,23.5,1,,,,,
2026-09-08T01:08:11.608308+00:00,2026-09-08T06:08:11.608308+05:00,,,,1,,,,,
2026-09-08T01:09:11.400496+00:00,2026-09-08T06:09:11.400496+05:00,,,,1,,,,,
2026-09-08T01:10:11.663145+00:00,2026-09-08T06:10:11.663145+05:00,,,,1,,,,,
2026-09-08T01:11:11.849210+00:00,2026-09-08T06:11:11.849210+05:00,0,0,,1,14,1,193,3,0
2026-09-08T01:12:11.613599+00:00,2026-09-08T06:12:11.613599+05:00,,,,1,,,,,
2026-09-08T01:13:11.605702+00:00,2026-09-08T06:13:11.605702+05:00,,,,1,,,,,
2026-09-08T01:14:11.420559+00:00,2026-09-08T06:14:11.420559+05:00,,,,1,,,,,
2026-09-08T01:15:14.718211+00:00,2026-09-08T06:15:14.718211+05:00,0,0,,1,,,,,
2026-09-08T01:16:11.815423+00:00,2026-09-08T06:16:11.815423+05:00,,,,1,15,1,193,3,0
2026-09-08T01:17:11.653758+00:00,2026-09-08T06:17:11.653758+05:00,,,,1,,,,,
2026-09-08T01:18:11.701240+00:00,2026-09-08T06:18:11.701240+05:00,,,,1,,,,,
2026-09-08T01:19:11.717173+00:00,2026-09-08T06:19:11.717173+05:00,0,0,,1,,,,,
2026-09-08T01:20:11.701028+00:00,2026-09-08T06:20:11.701028+05:00,,,,1,,,,,
2026-09-08T01:21:11.816174+00:00,2026-09-08T06:21:11.816174+05:00,,,,1,14,1,193,4,0
2026-09-08T01:22:11.410118+00:00,2026-09-08T06:22:11.410118+05:00,,,,1,,,,,
2026-09-08T01:23:14.595702+00:00,2026-09-08T06:23:14.595702+05:00,0,0,,1,,,,,
2026-09-08T01:24:11.657116+00:00,2026-09-08T06:24:11.657116+05:00,,,,1,,,,,
2026-09-08T01:25:11.661299+00:00,2026-09-08T06:25:11.661299+05:00,,,,1,,,,,
2026-09-08T01:26:11.890427+00:00,2026-09-08T06:26:11.890427+05:00,,,,1,14,1,193,5,0
2026-09-08T01:27:14.840311+00:00,2026-09-08T06:27:14.840311+05:00,0,0,,1,,,,,
2026-09-08T01:28:11.400085+00:00,2026-09-08T06:28:11.400085+05:00,,,,1,,,,,
2026-09-08T01:29:11.448132+00:00,2026-09-08T06:29:11.448132+05:00,,,,1,,,,,
2026-09-08T01:30:11.263439+00:00,2026-09-08T06:30:11.263439+05:00,,,,1,,,,,
2026-09-08T01:31:11.871576+00:00,2026-09-08T06:31:11.871576+05:00,0,0,,1,15,1,193,6,0
2026-09-08T01:32:11.438505+00:00,2026-09-08T06:32:11.438505+05:00,,,,1,,,,,
2026-09-08T01:33:11.658960+00:00,2026-09-08T06:33:11.658960+05:00,,,,1,,,,,
2026-09-08T01:34:11.703788+00:00,2026-09-08T06:34:11.703788+05:00,,,,1,,,,,
2026-09-08T01:35:11.699921+00:00,2026-09-08T06:35:11.699921+05:00,0,0,,1,,,,,
2026-09-08T01:36:11.838480+00:00,2026-09-08T06:36:11.838480+05:00,,,,1,15,1,193,6,0
2026-09-08T01:37:11.253119+00:00,2026-09-08T06:37:11.253119+05:00,,,,1,,,,,
2026-09-08T01:38:11.642133+00:00,2026-09-08T06:38:11.642133+05:00,,,,1,,,,,
2026-09-08T01:39:14.646794+00:00,2026-09-08T06:39:14.646794+05:00,0,0,,1,,,,,
2026-09-08T01:40:11.723067+00:00,2026-09-08T06:40:11.723067+05:00,,,,1,,,,,
2026-09-08T01:41:11.661695+00:00,2026-09-08T06:41:11.661695+05:00,,,,1,16,1,193,7,0
2026-09-08T01:42:11.411857+00:00,2026-09-08T06:42:11.411857+05:00,,,,1,,,,,
2026-09-08T01:43:11.701419+00:00,2026-09-08T06:43:11.701419+05:00,0,0,,1,,,,,
2026-09-08T01:44:11.610113+00:00,2026-09-08T06:44:11.610113+05:00,,,,1,,,,,
2026-09-08T01:45:11.609380+00:00,2026-09-08T06:45:11.609380+05:00,,,,1,,,,,
2026-09-08T01:46:11.643696+00:00,2026-09-08T06:46:11.643696+05:00,,,,1,16,1,193,10,0
2026-09-08T01:47:14.657741+00:00,2026-09-08T06:47:14.657741+05:00,1,0,,1,,,,,
2026-09-08T01:48:11.447050+00:00,2026-09-08T06:48:11.447050+05:00,,,,1,,,,,
2026-09-08T01:49:11.656163+00:00,2026-09-08T06:49:11.656163+05:00,,,,1,,,,,
2026-09-08T01:50:11.423788+00:00,2026-09-08T06:50:11.423788+05:00,,,,1,,,,,
2026-09-08T01:51:11.941208+00:00,2026-09-08T06:51:11.941208+05:00,1,0,,1,17,1,193,12,0
2026-09-08T01:52:11.688851+00:00,2026-09-08T06:52:11.688851+05:00,,,,1,,,,,
2026-09-08T01:53:11.645243+00:00,2026-09-08T06:53:11.645243+05:00,,,,1,,,,,
2026-09-08T01:54:11.794466+00:00,2026-09-08T06:54:11.794466+05:00,,,,1,,,,,
2026-09-08T01:55:14.595378+00:00,2026-09-08T06:55:14.595378+05:00,1,0,,1,,,,,
2026-09-08T01:56:11.850818+00:00,2026-09-08T06:56:11.850818+05:00,,,,1,17,1,192,15,0
2026-09-08T01:57:11.763599+00:00,2026-09-08T06:57:11.763599+05:00,,,,1,,,,,
2026-09-08T01:58:11.620714+00:00,2026-09-08T06:58:11.620714+05:00,,,,1,,,,,
2026-09-08T01:59:14.721322+00:00,2026-09-08T06:59:14.721322+05:00,2,0,,1,,,,,
2026-09-08T02:00:11.661695+00:00,2026-09-08T07:00:11.661695+05:00,,,,1,,,,,
2026-09-08T02:01:11.630117+00:00,2026-09-08T07:01:11.630117+05:00,,,,1,16,1,192,19,0
2026-09-08T02:02:11.403909+00:00,2026-09-08T07:02:11.403909+05:00,,,,1,,,,,
2026-09-08T02:03:14.549909+00:00,2026-09-08T07:03:14.549909+05:00,2,0,,2,,,,,
2026-09-08T02:04:11.622891+00:00,2026-09-08T07:04:11.622891+05:00,,,,2,,,,,
2026-09-08T02:05:11.416887+00:00,2026-09-08T07:05:11.416887+05:00,,,,2,,,,,
2026-09-08T02:06:11.858485+00:00,2026-09-08T07:06:11.858485+05:00,,,,2,16,1,192,21,0
2026-09-08T02:07:11.711887+00:00,2026-09-08T07:07:11.711887+05:00,2,0,,2,,,,,
2026-09-08T02:08:11.429624+00:00,2026-09-08T07:08:11.429624+05:00,,,,2,,,,,
2026-09-08T02:09:11.421189+00:00,2026-09-08T07:09:11.421189+05:00,,,,2,,,,,
2026-09-08T02:10:11.429500+00:00,2026-09-08T07:10:11.429500+05:00,,,,2,,,,,
2026-09-08T02:11:14.654543+00:00,2026-09-08T07:11:14.654543+05:00,3,0,,2,18,1,192,25,0
2026-09-08T02:12:11.402073+00:00,2026-09-08T07:12:11.402073+05:00,,,,2,,,,,
2026-09-08T02:13:11.427527+00:00,2026-09-08T07:13:11.427527+05:00,,,,2,,,,,
2026-09-08T02:14:11.645014+00:00,2026-09-08T07:14:11.645014+05:00,,,,3,,,,,
2026-09-08T02:15:14.864334+00:00,2026-09-08T07:15:14.864334+05:00,4,0,,3,,,,,
2026-09-08T02:16:11.811465+00:00,2026-09-08T07:16:11.811465+05:00,,,,3,18,2,192,27,0
2026-09-08T02:17:11.643109+00:00,2026-09-08T07:17:11.643109+05:00,,,,3,,,,,
2026-09-08T02:18:11.441299+00:00,2026-09-08T07:18:11.441299+05:00,,,,3,,,,,
2026-09-08T02:19:14.664521+00:00,2026-09-08T07:19:14.664521+05:00,4,0,,3,,,,,
2026-09-08T02:20:11.693450+00:00,2026-09-08T07:20:11.693450+05:00,,,,3,,,,,
2026-09-08T02:21:11.833769+00:00,2026-09-08T07:21:11.833769+05:00,,,,4,22,2,192,33,0
2026-09-08T02:22:11.604989+00:00,2026-09-08T07:22:11.604989+05:00,,,,4,,,,,
2026-09-08T02:23:14.776757+00:00,2026-09-08T07:23:14.776757+05:00,5,0,,4,,,,,
2026-09-08T02:24:11.714637+00:00,2026-09-08T07:24:11.714637+05:00,,,,4,,,,,
2026-09-08T02:25:11.604216+00:00,2026-09-08T07:25:11.604216+05:00,,,,4,,,,,
2026-09-08T02:26:12.099345+00:00,2026-09-08T07:26:12.099345+05:00,,,,4,29,3,192,37,0
2026-09-08T02:27:11.671647+00:00,2026-09-08T07:27:11.671647+05:00,6,0,106.4,4,,,,,
2026-09-08T02:28:11.626249+00:00,2026-09-08T07:28:11.626249+05:00,,,,4,,,,,
2026-09-08T02:29:11.673660+00:00,2026-09-08T07:29:11.673660+05:00,,,,5,,,,,
2026-09-08T02:30:11.629756+00:00,2026-09-08T07:30:11.629756+05:00,,,,5,,,,,
2026-09-08T02:31:11.900880+00:00,2026-09-08T07:31:11.900880+05:00,6,0,113.2,5,31,3,192,41,0
2026-09-08T02:32:11.662484+00:00,2026-09-08T07:32:11.662484+05:00,,,,5,,,,,
2026-09-08T02:33:11.396469+00:00,2026-09-08T07:33:11.396469+05:00,,,,5,,,,,
2026-09-08T02:34:11.436426+00:00,2026-09-08T07:34:11.436426+05:00,,,,5,,,,,
2026-09-08T02:35:11.524746+00:00,2026-09-08T07:35:11.524746+05:00,7,0,119.9,5,,,,,
2026-09-08T02:36:11.854586+00:00,2026-09-08T07:36:11.854586+05:00,,,,5,31,3,192,51,0
2026-09-08T02:37:11.657679+00:00,2026-09-08T07:37:11.657679+05:00,,,,5,,,,,
2026-09-08T02:38:11.671060+00:00,2026-09-08T07:38:11.671060+05:00,,,,6,,,,,
2026-09-08T02:39:14.844235+00:00,2026-09-08T07:39:14.844235+05:00,7,0,125.1,6,,,,,
2026-09-08T02:40:11.431515+00:00,2026-09-08T07:40:11.431515+05:00,,,,6,,,,,
2026-09-08T02:41:11.649630+00:00,2026-09-08T07:41:11.649630+05:00,,,,6,35,4,192,53,0
2026-09-08T02:42:11.449718+00:00,2026-09-08T07:42:11.449718+05:00,,,,6,,,,,
2026-09-08T02:43:14.571774+00:00,2026-09-08T07:43:14.571774+05:00,7,0,128.5,6,,,,,
2026-09-08T02:44:11.648901+00:00,2026-09-08T07:44:11.648901+05:00,,,,6,,,,,
2026-09-08T02:45:11.434721+00:00,2026-09-08T07:45:11.434721+05:00,,,,6,,,,,
2026-09-08T02:46:11.636582+00:00,2026-09-08T07:46:11.636582+05:00,,,,6,37,5,192,61,0
2026-09-08T02:47:14.872786+00:00,2026-09-08T07:47:14.872786+05:00,7,0,135.3,6,,,,,
2026-09-08T02:48:11.408376+00:00,2026-09-08T07:48:11.408376+05:00,,,,6,,,,,
2026-09-08T02:49:11.401627+00:00,2026-09-08T07:49:11.401627+05:00,,,,7,,,,,
2026-09-08T02:50:11.428031+00:00,2026-09-08T07:50:11.428031+05:00,,,,7,,,,,
2026-09-08T02:51:11.662188+00:00,2026-09-08T07:51:11.662188+05:00,7,0,142.2,7,44,8,192,71,0
2026-09-08T02:52:11.824565+00:00,2026-09-08T07:52:11.824565+05:00,,,,7,,,,,
2026-09-08T02:53:11.610714+00:00,2026-09-08T07:53:11.610714+05:00,,,,7,,,,,
2026-09-08T02:54:11.663958+00:00,2026-09-08T07:54:11.663958+05:00,,,,7,,,,,
2026-09-08T02:55:11.736126+00:00,2026-09-08T07:55:11.736126+05:00,7,0,138.2,7,,,,,
2026-09-08T02:56:11.884552+00:00,2026-09-08T07:56:11.884552+05:00,,,,7,46,11,193,82,0
2026-09-08T02:57:11.653876+00:00,2026-09-08T07:57:11.653876+05:00,,,,7,,,,,
2026-09-08T02:58:11.421322+00:00,2026-09-08T07:58:11.421322+05:00,,,,7,,,,,
2026-09-08T02:59:11.526251+00:00,2026-09-08T07:59:11.526251+05:00,7,0,140.2,7,,,,,
2026-09-08T03:00:11.508323+00:00,2026-09-08T08:00:11.508323+05:00,,,,7,,,,,
2026-09-08T03:01:11.858166+00:00,2026-09-08T08:01:11.858166+05:00,,,,7,53,11,193,87,0
2026-09-08T03:02:11.412098+00:00,2026-09-08T08:02:11.412098+05:00,,,,7,,,,,
2026-09-08T03:03:11.797342+00:00,2026-09-08T08:03:11.797342+05:00,7,0,140.7,7,,,,,
2026-09-08T03:04:11.607284+00:00,2026-09-08T08:04:11.607284+05:00,,,,7,,,,,
2026-09-08T03:05:11.291526+00:00,2026-09-08T08:05:11.291526+05:00,,,,7,,,,,
2026-09-08T03:06:11.908282+00:00,2026-09-08T08:06:11.908282+05:00,,,,7,57,11,194,93,0
2026-09-08T03:07:14.585894+00:00,2026-09-08T08:07:14.585894+05:00,7,0,140.0,7,,,,,
2026-09-08T03:08:11.638577+00:00,2026-09-08T08:08:11.638577+05:00,,,,7,,,,,
2026-09-08T03:09:11.682391+00:00,2026-09-08T08:09:11.682391+05:00,,,,7,,,,,
2026-09-08T03:10:11.653422+00:00,2026-09-08T08:10:11.653422+05:00,,,,7,,,,,
2026-09-08T03:11:11.955874+00:00,2026-09-08T08:11:11.955874+05:00,7,0,134.8,7,63,11,194,99,0
2026-09-08T03:12:11.647391+00:00,2026-09-08T08:12:11.647391+05:00,,,,7,,,,,
2026-09-08T03:13:11.277616+00:00,2026-09-08T08:13:11.277616+05:00,,,,7,,,,,
2026-09-08T03:14:11.615842+00:00,2026-09-08T08:14:11.615842+05:00,,,,7,,,,,
2026-09-08T03:15:11.635297+00:00,2026-09-08T08:15:11.635297+05:00,7,0,135.8,7,,,,,
2026-09-08T03:16:11.930322+00:00,2026-09-08T08:16:11.930322+05:00,,,,7,65,13,209,103,0
2026-09-08T03:17:11.626238+00:00,2026-09-08T08:17:11.626238+05:00,,,,7,,,,,
2026-09-08T03:18:11.596844+00:00,2026-09-08T08:18:11.596844+05:00,,,,7,,,,,
2026-09-08T03:19:11.738401+00:00,2026-09-08T08:19:11.738401+05:00,7,0,142.4,7,,,,,
2026-09-08T03:20:11.656308+00:00,2026-09-08T08:20:11.656308+05:00,,,,7,,,,,
2026-09-08T03:21:11.700521+00:00,2026-09-08T08:21:11.700521+05:00,,,,7,65,14,211,108,0
2026-09-08T03:22:11.638101+00:00,2026-09-08T08:22:11.638101+05:00,,,,7,,,,,
2026-09-08T03:23:11.529138+00:00,2026-09-08T08:23:11.529138+05:00,7,0,145.0,7,,,,,
2026-09-08T03:24:11.419151+00:00,2026-09-08T08:24:11.419151+05:00,,,,7,,,,,
2026-09-08T03:25:11.275036+00:00,2026-09-08T08:25:11.275036+05:00,,,,7,,,,,
2026-09-08T03:26:11.810629+00:00,2026-09-08T08:26:11.810629+05:00,,,,7,68,16,212,115,0
2026-09-08T03:27:11.705876+00:00,2026-09-08T08:27:11.705876+05:00,7,0,149.4,8,,,,,
2026-09-08T03:28:11.414241+00:00,2026-09-08T08:28:11.414241+05:00,,,,8,,,,,
2026-09-08T03:29:11.425109+00:00,2026-09-08T08:29:11.425109+05:00,,,,8,,,,,
2026-09-08T03:30:11.427987+00:00,2026-09-08T08:30:11.427987+05:00,,,,8,,,,,
2026-09-08T03:31:14.682824+00:00,2026-09-08T08:31:14.682824+05:00,7,0,146.6,7,73,16,212,125,0
2026-09-08T03:32:11.598505+00:00,2026-09-08T08:32:11.598505+05:00,,,,8,,,,,
2026-09-08T03:33:11.607088+00:00,2026-09-08T08:33:11.607088+05:00,,,,7,,,,,
2026-09-08T03:34:11.426960+00:00,2026-09-08T08:34:11.426960+05:00,,,,8,,,,,
2026-09-08T03:35:11.718415+00:00,2026-09-08T08:35:11.718415+05:00,7,0,151.9,8,,,,,
2026-09-08T03:36:12.106682+00:00,2026-09-08T08:36:12.106682+05:00,,,,8,81,17,199,134,0
2026-09-08T03:37:11.432724+00:00,2026-09-08T08:37:11.432724+05:00,,,,8,,,,,
2026-09-08T03:38:11.402297+00:00,2026-09-08T08:38:11.402297+05:00,,,,8,,,,,
2026-09-08T03:39:14.616497+00:00,2026-09-08T08:39:14.616497+05:00,7,0,151.4,8,,,,,
2026-09-08T03:40:11.674806+00:00,2026-09-08T08:40:11.674806+05:00,,,,8,,,,,
2026-09-08T03:41:12.035438+00:00,2026-09-08T08:41:12.035438+05:00,,,,8,82,21,201,135,0
2026-09-08T03:42:11.690212+00:00,2026-09-08T08:42:11.690212+05:00,,,,8,,,,,
2026-09-08T03:43:14.827359+00:00,2026-09-08T08:43:14.827359+05:00,7,0,152.7,8,,,,,
2026-09-08T03:44:11.694743+00:00,2026-09-08T08:44:11.694743+05:00,,,,8,,,,,
2026-09-08T03:45:11.639375+00:00,2026-09-08T08:45:11.639375+05:00,,,,8,,,,,
2026-09-08T03:46:11.813914+00:00,2026-09-08T08:46:11.813914+05:00,,,,8,88,22,201,144,0
2026-09-08T03:47:11.611613+00:00,2026-09-08T08:47:11.611613+05:00,7,0,154.7,8,,,,,
2026-09-08T03:48:11.614123+00:00,2026-09-08T08:48:11.614123+05:00,,,,8,,,,,
2026-09-08T03:49:11.635258+00:00,2026-09-08T08:49:11.635258+05:00,,,,8,,,,,
2026-09-08T03:50:11.677364+00:00,2026-09-08T08:50:11.677364+05:00,,,,8,,,,,
2026-09-08T03:51:12.076778+00:00,2026-09-08T08:51:12.076778+05:00,7,0,157.8,8,91,26,201,143,0
2026-09-08T03:52:11.447948+00:00,2026-09-08T08:52:11.447948+05:00,,,,8,,,,,
2026-09-08T03:53:11.478915+00:00,2026-09-08T08:53:11.478915+05:00,,,,8,,,,,
2026-09-08T03:54:11.645136+00:00,2026-09-08T08:54:11.645136+05:00,,,,8,,,,,
2026-09-08T03:55:11.542904+00:00,2026-09-08T08:55:11.542904+05:00,7,0,154.0,8,,,,,
2026-09-08T03:56:11.812886+00:00,2026-09-08T08:56:11.812886+05:00,,,,8,93,26,202,150,0
2026-09-08T03:57:11.439536+00:00,2026-09-08T08:57:11.439536+05:00,,,,8,,,,,
2026-09-08T03:58:11.671436+00:00,2026-09-08T08:58:11.671436+05:00,,,,8,,,,,
2026-09-08T03:59:11.692518+00:00,2026-09-08T08:59:11.692518+05:00,7,0,153.8,8,,,,,
2026-09-08T04:00:11.653872+00:00,2026-09-08T09:00:11.653872+05:00,,,,8,,,,,
2026-09-08T04:01:12.050163+00:00,2026-09-08T09:01:12.050163+05:00,,,,8,94,26,203,151,0
2026-09-08T04:02:11.486048+00:00,2026-09-08T09:02:11.486048+05:00,,,,7,,,,,
2026-09-08T04:03:11.657638+00:00,2026-09-08T09:03:11.657638+05:00,7,0,162.8,7,,,,,
2026-09-08T04:04:11.684664+00:00,2026-09-08T09:04:11.684664+05:00,,,,7,,,,,
2026-09-08T04:05:11.325562+00:00,2026-09-08T09:05:11.325562+05:00,,,,7,,,,,
2026-09-08T04:06:12.035712+00:00,2026-09-08T09:06:12.035712+05:00,,,,7,101,26,204,163,0
2026-09-08T04:07:14.824906+00:00,2026-09-08T09:07:14.824906+05:00,7,0,153.5,7,,,,,
2026-09-08T04:08:11.649684+00:00,2026-09-08T09:08:11.649684+05:00,,,,7,,,,,
2026-09-08T04:09:11.633578+00:00,2026-09-08T09:09:11.633578+05:00,,,,7,,,,,
2026-09-08T04:10:11.646610+00:00,2026-09-08T09:10:11.646610+05:00,,,,7,,,,,
2026-09-08T04:11:11.850111+00:00,2026-09-08T09:11:11.850111+05:00,7,0,150.1,7,100,26,205,182,1
2026-09-08T04:12:11.640738+00:00,2026-09-08T09:12:11.640738+05:00,,,,7,,,,,
2026-09-08T04:13:11.644707+00:00,2026-09-08T09:13:11.644707+05:00,,,,7,,,,,
2026-09-08T04:14:11.626119+00:00,2026-09-08T09:14:11.626119+05:00,,,,7,,,,,
2026-09-08T04:15:11.698796+00:00,2026-09-08T09:15:11.698796+05:00,7,0,148.6,7,,,,,
2026-09-08T04:16:12.067886+00:00,2026-09-08T09:16:12.067886+05:00,,,,7,108,28,220,192,1
2026-09-08T04:17:11.418138+00:00,2026-09-08T09:17:11.418138+05:00,,,,7,,,,,
2026-09-08T04:18:11.608901+00:00,2026-09-08T09:18:11.608901+05:00,,,,7,,,,,
2026-09-08T04:19:11.521044+00:00,2026-09-08T09:19:11.521044+05:00,7,0,147.8,7,,,,,
2026-09-08T04:20:11.435143+00:00,2026-09-08T09:20:11.435143+05:00,,,,7,,,,,
2026-09-08T04:21:11.817960+00:00,2026-09-08T09:21:11.817960+05:00,,,,7,105,28,220,192,1
2026-09-08T04:22:11.657893+00:00,2026-09-08T09:22:11.657893+05:00,,,,6,,,,,
2026-09-08T04:23:11.733301+00:00,2026-09-08T09:23:11.733301+05:00,7,0,146.3,6,,,,,
2026-09-08T04:24:11.617062+00:00,2026-09-08T09:24:11.617062+05:00,,,,6,,,,,
2026-09-08T04:25:11.422587+00:00,2026-09-08T09:25:11.422587+05:00,,,,6,,,,,
2026-09-08T04:26:12.155598+00:00,2026-09-08T09:26:12.155598+05:00,,,,6,107,29,221,193,1
2026-09-08T04:27:11.522658+00:00,2026-09-08T09:27:11.522658+05:00,7,0,144.9,6,,,,,
2026-09-08T04:28:11.421732+00:00,2026-09-08T09:28:11.421732+05:00,,,,6,,,,,
2026-09-08T04:29:11.653440+00:00,2026-09-08T09:29:11.653440+05:00,,,,6,,,,,
2026-09-08T04:30:11.665164+00:00,2026-09-08T09:30:11.665164+05:00,,,,6,,,,,
2026-09-08T04:31:11.901401+00:00,2026-09-08T09:31:11.901401+05:00,7,0,137.5,6,106,31,221,194,1
2026-09-08T04:32:11.650165+00:00,2026-09-08T09:32:11.650165+05:00,,,,6,,,,,
2026-09-08T04:33:11.658099+00:00,2026-09-08T09:33:11.658099+05:00,,,,6,,,,,
2026-09-08T04:34:11.715646+00:00,2026-09-08T09:34:11.715646+05:00,,,,6,,,,,
2026-09-08T04:35:11.658576+00:00,2026-09-08T09:35:11.658576+05:00,7,0,141.5,6,,,,,
2026-09-08T04:36:12.105561+00:00,2026-09-08T09:36:12.105561+05:00,,,,6,115,31,222,198,1
2026-09-08T04:37:11.658180+00:00,2026-09-08T09:37:11.658180+05:00,,,,6,,,,,
2026-09-08T04:38:11.683170+00:00,2026-09-08T09:38:11.683170+05:00,,,,6,,,,,
2026-09-08T04:39:11.709332+00:00,2026-09-08T09:39:11.709332+05:00,7,0,138.5,6,,,,,
2026-09-08T04:40:11.604544+00:00,2026-09-08T09:40:11.604544+05:00,,,,6,,,,,
2026-09-08T04:41:30.444914+00:00,2026-09-08T09:41:30.444914+05:00,7,0,140.8,6,113,33,222,201,1
2026-09-08T04:42:29.508322+00:00,2026-09-08T09:42:29.508322+05:00,,,,6,,,,,
2026-09-08T04:43:29.604606+00:00,2026-09-08T09:43:29.604606+05:00,,,,6,,,,,
2026-09-08T04:44:29.686743+00:00,2026-09-08T09:44:29.686743+05:00,,,,6,,,,,
2026-09-08T04:45:29.606652+00:00,2026-09-08T09:45:29.606652+05:00,7,0,142.0,6,,,,,
2026-09-08T04:46:30.305869+00:00,2026-09-08T09:46:30.305869+05:00,,,,6,118,33,222,193,1
2026-09-08T04:47:29.777314+00:00,2026-09-08T09:47:29.777314+05:00,,,,6,,,,,
2026-09-08T04:48:30.004983+00:00,2026-09-08T09:48:30.004983+05:00,,,,6,,,,,
2026-09-08T04:49:29.718378+00:00,2026-09-08T09:49:29.718378+05:00,7,0,137.8,6,,,,,
2026-09-08T04:50:29.698832+00:00,2026-09-08T09:50:29.698832+05:00,,,,6,,,,,
2026-09-08T04:51:30.335623+00:00,2026-09-08T09:51:30.335623+05:00,,,,6,119,33,226,193,1
2026-09-08T04:52:29.511315+00:00,2026-09-08T09:52:29.511315+05:00,,,,6,,,,,
2026-09-08T04:53:29.734705+00:00,2026-09-08T09:53:29.734705+05:00,6,0,131.1,6,,,,,
2026-09-08T04:54:29.507403+00:00,2026-09-08T09:54:29.507403+05:00,,,,6,,,,,
2026-09-08T04:55:29.612609+00:00,2026-09-08T09:55:29.612609+05:00,,,,6,,,,,
2026-09-08T04:56:29.941752+00:00,2026-09-08T09:56:29.941752+05:00,,,,6,120,33,230,188,1
2026-09-08T04:57:29.754277+00:00,2026-09-08T09:57:29.754277+05:00,6,0,133.4,6,,,,,
2026-09-08T04:58:29.511750+00:00,2026-09-08T09:58:29.511750+05:00,,,,6,,,,,
2026-09-08T04:59:29.768445+00:00,2026-09-08T09:59:29.768445+05:00,,,,6,,,,,
2026-09-08T05:00:29.599097+00:00,2026-09-08T10:00:29.599097+05:00,,,,6,,,,,
2026-09-08T05:01:30.035050+00:00,2026-09-08T10:01:30.035050+05:00,6,0,124.9,6,119,33,230,181,1
2026-09-08T05:02:29.512592+00:00,2026-09-08T10:02:29.512592+05:00,,,,6,,,,,
2026-09-08T05:03:29.605030+00:00,2026-09-08T10:03:29.605030+05:00,,,,6,,,,,
2026-09-08T05:04:29.599032+00:00,2026-09-08T10:04:29.599032+05:00,,,,6,,,,,
2026-09-08T05:05:32.786797+00:00,2026-09-08T10:05:32.786797+05:00,6,0,127.9,6,,,,,
2026-09-08T05:06:30.059891+00:00,2026-09-08T10:06:30.059891+05:00,,,,6,114,35,230,173,1
2026-09-08T05:07:29.609697+00:00,2026-09-08T10:07:29.609697+05:00,,,,6,,,,,
2026-09-08T05:08:29.656569+00:00,2026-09-08T10:08:29.656569+05:00,,,,6,,,,,
2026-09-08T05:09:29.617559+00:00,2026-09-08T10:09:29.617559+05:00,6,0,126.6,6,,,,,
2026-09-08T05:10:29.605882+00:00,2026-09-08T10:10:29.605882+05:00,,,,6,,,,,
2026-09-08T05:11:29.966808+00:00,2026-09-08T10:11:29.966808+05:00,,,,6,114,38,230,168,1
2026-09-08T05:12:29.517353+00:00,2026-09-08T10:12:29.517353+05:00,,,,6,,,,,
2026-09-08T05:13:29.722526+00:00,2026-09-08T10:13:29.722526+05:00,6,0,123.4,6,,,,,
2026-09-08T05:14:29.600377+00:00,2026-09-08T10:14:29.600377+05:00,,,,6,,,,,
2026-09-08T05:15:29.777737+00:00,2026-09-08T10:15:29.777737+05:00,,,,6,,,,,
2026-09-08T05:16:29.922085+00:00,2026-09-08T10:16:29.922085+05:00,,,,6,109,37,231,159,1
2026-09-08T05:17:29.610081+00:00,2026-09-08T10:17:29.610081+05:00,6,0,120.8,6,,,,,
2026-09-08T05:18:29.417258+00:00,2026-09-08T10:18:29.417258+05:00,,,,6,,,,,
2026-09-08T05:19:29.697701+00:00,2026-09-08T10:19:29.697701+05:00,,,,5,,,,,
2026-09-08T05:20:29.596903+00:00,2026-09-08T10:20:29.596903+05:00,,,,5,,,,,
2026-09-08T05:21:32.762349+00:00,2026-09-08T10:21:32.762349+05:00,6,0,114.9,5,105,37,213,156,1
2026-09-08T05:22:29.768366+00:00,2026-09-08T10:22:29.768366+05:00,,,,5,,,,,
2026-09-08T05:23:29.606680+00:00,2026-09-08T10:23:29.606680+05:00,,,,5,,,,,
2026-09-08T05:24:29.596975+00:00,2026-09-08T10:24:29.596975+05:00,,,,5,,,,,
2026-09-08T05:25:29.615156+00:00,2026-09-08T10:25:29.615156+05:00,6,0,117.1,5,,,,,
2026-09-08T05:26:29.913638+00:00,2026-09-08T10:26:29.913638+05:00,,,,5,105,37,214,152,1
2026-09-08T05:27:29.608617+00:00,2026-09-08T10:27:29.608617+05:00,,,,5,,,,,
2026-09-08T05:28:29.595681+00:00,2026-09-08T10:28:29.595681+05:00,,,,5,,,,,
2026-09-08T05:29:29.672304+00:00,2026-09-08T10:29:29.672304+05:00,6,0,116.1,5,,,,,
2026-09-08T05:30:29.592357+00:00,2026-09-08T10:30:29.592357+05:00,,,,5,,,,,
2026-09-08T05:31:30.008902+00:00,2026-09-08T10:31:30.008902+05:00,,,,5,107,38,277,148,1
2026-09-08T05:32:29.685065+00:00,2026-09-08T10:32:29.685065+05:00,,,,5,,,,,
2026-09-08T05:33:29.676933+00:00,2026-09-08T10:33:29.676933+05:00,5,0,122.1,5,,,,,
2026-09-08T05:34:29.410209+00:00,2026-09-08T10:34:29.410209+05:00,,,,5,,,,,
2026-09-08T05:35:29.606612+00:00,2026-09-08T10:35:29.606612+05:00,,,,5,,,,,
2026-09-08T05:36:29.997925+00:00,2026-09-08T10:36:29.997925+05:00,,,,5,104,39,279,139,1
2026-09-08T05:37:29.932313+00:00,2026-09-08T10:37:29.932313+05:00,5,0,121.8,5,,,,,
2026-09-08T05:38:29.695557+00:00,2026-09-08T10:38:29.695557+05:00,,,,5,,,,,
2026-09-08T05:39:29.425996+00:00,2026-09-08T10:39:29.425996+05:00,,,,5,,,,,
2026-09-08T05:40:29.755642+00:00,2026-09-08T10:40:29.755642+05:00,,,,5,,,,,
2026-09-08T05:41:29.992667+00:00,2026-09-08T10:41:29.992667+05:00,5,0,120.0,5,110,39,275,133,0
2026-09-08T05:42:29.689219+00:00,2026-09-08T10:42:29.689219+05:00,,,,5,,,,,
2026-09-08T05:43:29.604750+00:00,2026-09-08T10:43:29.604750+05:00,,,,5,,,,,
2026-09-08T05:44:29.596437+00:00,2026-09-08T10:44:29.596437+05:00,,,,5,,,,,
2026-09-08T05:45:29.687006+00:00,2026-09-08T10:45:29.687006+05:00,5,0,115.4,5,,,,,
2026-09-08T05:46:30.477361+00:00,2026-09-08T10:46:30.477361+05:00,,,,5,109,38,275,117,0
2026-09-08T05:47:29.733254+00:00,2026-09-08T10:47:29.733254+05:00,,,,5,,,,,
2026-09-08T05:48:29.643820+00:00,2026-09-08T10:48:29.643820+05:00,,,,5,,,,,
2026-09-08T05:49:29.603280+00:00,2026-09-08T10:49:29.603280+05:00,5,0,115.6,5,,,,,
2026-09-08T05:50:29.591930+00:00,2026-09-08T10:50:29.591930+05:00,,,,5,,,,,
2026-09-08T05:51:29.884122+00:00,2026-09-08T10:51:29.884122+05:00,,,,5,111,36,271,112,0
2026-09-08T05:52:29.696636+00:00,2026-09-08T10:52:29.696636+05:00,,,,5,,,,,
2026-09-08T05:53:29.680287+00:00,2026-09-08T10:53:29.680287+05:00,5,0,114.2,5,,,,,
2026-09-08T05:54:29.424695+00:00,2026-09-08T10:54:29.424695+05:00,,,,5,,,,,
2026-09-08T05:55:29.612598+00:00,2026-09-08T10:55:29.612598+05:00,,,,5,,,,,
2026-09-08T05:56:29.888518+00:00,2026-09-08T10:56:29.888518+05:00,,,,5,114,34,271,109,0
2026-09-08T05:57:29.557867+00:00,2026-09-08T10:57:29.557867+05:00,5,0,106.7,5,,,,,
2026-09-08T05:58:29.424301+00:00,2026-09-08T10:58:29.424301+05:00,,,,5,,,,,
2026-09-08T05:59:29.609907+00:00,2026-09-08T10:59:29.609907+05:00,,,,5,,,,,
2026-09-08T06:00:29.597165+00:00,2026-09-08T11:00:29.597165+05:00,,,,5,,,,,
2026-09-08T06:01:32.791205+00:00,2026-09-08T11:01:32.791205+05:00,5,0,111.2,5,114,34,271,100,0
2026-09-08T06:02:29.623342+00:00,2026-09-08T11:02:29.623342+05:00,,,,5,,,,,
2026-09-08T06:03:29.607749+00:00,2026-09-08T11:03:29.607749+05:00,,,,5,,,,,
2026-09-08T06:04:29.596344+00:00,2026-09-08T11:04:29.596344+05:00,,,,5,,,,,
2026-09-08T06:05:29.613015+00:00,2026-09-08T11:05:29.613015+05:00,5,0,107.4,5,,,,,
2026-09-08T06:06:30.010834+00:00,2026-09-08T11:06:30.010834+05:00,,,,5,106,35,218,95,0
2026-09-08T06:07:29.684872+00:00,2026-09-08T11:07:29.684872+05:00,,,,5,,,,,
2026-09-08T06:08:29.672304+00:00,2026-09-08T11:08:29.672304+05:00,,,,5,,,,,
2026-09-08T06:09:32.788133+00:00,2026-09-08T11:09:32.788133+05:00,5,0,112.2,5,,,,,
2026-09-08T06:10:29.604109+00:00,2026-09-08T11:10:29.604109+05:00,,,,5,,,,,
2026-09-08T06:11:29.942360+00:00,2026-09-08T11:11:29.942360+05:00,,,,5,111,37,218,90,0
2026-09-08T06:12:29.667037+00:00,2026-09-08T11:12:29.667037+05:00,,,,5,,,,,
2026-09-08T06:13:29.776167+00:00,2026-09-08T11:13:29.776167+05:00,5,0,105.3,5,,,,,
2026-09-08T06:14:29.596926+00:00,2026-09-08T11:14:29.596926+05:00,,,,5,,,,,
2026-09-08T06:15:29.517409+00:00,2026-09-08T11:15:29.517409+05:00,,,,5,,,,,
2026-09-08T06:16:29.938635+00:00,2026-09-08T11:16:29.938635+05:00,,,,5,108,36,270,87,0
2026-09-08T06:17:32.752053+00:00,2026-09-08T11:17:32.752053+05:00,5,0,108.4,5,,,,,
2026-09-08T06:18:29.595941+00:00,2026-09-08T11:18:29.595941+05:00,,,,5,,,,,
2026-09-08T06:19:29.683874+00:00,2026-09-08T11:19:29.683874+05:00,,,,5,,,,,
2026-09-08T06:20:29.680235+00:00,2026-09-08T11:20:29.680235+05:00,,,,5,,,,,
2026-09-08T06:21:29.897920+00:00,2026-09-08T11:21:29.897920+05:00,5,0,111.2,5,105,37,270,84,0
2026-09-08T06:22:29.511705+00:00,2026-09-08T11:22:29.511705+05:00,,,,5,,,,,
2026-09-08T06:23:29.710968+00:00,2026-09-08T11:23:29.710968+05:00,,,,5,,,,,
2026-09-08T06:24:29.603796+00:00,2026-09-08T11:24:29.603796+05:00,,,,5,,,,,
2026-09-08T06:25:29.654107+00:00,2026-09-08T11:25:29.654107+05:00,5,0,110.9,5,,,,,
2026-09-08T06:26:29.977656+00:00,2026-09-08T11:26:29.977656+05:00,,,,5,110,35,216,83,0
2026-09-08T06:27:29.610540+00:00,2026-09-08T11:27:29.610540+05:00,,,,5,,,,,
2026-09-08T06:28:29.419548+00:00,2026-09-08T11:28:29.419548+05:00,,,,5,,,,,
2026-09-08T06:29:32.609343+00:00,2026-09-08T11:29:32.609343+05:00,5,0,109.0,5,,,,,
2026-09-08T06:30:29.699110+00:00,2026-09-08T11:30:29.699110+05:00,,,,5,,,,,
2026-09-08T06:31:29.769706+00:00,2026-09-08T11:31:29.769706+05:00,,,,5,109,35,216,81,2
2026-09-08T06:32:29.600008+00:00,2026-09-08T11:32:29.600008+05:00,,,,5,,,,,
2026-09-08T06:33:33.080754+00:00,2026-09-08T11:33:33.080754+05:00,5,0,108.5,5,,,,,
2026-09-08T06:34:29.600917+00:00,2026-09-08T11:34:29.600917+05:00,,,,5,,,,,
2026-09-08T06:35:29.714710+00:00,2026-09-08T11:35:29.714710+05:00,,,,5,,,,,
2026-09-08T06:36:29.897483+00:00,2026-09-08T11:36:29.897483+05:00,,,,5,111,35,216,81,3
2026-09-08T06:37:32.603579+00:00,2026-09-08T11:37:32.603579+05:00,5,0,112.5,5,,,,,
2026-09-08T06:38:29.855024+00:00,2026-09-08T11:38:29.855024+05:00,,,,5,,,,,
2026-09-08T06:39:29.593220+00:00,2026-09-08T11:39:29.593220+05:00,,,,5,,,,,
2026-09-08T06:40:29.604423+00:00,2026-09-08T11:40:29.604423+05:00,,,,5,,,,,
2026-09-08T06:41:30.013936+00:00,2026-09-08T11:41:30.013936+05:00,5,0,111.5,5,116,32,214,80,3
2026-09-08T06:42:29.610148+00:00,2026-09-08T11:42:29.610148+05:00,,,,5,,,,,
2026-09-08T06:43:29.645768+00:00,2026-09-08T11:43:29.645768+05:00,,,,5,,,,,
2026-09-08T06:44:29.672328+00:00,2026-09-08T11:44:29.672328+05:00,,,,5,,,,,
2026-09-08T06:45:32.691412+00:00,2026-09-08T11:45:32.691412+05:00,5,0,115.5,5,,,,,
2026-09-08T06:46:29.845488+00:00,2026-09-08T11:46:29.845488+05:00,,,,5,118,31,214,80,3
2026-09-08T06:47:29.771390+00:00,2026-09-08T11:47:29.771390+05:00,,,,5,,,,,
2026-09-08T06:48:29.611012+00:00,2026-09-08T11:48:29.611012+05:00,,,,5,,,,,
2026-09-08T06:49:29.784435+00:00,2026-09-08T11:49:29.784435+05:00,5,0,112.1,5,,,,,
2026-09-08T06:50:29.608945+00:00,2026-09-08T11:50:29.608945+05:00,,,,5,,,,,
2026-09-08T06:51:29.936068+00:00,2026-09-08T11:51:29.936068+05:00,,,,5,119,30,214,76,3
2026-09-08T06:52:29.611842+00:00,2026-09-08T11:52:29.611842+05:00,,,,5,,,,,
2026-09-08T06:53:29.687867+00:00,2026-09-08T11:53:29.687867+05:00,5,0,117.1,5,,,,,
2026-09-08T06:54:29.621360+00:00,2026-09-08T11:54:29.621360+05:00,,,,5,,,,,
2026-09-08T06:55:29.606779+00:00,2026-09-08T11:55:29.606779+05:00,,,,5,,,,,
2026-09-08T06:56:29.937603+00:00,2026-09-08T11:56:29.937603+05:00,,,,5,119,30,213,77,3
2026-09-08T06:57:29.675546+00:00,2026-09-08T11:57:29.675546+05:00,5,0,117.7,5,,,,,
2026-09-08T06:58:29.698231+00:00,2026-09-08T11:58:29.698231+05:00,,,,5,,,,,
2026-09-08T06:59:29.718501+00:00,2026-09-08T11:59:29.718501+05:00,,,,5,,,,,
2026-09-08T07:00:29.612271+00:00,2026-09-08T12:00:29.612271+05:00,,,,5,,,,,
2026-09-08T07:01:29.884497+00:00,2026-09-08T12:01:29.884497+05:00,5,0,116.5,5,121,31,213,75,3
2026-09-08T07:02:29.517544+00:00,2026-09-08T12:02:29.517544+05:00,,,,5,,,,,
2026-09-08T07:03:29.600948+00:00,2026-09-08T12:03:29.600948+05:00,,,,5,,,,,
2026-09-08T07:04:29.612688+00:00,2026-09-08T12:04:29.612688+05:00,,,,5,,,,,
2026-09-08T07:05:29.706503+00:00,2026-09-08T12:05:29.706503+05:00,5,0,114.5,5,,,,,
2026-09-08T07:06:30.056557+00:00,2026-09-08T12:06:30.056557+05:00,,,,5,126,30,212,76,3
2026-09-08T07:07:29.672264+00:00,2026-09-08T12:07:29.672264+05:00,,,,5,,,,,
2026-09-08T07:08:29.518747+00:00,2026-09-08T12:08:29.518747+05:00,,,,5,,,,,
2026-09-08T07:09:29.702764+00:00,2026-09-08T12:09:29.702764+05:00,5,0,113.1,5,,,,,
2026-09-08T07:10:29.606234+00:00,2026-09-08T12:10:29.606234+05:00,,,,5,,,,,
2026-09-08T07:11:29.872764+00:00,2026-09-08T12:11:29.872764+05:00,,,,5,119,32,212,75,3
2026-09-08T07:12:29.759334+00:00,2026-09-08T12:12:29.759334+05:00,,,,5,,,,,
2026-09-08T07:13:29.657037+00:00,2026-09-08T12:13:29.657037+05:00,6,0,111.7,5,,,,,
2026-09-08T07:14:29.608544+00:00,2026-09-08T12:14:29.608544+05:00,,,,5,,,,,
2026-09-08T07:15:29.599969+00:00,2026-09-08T12:15:29.599969+05:00,,,,5,,,,,
2026-09-08T07:16:29.949350+00:00,2026-09-08T12:16:29.949350+05:00,,,,5,116,30,211,74,3
2026-09-08T07:17:29.708915+00:00,2026-09-08T12:17:29.708915+05:00,6,0,113.8,5,,,,,
2026-09-08T07:18:29.612818+00:00,2026-09-08T12:18:29.612818+05:00,,,,5,,,,,
2026-09-08T07:19:29.686697+00:00,2026-09-08T12:19:29.686697+05:00,,,,5,,,,,
2026-09-08T07:20:29.611698+00:00,2026-09-08T12:20:29.611698+05:00,,,,5,,,,,
2026-09-08T07:21:29.955277+00:00,2026-09-08T12:21:29.955277+05:00,6,0,111.2,5,116,32,262,75,3
2026-09-08T07:22:29.605998+00:00,2026-09-08T12:22:29.605998+05:00,,,,5,,,,,
2026-09-08T07:23:29.643990+00:00,2026-09-08T12:23:29.643990+05:00,,,,5,,,,,
2026-09-08T07:24:29.608277+00:00,2026-09-08T12:24:29.608277+05:00,,,,5,,,,,
2026-09-08T07:25:29.603023+00:00,2026-09-08T12:25:29.603023+05:00,6,0,110.7,5,,,,,
2026-09-08T07:26:29.896375+00:00,2026-09-08T12:26:29.896375+05:00,,,,5,114,31,262,75,3
2026-09-08T07:27:29.615909+00:00,2026-09-08T12:27:29.615909+05:00,,,,5,,,,,
2026-09-08T07:28:29.608332+00:00,2026-09-08T12:28:29.608332+05:00,,,,5,,,,,
2026-09-08T07:29:32.776697+00:00,2026-09-08T12:29:32.776697+05:00,6,0,111.1,5,,,,,
2026-09-08T07:30:29.603626+00:00,2026-09-08T12:30:29.603626+05:00,,,,5,,,,,
2026-09-08T07:31:29.954014+00:00,2026-09-08T12:31:29.954014+05:00,,,,5,113,31,210,75,2
2026-09-08T07:32:29.759985+00:00,2026-09-08T12:32:29.759985+05:00,,,,5,,,,,
2026-09-08T07:33:29.620610+00:00,2026-09-08T12:33:29.620610+05:00,6,0,113.3,5,,,,,
2026-09-08T07:34:29.600519+00:00,2026-09-08T12:34:29.600519+05:00,,,,5,,,,,
2026-09-08T07:35:29.614954+00:00,2026-09-08T12:35:29.614954+05:00,,,,5,,,,,
2026-09-08T07:36:29.940811+00:00,2026-09-08T12:36:29.940811+05:00,,,,5,119,31,209,74,2
2026-09-08T07:37:29.672764+00:00,2026-09-08T12:37:29.672764+05:00,6,0,116.6,5,,,,,
2026-09-08T07:38:29.807552+00:00,2026-09-08T12:38:29.807552+05:00,,,,5,,,,,
2026-09-08T07:39:29.598284+00:00,2026-09-08T12:39:29.598284+05:00,,,,5,,,,,
2026-09-08T07:40:29.542690+00:00,2026-09-08T12:40:29.542690+05:00,,,,5,,,,,
2026-09-08T07:41:29.861569+00:00,2026-09-08T12:41:29.861569+05:00,6,0,121.8,5,125,30,260,72,2
2026-09-08T07:42:29.608846+00:00,2026-09-08T12:42:29.608846+05:00,,,,5,,,,,
2026-09-08T07:43:29.604682+00:00,2026-09-08T12:43:29.604682+05:00,,,,5,,,,,
2026-09-08T07:44:29.609857+00:00,2026-09-08T12:44:29.609857+05:00,,,,5,,,,,
2026-09-08T07:45:29.678445+00:00,2026-09-08T12:45:29.678445+05:00,6,0,117.3,5,,,,,
2026-09-08T07:46:30.000476+00:00,2026-09-08T12:46:30.000476+05:00,,,,5,121,30,260,73,2
2026-09-08T07:47:29.764280+00:00,2026-09-08T12:47:29.764280+05:00,,,,5,,,,,
2026-09-08T07:48:29.658974+00:00,2026-09-08T12:48:29.658974+05:00,,,,5,,,,,
2026-09-08T07:49:29.643939+00:00,2026-09-08T12:49:29.643939+05:00,6,0,115.9,5,,,,,
2026-09-08T07:50:29.559766+00:00,2026-09-08T12:50:29.559766+05:00,,,,5,,,,,
2026-09-08T07:51:29.803093+00:00,2026-09-08T12:51:29.803093+05:00,,,,5,126,31,208,71,2
2026-09-08T07:52:29.635984+00:00,2026-09-08T12:52:29.635984+05:00,,,,5,,,,,
2026-09-08T07:53:29.687594+00:00,2026-09-08T12:53:29.687594+05:00,6,0,121.5,5,,,,,
2026-09-08T07:54:29.617383+00:00,2026-09-08T12:54:29.617383+05:00,,,,5,,,,,
2026-09-08T07:55:29.591613+00:00,2026-09-08T12:55:29.591613+05:00,,,,5,,,,,
2026-09-08T07:56:29.883055+00:00,2026-09-08T12:56:29.883055+05:00,,,,5,125,30,205,70,2
2026-09-08T07:57:29.615330+00:00,2026-09-08T12:57:29.615330+05:00,6,0,125.8,5,,,,,
2026-09-08T07:58:29.618887+00:00,2026-09-08T12:58:29.618887+05:00,,,,5,,,,,
2026-09-08T07:59:29.646576+00:00,2026-09-08T12:59:29.646576+05:00,,,,5,,,,,
2026-09-08T08:00:29.669456+00:00,2026-09-08T13:00:29.669456+05:00,,,,5,,,,,
2026-09-08T08:01:29.985121+00:00,2026-09-08T13:01:29.985121+05:00,6,0,119.3,5,128,30,207,69,0
2026-09-08T08:02:29.677509+00:00,2026-09-08T13:02:29.677509+05:00,,,,5,,,,,
2026-09-08T08:03:29.697838+00:00,2026-09-08T13:03:29.697838+05:00,,,,5,,,,,
2026-09-08T08:04:29.612640+00:00,2026-09-08T13:04:29.612640+05:00,,,,5,,,,,
2026-09-08T08:05:29.707535+00:00,2026-09-08T13:05:29.707535+05:00,6,0,116.1,5,,,,,
2026-09-08T08:06:29.918797+00:00,2026-09-08T13:06:29.918797+05:00,,,,5,125,30,208,70,0
2026-09-08T08:07:29.550377+00:00,2026-09-08T13:07:29.550377+05:00,,,,5,,,,,
2026-09-08T08:08:29.607175+00:00,2026-09-08T13:08:29.607175+05:00,,,,5,,,,,
2026-09-08T08:09:29.670572+00:00,2026-09-08T13:09:29.670572+05:00,6,0,121.0,5,,,,,
2026-09-08T08:10:29.622591+00:00,2026-09-08T13:10:29.622591+05:00,,,,6,,,,,
2026-09-08T08:11:29.887576+00:00,2026-09-08T13:11:29.887576+05:00,,,,6,117,31,209,69,0
2026-09-08T08:12:29.617140+00:00,2026-09-08T13:12:29.617140+05:00,,,,6,,,,,
2026-09-08T08:13:29.572424+00:00,2026-09-08T13:13:29.572424+05:00,6,0,123.3,6,,,,,
2026-09-08T08:14:29.610561+00:00,2026-09-08T13:14:29.610561+05:00,,,,6,,,,,
2026-09-08T08:15:29.613382+00:00,2026-09-08T13:15:29.613382+05:00,,,,6,,,,,
2026-09-08T08:16:29.920207+00:00,2026-09-08T13:16:29.920207+05:00,,,,6,113,32,208,70,0
2026-09-08T08:17:29.688215+00:00,2026-09-08T13:17:29.688215+05:00,6,0,120.1,6,,,,,
2026-09-08T08:18:29.523901+00:00,2026-09-08T13:18:29.523901+05:00,,,,6,,,,,
2026-09-08T08:19:29.749318+00:00,2026-09-08T13:19:29.749318+05:00,,,,6,,,,,
2026-09-08T08:20:29.533536+00:00,2026-09-08T13:20:29.533536+05:00,,,,6,,,,,
2026-09-08T08:21:30.060927+00:00,2026-09-08T13:21:30.060927+05:00,6,0,119.6,6,113,32,209,73,0
2026-09-08T08:22:29.609761+00:00,2026-09-08T13:22:29.609761+05:00,,,,6,,,,,
2026-09-08T08:23:29.602193+00:00,2026-09-08T13:23:29.602193+05:00,,,,6,,,,,
2026-09-08T08:24:29.613001+00:00,2026-09-08T13:24:29.613001+05:00,,,,6,,,,,
2026-09-08T08:25:29.694391+00:00,2026-09-08T13:25:29.694391+05:00,6,0,115.1,6,,,,,
2026-09-08T08:26:30.343795+00:00,2026-09-08T13:26:30.343795+05:00,,,,6,110,31,208,75,0
2026-09-08T08:27:29.609716+00:00,2026-09-08T13:27:29.609716+05:00,,,,6,,,,,
2026-09-08T08:28:29.605579+00:00,2026-09-08T13:28:29.605579+05:00,,,,6,,,,,
2026-09-08T08:29:29.603827+00:00,2026-09-08T13:29:29.603827+05:00,6,0,120.2,6,,,,,
2026-09-08T08:30:29.766900+00:00,2026-09-08T13:30:29.766900+05:00,,,,6,,,,,
2026-09-08T08:31:29.974104+00:00,2026-09-08T13:31:29.974104+05:00,,,,6,104,31,206,79,0
2026-09-08T08:32:29.608776+00:00,2026-09-08T13:32:29.608776+05:00,,,,6,,,,,
2026-09-08T08:33:29.716545+00:00,2026-09-08T13:33:29.716545+05:00,6,0,123.2,6,,,,,
2026-09-08T08:34:29.431297+00:00,2026-09-08T13:34:29.431297+05:00,,,,6,,,,,
2026-09-08T08:35:29.608175+00:00,2026-09-08T13:35:29.608175+05:00,,,,6,,,,,
2026-09-08T08:36:29.939232+00:00,2026-09-08T13:36:29.939232+05:00,,,,6,108,30,202,81,0
2026-09-08T08:37:29.694606+00:00,2026-09-08T13:37:29.694606+05:00,6,0,120.0,6,,,,,
2026-09-08T08:38:29.739046+00:00,2026-09-08T13:38:29.739046+05:00,,,,6,,,,,
2026-09-08T08:39:29.601448+00:00,2026-09-08T13:39:29.601448+05:00,,,,6,,,,,
2026-09-08T08:40:29.607775+00:00,2026-09-08T13:40:29.607775+05:00,,,,6,,,,,
2026-09-08T08:41:29.942020+00:00,2026-09-08T13:41:29.942020+05:00,6,0,119.8,6,111,32,204,84,0
2026-09-08T08:42:29.605748+00:00,2026-09-08T13:42:29.605748+05:00,,,,6,,,,,
2026-09-08T08:43:29.595982+00:00,2026-09-08T13:43:29.595982+05:00,,,,6,,,,,
2026-09-08T08:44:29.618892+00:00,2026-09-08T13:44:29.618892+05:00,,,,6,,,,,
2026-09-08T08:45:31.359956+00:00,2026-09-08T13:45:31.359956+05:00,6,0,119.0,6,,,,,
2026-09-08T08:46:29.915577+00:00,2026-09-08T13:46:29.915577+05:00,,,,6,111,32,258,85,0
2026-09-08T08:47:29.430127+00:00,2026-09-08T13:47:29.430127+05:00,,,,6,,,,,
2026-09-08T08:48:29.614135+00:00,2026-09-08T13:48:29.614135+05:00,,,,6,,,,,
2026-09-08T08:49:30.039619+00:00,2026-09-08T13:49:30.039619+05:00,6,0,118.9,6,,,,,
2026-09-08T08:50:29.917664+00:00,2026-09-08T13:50:29.917664+05:00,,,,6,,,,,
2026-09-08T08:51:30.068654+00:00,2026-09-08T13:51:30.068654+05:00,,,,6,115,33,258,85,0
2026-09-08T08:52:29.438796+00:00,2026-09-08T13:52:29.438796+05:00,,,,6,,,,,
2026-09-08T08:53:29.731193+00:00,2026-09-08T13:53:29.731193+05:00,6,0,113.5,6,,,,,
2026-09-08T08:54:29.655299+00:00,2026-09-08T13:54:29.655299+05:00,,,,6,,,,,
2026-09-08T08:55:29.545458+00:00,2026-09-08T13:55:29.545458+05:00,,,,6,,,,,
2026-09-08T08:56:29.759124+00:00,2026-09-08T13:56:29.759124+05:00,,,,6,114,32,258,84,0
2026-09-08T08:57:31.704193+00:00,2026-09-08T13:57:31.704193+05:00,6,0,116.2,6,,,,,
2026-09-08T08:58:29.613370+00:00,2026-09-08T13:58:29.613370+05:00,,,,6,,,,,
2026-09-08T08:59:29.605141+00:00,2026-09-08T13:59:29.605141+05:00,,,,5,,,,,
2026-09-08T09:00:29.618308+00:00,2026-09-08T14:00:29.618308+05:00,,,,6,,,,,
2026-09-08T09:01:29.889662+00:00,2026-09-08T14:01:29.889662+05:00,6,0,113.4,6,114,32,259,82,0
2026-09-08T09:02:29.664024+00:00,2026-09-08T14:02:29.664024+05:00,,,,6,,,,,
2026-09-08T09:03:29.612413+00:00,2026-09-08T14:03:29.612413+05:00,,,,5,,,,,
2026-09-08T09:04:29.600090+00:00,2026-09-08T14:04:29.600090+05:00,,,,5,,,,,
2026-09-08T09:05:29.693596+00:00,2026-09-08T14:05:29.693596+05:00,6,0,113.9,5,,,,,
2026-09-08T09:06:30.165800+00:00,2026-09-08T14:06:30.165800+05:00,,,,5,113,34,207,83,0
2026-09-08T09:07:29.648523+00:00,2026-09-08T14:07:29.648523+05:00,,,,5,,,,,
2026-09-08T09:08:29.615661+00:00,2026-09-08T14:08:29.615661+05:00,,,,5,,,,,
2026-09-08T09:09:32.699994+00:00,2026-09-08T14:09:32.699994+05:00,5,0,117.5,5,,,,,
2026-09-08T09:10:29.616962+00:00,2026-09-08T14:10:29.616962+05:00,,,,5,,,,,
2026-09-08T09:11:29.990387+00:00,2026-09-08T14:11:29.990387+05:00,,,,5,103,34,208,81,0
2026-09-08T09:12:29.731877+00:00,2026-09-08T14:12:29.731877+05:00,,,,5,,,,,
2026-09-08T09:13:32.849333+00:00,2026-09-08T14:13:32.849333+05:00,5,0,109.6,5,,,,,
2026-09-08T09:14:29.612974+00:00,2026-09-08T14:14:29.612974+05:00,,,,5,,,,,
2026-09-08T09:15:29.594453+00:00,2026-09-08T14:15:29.594453+05:00,,,,5,,,,,
2026-09-08T09:16:29.861329+00:00,2026-09-08T14:16:29.861329+05:00,,,,5,109,36,209,80,0
2026-09-08T09:17:29.613034+00:00,2026-09-08T14:17:29.613034+05:00,5,0,109.1,5,,,,,
2026-09-08T09:18:29.609622+00:00,2026-09-08T14:18:29.609622+05:00,,,,5,,,,,
2026-09-08T09:19:29.665703+00:00,2026-09-08T14:19:29.665703+05:00,,,,5,,,,,
2026-09-08T09:20:29.676430+00:00,2026-09-08T14:20:29.676430+05:00,,,,5,,,,,
2026-09-08T09:21:29.977238+00:00,2026-09-08T14:21:29.977238+05:00,5,0,108.6,5,112,35,208,80,0
2026-09-08T09:22:29.617318+00:00,2026-09-08T14:22:29.617318+05:00,,,,5,,,,,
2026-09-08T09:23:29.602893+00:00,2026-09-08T14:23:29.602893+05:00,,,,5,,,,,
2026-09-08T09:24:29.612302+00:00,2026-09-08T14:24:29.612302+05:00,,,,5,,,,,
2026-09-08T09:25:29.665538+00:00,2026-09-08T14:25:29.665538+05:00,5,0,111.7,5,,,,,
2026-09-08T09:26:29.995754+00:00,2026-09-08T14:26:29.995754+05:00,,,,5,116,34,209,77,0
2026-09-08T09:27:29.598952+00:00,2026-09-08T14:27:29.598952+05:00,,,,5,,,,,
2026-09-08T09:28:29.670142+00:00,2026-09-08T14:28:29.670142+05:00,,,,5,,,,,
2026-09-08T09:29:29.704052+00:00,2026-09-08T14:29:29.704052+05:00,5,0,117.5,5,,,,,
2026-09-08T09:30:29.609596+00:00,2026-09-08T14:30:29.609596+05:00,,,,5,,,,,
2026-09-08T09:31:29.930934+00:00,2026-09-08T14:31:29.930934+05:00,,,,5,109,34,209,76,0
2026-09-08T09:32:29.618191+00:00,2026-09-08T14:32:29.618191+05:00,,,,5,,,,,
2026-09-08T09:33:29.618531+00:00,2026-09-08T14:33:29.618531+05:00,5,0,111.3,5,,,,,
2026-09-08T09:34:29.656216+00:00,2026-09-08T14:34:29.656216+05:00,,,,5,,,,,
2026-09-08T09:35:29.711707+00:00,2026-09-08T14:35:29.711707+05:00,,,,5,,,,,
2026-09-08T09:36:30.131701+00:00,2026-09-08T14:36:30.131701+05:00,,,,5,111,36,208,76,0
2026-09-08T09:37:29.707402+00:00,2026-09-08T14:37:29.707402+05:00,5,0,112.3,5,,,,,
2026-09-08T09:38:29.604200+00:00,2026-09-08T14:38:29.604200+05:00,,,,5,,,,,
2026-09-08T09:39:29.597682+00:00,2026-09-08T14:39:29.597682+05:00,,,,5,,,,,
2026-09-08T09:40:29.606566+00:00,2026-09-08T14:40:29.606566+05:00,,,,5,,,,,
2026-09-08T09:41:30.007251+00:00,2026-09-08T14:41:30.007251+05:00,5,0,112.5,5,113,36,208,75,2
2026-09-08T09:42:29.607313+00:00,2026-09-08T14:42:29.607313+05:00,,,,5,,,,,
2026-09-08T09:43:29.768447+00:00,2026-09-08T14:43:29.768447+05:00,,,,5,,,,,
2026-09-08T09:44:29.595137+00:00,2026-09-08T14:44:29.595137+05:00,,,,5,,,,,
2026-09-08T09:45:29.713877+00:00,2026-09-08T14:45:29.713877+05:00,5,0,115.9,5,,,,,
2026-09-08T09:46:30.009970+00:00,2026-09-08T14:46:30.009970+05:00,,,,5,118,33,208,75,2
2026-09-08T09:47:29.722538+00:00,2026-09-08T14:47:29.722538+05:00,,,,5,,,,,
2026-09-08T09:48:29.604690+00:00,2026-09-08T14:48:29.604690+05:00,,,,5,,,,,
2026-09-08T09:49:29.658980+00:00,2026-09-08T14:49:29.658980+05:00,5,0,114.1,5,,,,,
2026-09-08T09:50:29.706039+00:00,2026-09-08T14:50:29.706039+05:00,,,,5,,,,,
2026-09-08T09:51:29.799797+00:00,2026-09-08T14:51:29.799797+05:00,,,,5,120,32,208,74,2
2026-09-08T09:52:29.538923+00:00,2026-09-08T14:52:29.538923+05:00,,,,5,,,,,
2026-09-08T09:53:32.753426+00:00,2026-09-08T14:53:32.753426+05:00,5,0,116.1,5,,,,,
2026-09-08T09:54:29.430423+00:00,2026-09-08T14:54:29.430423+05:00,,,,5,,,,,
2026-09-08T09:55:29.774180+00:00,2026-09-08T14:55:29.774180+05:00,,,,5,,,,,
2026-09-08T09:56:29.924749+00:00,2026-09-08T14:56:29.924749+05:00,,,,5,122,31,208,75,2
2026-09-08T09:57:29.656462+00:00,2026-09-08T14:57:29.656462+05:00,5,0,114.5,5,,,,,
2026-09-08T09:58:29.601138+00:00,2026-09-08T14:58:29.601138+05:00,,,,5,,,,,
2026-09-08T09:59:29.598554+00:00,2026-09-08T14:59:29.598554+05:00,,,,5,,,,,
2026-09-08T10:00:29.617628+00:00,2026-09-08T15:00:29.617628+05:00,,,,5,,,,,
2026-09-08T10:01:29.882196+00:00,2026-09-08T15:01:29.882196+05:00,5,0,108.7,5,123,30,261,70,2
2026-09-08T10:02:29.671454+00:00,2026-09-08T15:02:29.671454+05:00,,,,5,,,,,
2026-09-08T10:03:29.421019+00:00,2026-09-08T15:03:29.421019+05:00,,,,5,,,,,
2026-09-08T10:04:29.612599+00:00,2026-09-08T15:04:29.612599+05:00,,,,5,,,,,
2026-09-08T10:05:32.713941+00:00,2026-09-08T15:05:32.713941+05:00,5,0,110.3,5,,,,,
2026-09-08T10:06:29.914503+00:00,2026-09-08T15:06:29.914503+05:00,,,,5,121,29,261,72,2
2026-09-08T10:07:29.682825+00:00,2026-09-08T15:07:29.682825+05:00,,,,5,,,,,
2026-09-08T10:08:29.608679+00:00,2026-09-08T15:08:29.608679+05:00,,,,5,,,,,
2026-09-08T10:09:30.045303+00:00,2026-09-08T15:09:30.045303+05:00,5,0,110.6,5,,,,,
2026-09-08T10:10:29.679440+00:00,2026-09-08T15:10:29.679440+05:00,,,,5,,,,,
2026-09-08T10:11:50.930068+00:00,2026-09-08T15:11:50.930068+05:00,5,0,110.4,5,123,29,208,69,2
2026-09-08T10:12:50.072514+00:00,2026-09-08T15:12:50.072514+05:00,,,,5,,,,,
2026-09-08T10:13:50.018658+00:00,2026-09-08T15:13:50.018658+05:00,,,,5,,,,,
2026-09-08T10:14:50.143874+00:00,2026-09-08T15:14:50.143874+05:00,,,,5,,,,,
2026-09-08T10:15:50.054813+00:00,2026-09-08T15:15:50.054813+05:00,5,0,114.0,5,,,,,
2026-09-08T10:16:50.246750+00:00,2026-09-08T15:16:50.246750+05:00,,,,5,126,29,208,67,2
2026-09-08T10:17:49.934339+00:00,2026-09-08T15:17:49.934339+05:00,,,,5,,,,,
2026-09-08T10:18:50.202664+00:00,2026-09-08T15:18:50.202664+05:00,,,,5,,,,,
2026-09-08T10:19:50.164478+00:00,2026-09-08T15:19:50.164478+05:00,5,0,114.3,5,,,,,
2026-09-08T10:20:50.208017+00:00,2026-09-08T15:20:50.208017+05:00,,,,5,,,,,
2026-09-08T10:21:50.302013+00:00,2026-09-08T15:21:50.302013+05:00,,,,5,128,26,260,66,3
2026-09-08T10:22:50.128722+00:00,2026-09-08T15:22:50.128722+05:00,,,,5,,,,,
2026-09-08T10:23:50.212230+00:00,2026-09-08T15:23:50.212230+05:00,5,0,117.1,5,,,,,
2026-09-08T10:24:49.910206+00:00,2026-09-08T15:24:49.910206+05:00,,,,5,,,,,
2026-09-08T10:25:50.181349+00:00,2026-09-08T15:25:50.181349+05:00,,,,5,,,,,
2026-09-08T10:26:50.417338+00:00,2026-09-08T15:26:50.417338+05:00,,,,5,130,26,260,67,3
2026-09-08T10:27:50.158677+00:00,2026-09-08T15:27:50.158677+05:00,5,0,118.1,5,,,,,
2026-09-08T10:28:50.115778+00:00,2026-09-08T15:28:50.115778+05:00,,,,5,,,,,
2026-09-08T10:29:50.075845+00:00,2026-09-08T15:29:50.075845+05:00,,,,5,,,,,
2026-09-08T10:30:50.099779+00:00,2026-09-08T15:30:50.099779+05:00,,,,5,,,,,
2026-09-08T10:31:50.211011+00:00,2026-09-08T15:31:50.211011+05:00,5,0,119.3,5,128,25,208,67,3
2026-09-08T10:32:50.145039+00:00,2026-09-08T15:32:50.145039+05:00,,,,5,,,,,
2026-09-08T10:33:50.117891+00:00,2026-09-08T15:33:50.117891+05:00,,,,5,,,,,
2026-09-08T10:34:50.133877+00:00,2026-09-08T15:34:50.133877+05:00,,,,5,,,,,
2026-09-08T10:35:50.533653+00:00,2026-09-08T15:35:50.533653+05:00,5,0,120.1,5,,,,,
2026-09-08T10:36:51.075822+00:00,2026-09-08T15:36:51.075822+05:00,,,,5,125,25,208,68,3
2026-09-08T10:37:50.094550+00:00,2026-09-08T15:37:50.094550+05:00,,,,5,,,,,
2026-09-08T10:38:49.799668+00:00,2026-09-08T15:38:49.799668+05:00,,,,5,,,,,
2026-09-08T10:39:50.153425+00:00,2026-09-08T15:39:50.153425+05:00,5,0,114.3,5,,,,,
2026-09-08T10:40:50.092927+00:00,2026-09-08T15:40:50.092927+05:00,,,,5,,,,,
2026-09-08T10:41:50.606806+00:00,2026-09-08T15:41:50.606806+05:00,,,,5,123,24,208,66,3
2026-09-08T10:42:49.796355+00:00,2026-09-08T15:42:49.796355+05:00,,,,5,,,,,
2026-09-08T10:43:51.582707+00:00,2026-09-08T15:43:51.582707+05:00,5,0,119.9,5,,,,,
2026-09-08T10:44:50.138324+00:00,2026-09-08T15:44:50.138324+05:00,,,,5,,,,,
2026-09-08T10:45:50.165297+00:00,2026-09-08T15:45:50.165297+05:00,,,,5,,,,,
2026-09-08T10:46:50.390696+00:00,2026-09-08T15:46:50.390696+05:00,,,,5,125,24,208,65,3
2026-09-08T10:47:50.300990+00:00,2026-09-08T15:47:50.300990+05:00,5,0,114.7,5,,,,,
2026-09-08T10:48:50.214680+00:00,2026-09-08T15:48:50.214680+05:00,,,,5,,,,,
2026-09-08T10:49:50.078035+00:00,2026-09-08T15:49:50.078035+05:00,,,,5,,,,,
2026-09-08T10:50:50.182206+00:00,2026-09-08T15:50:50.182206+05:00,,,,5,,,,,
2026-09-08T10:51:50.692795+00:00,2026-09-08T15:51:50.692795+05:00,5,0,116.8,5,123,23,208,64,3
2026-09-08T10:52:50.135054+00:00,2026-09-08T15:52:50.135054+05:00,,,,5,,,,,
2026-09-08T10:53:49.821821+00:00,2026-09-08T15:53:49.821821+05:00,,,,5,,,,,
2026-09-08T10:54:50.128309+00:00,2026-09-08T15:54:50.128309+05:00,,,,5,,,,,
2026-09-08T10:55:49.981863+00:00,2026-09-08T15:55:49.981863+05:00,5,0,113.4,5,,,,,
2026-09-08T10:56:50.459507+00:00,2026-09-08T15:56:50.459507+05:00,,,,5,122,23,208,65,3
2026-09-08T10:57:49.836608+00:00,2026-09-08T15:57:49.836608+05:00,,,,5,,,,,
2026-09-08T10:58:49.800511+00:00,2026-09-08T15:58:49.800511+05:00,,,,5,,,,,
2026-09-08T10:59:50.109286+00:00,2026-09-08T15:59:50.109286+05:00,5,0,109.9,5,,,,,
2026-09-08T11:00:50.123008+00:00,2026-09-08T16:00:50.123008+05:00,,,,5,,,,,
2026-09-08T11:01:50.498801+00:00,2026-09-08T16:01:50.498801+05:00,,,,5,122,22,206,66,3
2026-09-08T11:02:49.829862+00:00,2026-09-08T16:02:49.829862+05:00,,,,5,,,,,
2026-09-08T11:03:50.163151+00:00,2026-09-08T16:03:50.163151+05:00,5,0,112.2,5,,,,,
2026-09-08T11:04:49.958173+00:00,2026-09-08T16:04:49.958173+05:00,,,,5,,,,,
2026-09-08T11:05:49.900889+00:00,2026-09-08T16:05:49.900889+05:00,,,,5,,,,,
2026-09-08T11:06:50.641401+00:00,2026-09-08T16:06:50.641401+05:00,,,,5,121,22,259,67,4
2026-09-08T11:07:50.152301+00:00,2026-09-08T16:07:50.152301+05:00,5,0,108.8,5,,,,,
2026-09-08T11:08:49.831295+00:00,2026-09-08T16:08:49.831295+05:00,,,,5,,,,,
2026-09-08T11:09:50.311138+00:00,2026-09-08T16:09:50.311138+05:00,,,,5,,,,,
2026-09-08T11:10:49.930450+00:00,2026-09-08T16:10:49.930450+05:00,,,,5,,,,,
2026-09-08T11:11:50.268770+00:00,2026-09-08T16:11:50.268770+05:00,5,0,112.3,5,126,19,258,71,2
2026-09-08T11:12:50.180082+00:00,2026-09-08T16:12:50.180082+05:00,,,,5,,,,,
2026-09-08T11:13:50.123720+00:00,2026-09-08T16:13:50.123720+05:00,,,,5,,,,,
2026-09-08T11:14:49.816208+00:00,2026-09-08T16:14:49.816208+05:00,,,,5,,,,,
2026-09-08T11:15:50.103243+00:00,2026-09-08T16:15:50.103243+05:00,5,0,113.7,5,,,,,
2026-09-08T11:16:50.198685+00:00,2026-09-08T16:16:50.198685+05:00,,,,5,124,19,258,70,2
2026-09-08T11:17:50.257127+00:00,2026-09-08T16:17:50.257127+05:00,,,,5,,,,,
2026-09-08T11:18:50.048266+00:00,2026-09-08T16:18:50.048266+05:00,,,,5,,,,,
2026-09-08T11:19:53.095263+00:00,2026-09-08T16:19:53.095263+05:00,5,0,110.0,5,,,,,
2026-09-08T11:20:50.315008+00:00,2026-09-08T16:20:50.315008+05:00,,,,5,,,,,
2026-09-08T11:21:50.354796+00:00,2026-09-08T16:21:50.354796+05:00,,,,5,122,19,256,71,2
2026-09-08T11:22:50.102782+00:00,2026-09-08T16:22:50.102782+05:00,,,,5,,,,,
2026-09-08T11:23:50.160035+00:00,2026-09-08T16:23:50.160035+05:00,5,0,109.6,5,,,,,
2026-09-08T11:24:50.090865+00:00,2026-09-08T16:24:50.090865+05:00,,,,5,,,,,
2026-09-08T11:25:50.105493+00:00,2026-09-08T16:25:50.105493+05:00,,,,5,,,,,
2026-09-08T11:26:50.409912+00:00,2026-09-08T16:26:50.409912+05:00,,,,5,123,18,202,75,3
2026-09-08T11:27:50.073237+00:00,2026-09-08T16:27:50.073237+05:00,5,0,114.7,5,,,,,
2026-09-08T11:28:49.822080+00:00,2026-09-08T16:28:49.822080+05:00,,,,5,,,,,
2026-09-08T11:29:50.279178+00:00,2026-09-08T16:29:50.279178+05:00,,,,5,,,,,
2026-09-08T11:30:50.101893+00:00,2026-09-08T16:30:50.101893+05:00,,,,5,,,,,
2026-09-08T11:31:50.251078+00:00,2026-09-08T16:31:50.251078+05:00,5,0,118.1,5,123,18,202,73,3
2026-09-08T11:32:50.111762+00:00,2026-09-08T16:32:50.111762+05:00,,,,5,,,,,
2026-09-08T11:33:50.006985+00:00,2026-09-08T16:33:50.006985+05:00,,,,5,,,,,
2026-09-08T11:34:49.814055+00:00,2026-09-08T16:34:49.814055+05:00,,,,5,,,,,
2026-09-08T11:35:50.107172+00:00,2026-09-08T16:35:50.107172+05:00,6,0,113.5,5,,,,,
2026-09-08T11:36:50.154093+00:00,2026-09-08T16:36:50.154093+05:00,,,,5,120,21,255,73,3
2026-09-08T11:37:49.969159+00:00,2026-09-08T16:37:49.969159+05:00,,,,5,,,,,
2026-09-08T11:38:50.125132+00:00,2026-09-08T16:38:50.125132+05:00,,,,5,,,,,
2026-09-08T11:39:50.189239+00:00,2026-09-08T16:39:50.189239+05:00,6,0,118.4,5,,,,,
2026-09-08T11:40:50.142333+00:00,2026-09-08T16:40:50.142333+05:00,,,,5,,,,,
2026-09-08T11:41:50.411466+00:00,2026-09-08T16:41:50.411466+05:00,,,,5,114,20,253,72,3
2026-09-08T11:42:50.088209+00:00,2026-09-08T16:42:50.088209+05:00,,,,5,,,,,
2026-09-08T11:43:53.068717+00:00,2026-09-08T16:43:53.068717+05:00,6,0,121.4,5,,,,,
2026-09-08T11:44:50.181318+00:00,2026-09-08T16:44:50.181318+05:00,,,,5,,,,,
2026-09-08T11:45:49.819432+00:00,2026-09-08T16:45:49.819432+05:00,,,,5,,,,,
2026-09-08T11:46:50.521407+00:00,2026-09-08T16:46:50.521407+05:00,,,,6,108,20,252,72,3
2026-09-08T11:47:50.155982+00:00,2026-09-08T16:47:50.155982+05:00,6,0,118.7,6,,,,,
2026-09-08T11:48:50.301257+00:00,2026-09-08T16:48:50.301257+05:00,,,,6,,,,,
2026-09-08T11:49:49.813415+00:00,2026-09-08T16:49:49.813415+05:00,,,,6,,,,,
2026-09-08T11:50:50.159460+00:00,2026-09-08T16:50:50.159460+05:00,,,,6,,,,,
2026-09-08T11:51:50.726586+00:00,2026-09-08T16:51:50.726586+05:00,6,0,126.8,6,103,20,254,72,2
2026-09-08T11:52:50.158015+00:00,2026-09-08T16:52:50.158015+05:00,,,,6,,,,,
2026-09-08T11:53:50.371643+00:00,2026-09-08T16:53:50.371643+05:00,,,,6,,,,,
2026-09-08T11:54:50.114767+00:00,2026-09-08T16:54:50.114767+05:00,,,,6,,,,,
2026-09-08T11:55:50.240631+00:00,2026-09-08T16:55:50.240631+05:00,6,0,117.8,6,,,,,
2026-09-08T11:56:50.569083+00:00,2026-09-08T16:56:50.569083+05:00,,,,6,102,20,254,71,2
2026-09-08T11:57:49.892962+00:00,2026-09-08T16:57:49.892962+05:00,,,,6,,,,,
2026-09-08T11:58:50.282944+00:00,2026-09-08T16:58:50.282944+05:00,,,,6,,,,,
2026-09-08T11:59:49.967799+00:00,2026-09-08T16:59:49.967799+05:00,6,0,118.1,6,,,,,
2026-09-08T12:00:50.319654+00:00,2026-09-08T17:00:50.319654+05:00,,,,6,,,,,
2026-09-08T12:01:50.385498+00:00,2026-09-08T17:01:50.385498+05:00,,,,6,103,19,254,75,3
2026-09-08T12:02:50.102211+00:00,2026-09-08T17:02:50.102211+05:00,,,,6,,,,,
2026-09-08T12:03:50.131147+00:00,2026-09-08T17:03:50.131147+05:00,6,0,123.0,6,,,,,
2026-09-08T12:04:50.192575+00:00,2026-09-08T17:04:50.192575+05:00,,,,6,,,,,
2026-09-08T12:05:50.114821+00:00,2026-09-08T17:05:50.114821+05:00,,,,6,,,,,
2026-09-08T12:06:50.411780+00:00,2026-09-08T17:06:50.411780+05:00,,,,6,103,16,254,73,3
2026-09-08T12:07:49.976489+00:00,2026-09-08T17:07:49.976489+05:00,7,0,126.4,6,,,,,
2026-09-08T12:08:50.169499+00:00,2026-09-08T17:08:50.169499+05:00,,,,6,,,,,
2026-09-08T12:09:50.152447+00:00,2026-09-08T17:09:50.152447+05:00,,,,6,,,,,
2026-09-08T12:10:49.940845+00:00,2026-09-08T17:10:49.940845+05:00,,,,6,,,,,
2026-09-08T12:11:50.391157+00:00,2026-09-08T17:11:50.391157+05:00,7,0,129.3,6,100,16,253,72,3
2026-09-08T12:12:49.820493+00:00,2026-09-08T17:12:49.820493+05:00,,,,7,,,,,
2026-09-08T12:13:50.067683+00:00,2026-09-08T17:13:50.067683+05:00,,,,7,,,,,
2026-09-08T12:14:50.139684+00:00,2026-09-08T17:14:50.139684+05:00,,,,7,,,,,
2026-09-08T12:15:50.112479+00:00,2026-09-08T17:15:50.112479+05:00,7,0,131.8,7,,,,,
2026-09-08T12:16:50.228086+00:00,2026-09-08T17:16:50.228086+05:00,,,,7,98,14,253,74,3
2026-09-08T12:17:50.074729+00:00,2026-09-08T17:17:50.074729+05:00,,,,8,,,,,
2026-09-08T12:18:50.095569+00:00,2026-09-08T17:18:50.095569+05:00,,,,8,,,,,
2026-09-08T12:19:50.153280+00:00,2026-09-08T17:19:50.153280+05:00,7,0,139.6,8,,,,,
2026-09-08T12:20:50.160897+00:00,2026-09-08T17:20:50.160897+05:00,,,,8,,,,,
2026-09-08T12:21:50.611173+00:00,2026-09-08T17:21:50.611173+05:00,,,,8,96,15,255,73,3
2026-09-08T12:22:49.820156+00:00,2026-09-08T17:22:49.820156+05:00,,,,8,,,,,
2026-09-08T12:23:49.977308+00:00,2026-09-08T17:23:49.977308+05:00,7,0,140.1,8,,,,,
2026-09-08T12:24:50.094809+00:00,2026-09-08T17:24:50.094809+05:00,,,,8,,,,,
2026-09-08T12:25:50.089132+00:00,2026-09-08T17:25:50.089132+05:00,,,,8,,,,,
2026-09-08T12:26:50.386725+00:00,2026-09-08T17:26:50.386725+05:00,,,,8,92,16,254,76,3
2026-09-08T12:27:50.106275+00:00,2026-09-08T17:27:50.106275+05:00,7,0,142.3,8,,,,,
2026-09-08T12:28:50.128664+00:00,2026-09-08T17:28:50.128664+05:00,,,,8,,,,,
2026-09-08T12:29:50.097775+00:00,2026-09-08T17:29:50.097775+05:00,,,,8,,,,,
2026-09-08T12:30:50.076596+00:00,2026-09-08T17:30:50.076596+05:00,,,,8,,,,,
2026-09-08T12:31:50.625326+00:00,2026-09-08T17:31:50.625326+05:00,7,0,144.2,8,87,16,254,76,3
2026-09-08T12:32:50.330197+00:00,2026-09-08T17:32:50.330197+05:00,,,,8,,,,,
2026-09-08T12:33:50.129655+00:00,2026-09-08T17:33:50.129655+05:00,,,,8,,,,,
2026-09-08T12:34:50.060521+00:00,2026-09-08T17:34:50.060521+05:00,,,,8,,,,,
2026-09-08T12:35:50.173672+00:00,2026-09-08T17:35:50.173672+05:00,7,0,143.9,8,,,,,
2026-09-08T12:36:50.444888+00:00,2026-09-08T17:36:50.444888+05:00,,,,8,93,14,254,77,2
2026-09-08T12:37:50.140057+00:00,2026-09-08T17:37:50.140057+05:00,,,,8,,,,,
2026-09-08T12:38:49.826124+00:00,2026-09-08T17:38:49.826124+05:00,,,,8,,,,,
2026-09-08T12:39:50.027133+00:00,2026-09-08T17:39:50.027133+05:00,7,0,150.2,8,,,,,
2026-09-08T12:40:49.929248+00:00,2026-09-08T17:40:49.929248+05:00,,,,8,,,,,
2026-09-08T12:41:50.249714+00:00,2026-09-08T17:41:50.249714+05:00,,,,8,90,14,254,82,2
2026-09-08T12:42:49.928356+00:00,2026-09-08T17:42:49.928356+05:00,,,,8,,,,,
2026-09-08T12:43:50.105621+00:00,2026-09-08T17:43:50.105621+05:00,7,0,152.9,8,,,,,
2026-09-08T12:44:49.824646+00:00,2026-09-08T17:44:49.824646+05:00,,,,8,,,,,
2026-09-08T12:45:49.912457+00:00,2026-09-08T17:45:49.912457+05:00,,,,8,,,,,
2026-09-08T12:46:50.154807+00:00,2026-09-08T17:46:50.154807+05:00,,,,8,89,14,255,83,2
2026-09-08T12:47:50.160960+00:00,2026-09-08T17:47:50.160960+05:00,7,0,151.3,8,,,,,
2026-09-08T12:48:50.202950+00:00,2026-09-08T17:48:50.202950+05:00,,,,8,,,,,
2026-09-08T12:49:50.140954+00:00,2026-09-08T17:49:50.140954+05:00,,,,8,,,,,
2026-09-08T12:50:50.093530+00:00,2026-09-08T17:50:50.093530+05:00,,,,8,,,,,
2026-09-08T12:51:50.408306+00:00,2026-09-08T17:51:50.408306+05:00,7,0,149.8,8,90,13,257,86,2
2026-09-08T12:52:49.921249+00:00,2026-09-08T17:52:49.921249+05:00,,,,8,,,,,
2026-09-08T12:53:50.056927+00:00,2026-09-08T17:53:50.056927+05:00,,,,8,,,,,
2026-09-08T12:54:50.260575+00:00,2026-09-08T17:54:50.260575+05:00,,,,8,,,,,
2026-09-08T12:55:53.232535+00:00,2026-09-08T17:55:53.232535+05:00,7,0,148.8,8,,,,,
2026-09-08T12:56:50.230069+00:00,2026-09-08T17:56:50.230069+05:00,,,,8,89,13,257,89,2
2026-09-08T12:57:49.904361+00:00,2026-09-08T17:57:49.904361+05:00,,,,8,,,,,
2026-09-08T12:58:49.956970+00:00,2026-09-08T17:58:49.956970+05:00,,,,8,,,,,
2026-09-08T12:59:50.266047+00:00,2026-09-08T17:59:50.266047+05:00,7,0,147.5,8,,,,,
2026-09-08T13:00:50.183693+00:00,2026-09-08T18:00:50.183693+05:00,,,,8,,,,,
2026-09-08T13:01:50.511874+00:00,2026-09-08T18:01:50.511874+05:00,,,,8,93,14,257,87,2
2026-09-08T13:02:49.921224+00:00,2026-09-08T18:02:49.921224+05:00,,,,7,,,,,
2026-09-08T13:03:49.981846+00:00,2026-09-08T18:03:49.981846+05:00,7,0,150.8,7,,,,,
2026-09-08T13:04:50.305146+00:00,2026-09-08T18:04:50.305146+05:00,,,,7,,,,,
2026-09-08T13:05:50.127014+00:00,2026-09-08T18:05:50.127014+05:00,,,,8,,,,,
2026-09-08T13:06:50.365398+00:00,2026-09-08T18:06:50.365398+05:00,,,,8,88,14,257,85,2
2026-09-08T13:07:53.314030+00:00,2026-09-08T18:07:53.314030+05:00,7,0,147.1,8,,,,,
2026-09-08T13:08:50.073215+00:00,2026-09-08T18:08:50.073215+05:00,,,,8,,,,,
2026-09-08T13:09:50.175605+00:00,2026-09-08T18:09:50.175605+05:00,,,,8,,,,,
2026-09-08T13:10:49.951098+00:00,2026-09-08T18:10:49.951098+05:00,,,,8,,,,,
2026-09-08T13:11:53.122267+00:00,2026-09-08T18:11:53.122267+05:00,7,0,155.5,8,88,16,257,86,2
2026-09-08T13:12:49.924624+00:00,2026-09-08T18:12:49.924624+05:00,,,,8,,,,,
2026-09-08T13:13:49.810987+00:00,2026-09-08T18:13:49.810987+05:00,,,,8,,,,,
2026-09-08T13:14:50.090874+00:00,2026-09-08T18:14:50.090874+05:00,,,,9,,,,,
2026-09-08T13:15:50.176819+00:00,2026-09-08T18:15:50.176819+05:00,7,0,152.8,8,,,,,
2026-09-08T13:16:50.463906+00:00,2026-09-08T18:16:50.463906+05:00,,,,9,89,16,257,86,2
2026-09-08T13:17:50.112969+00:00,2026-09-08T18:17:50.112969+05:00,,,,9,,,,,
2026-09-08T13:18:49.911777+00:00,2026-09-08T18:18:49.911777+05:00,,,,9,,,,,
2026-09-08T13:19:53.159066+00:00,2026-09-08T18:19:53.159066+05:00,7,0,161.4,9,,,,,
2026-09-08T13:20:50.121839+00:00,2026-09-08T18:20:50.121839+05:00,,,,9,,,,,
2026-09-08T13:21:50.421338+00:00,2026-09-08T18:21:50.421338+05:00,,,,9,92,16,257,89,2
2026-09-08T13:22:49.802614+00:00,2026-09-08T18:22:49.802614+05:00,,,,9,,,,,
2026-09-08T13:23:53.226408+00:00,2026-09-08T18:23:53.226408+05:00,7,0,159.3,9,,,,,
2026-09-08T13:24:50.107260+00:00,2026-09-08T18:24:50.107260+05:00,,,,9,,,,,
2026-09-08T13:25:50.105728+00:00,2026-09-08T18:25:50.105728+05:00,,,,9,,,,,
2026-09-08T13:26:50.439396+00:00,2026-09-08T18:26:50.439396+05:00,,,,9,95,18,257,90,2
2026-09-08T13:27:50.074813+00:00,2026-09-08T18:27:50.074813+05:00,8,0,163.8,9,,,,,
2026-09-08T13:28:50.144484+00:00,2026-09-08T18:28:50.144484+05:00,,,,9,,,,,
2026-09-08T13:29:50.127965+00:00,2026-09-08T18:29:50.127965+05:00,,,,9,,,,,
2026-09-08T13:30:50.124734+00:00,2026-09-08T18:30:50.124734+05:00,,,,9,,,,,
2026-09-08T13:31:50.446010+00:00,2026-09-08T18:31:50.446010+05:00,8,0,163.7,9,98,19,258,93,1
2026-09-08T13:32:50.144732+00:00,2026-09-08T18:32:50.144732+05:00,,,,9,,,,,
2026-09-08T13:33:50.177318+00:00,2026-09-08T18:33:50.177318+05:00,,,,9,,,,,
2026-09-08T13:34:50.081644+00:00,2026-09-08T18:34:50.081644+05:00,,,,9,,,,,
2026-09-08T13:35:53.150583+00:00,2026-09-08T18:35:53.150583+05:00,8,0,159.1,9,,,,,
2026-09-08T13:36:50.547353+00:00,2026-09-08T18:36:50.547353+05:00,,,,9,95,19,258,100,0
2026-09-08T13:37:50.074271+00:00,2026-09-08T18:37:50.074271+05:00,,,,9,,,,,
2026-09-08T13:38:50.104832+00:00,2026-09-08T18:38:50.104832+05:00,,,,9,,,,,
2026-09-08T13:39:50.266811+00:00,2026-09-08T18:39:50.266811+05:00,8,0,157.5,9,,,,,
2026-09-08T13:40:50.111869+00:00,2026-09-08T18:40:50.111869+05:00,,,,9,,,,,
2026-09-08T13:41:50.420292+00:00,2026-09-08T18:41:50.420292+05:00,,,,9,100,19,259,110,0
2026-09-08T13:42:50.216796+00:00,2026-09-08T18:42:50.216796+05:00,,,,9,,,,,
2026-09-08T13:43:49.982689+00:00,2026-09-08T18:43:49.982689+05:00,8,0,158.2,9,,,,,
2026-09-08T13:44:50.088469+00:00,2026-09-08T18:44:50.088469+05:00,,,,9,,,,,
2026-09-08T13:45:50.344540+00:00,2026-09-08T18:45:50.344540+05:00,,,,9,,,,,
2026-09-08T13:46:50.518703+00:00,2026-09-08T18:46:50.518703+05:00,,,,9,104,20,259,108,0
2026-09-08T13:47:53.218644+00:00,2026-09-08T18:47:53.218644+05:00,8,0,162.5,9,,,,,
2026-09-08T13:48:50.057461+00:00,2026-09-08T18:48:50.057461+05:00,,,,9,,,,,
2026-09-08T13:49:50.108191+00:00,2026-09-08T18:49:50.108191+05:00,,,,9,,,,,
2026-09-08T13:50:50.135484+00:00,2026-09-08T18:50:50.135484+05:00,,,,9,,,,,
2026-09-08T13:51:50.440599+00:00,2026-09-08T18:51:50.440599+05:00,7,0,161.4,8,104,21,259,111,0
2026-09-08T13:52:50.180605+00:00,2026-09-08T18:52:50.180605+05:00,,,,8,,,,,
2026-09-08T13:53:50.146962+00:00,2026-09-08T18:53:50.146962+05:00,,,,8,,,,,
2026-09-08T13:54:50.153310+00:00,2026-09-08T18:54:50.153310+05:00,,,,8,,,,,
2026-09-08T13:55:50.193353+00:00,2026-09-08T18:55:50.193353+05:00,7,0,155.3,8,,,,,
2026-09-08T13:56:50.205763+00:00,2026-09-08T18:56:50.205763+05:00,,,,8,101,21,258,110,0
2026-09-08T13:57:50.120157+00:00,2026-09-08T18:57:50.120157+05:00,,,,8,,,,,
2026-09-08T13:58:49.932268+00:00,2026-09-08T18:58:49.932268+05:00,,,,8,,,,,
2026-09-08T13:59:50.147278+00:00,2026-09-08T18:59:50.147278+05:00,7,0,150.7,8,,,,,
2026-09-08T14:00:50.190305+00:00,2026-09-08T19:00:50.190305+05:00,,,,8,,,,,
2026-09-08T14:01:50.625979+00:00,2026-09-08T19:01:50.625979+05:00,,,,8,105,21,258,120,1
2026-09-08T14:02:50.087130+00:00,2026-09-08T19:02:50.087130+05:00,,,,8,,,,,
2026-09-08T14:03:50.175250+00:00,2026-09-08T19:03:50.175250+05:00,7,0,157.1,8,,,,,
2026-09-08T14:04:50.170237+00:00,2026-09-08T19:04:50.170237+05:00,,,,8,,,,,
2026-09-08T14:05:49.909107+00:00,2026-09-08T19:05:49.909107+05:00,,,,7,,,,,
2026-09-08T14:06:50.471585+00:00,2026-09-08T19:06:50.471585+05:00,,,,7,103,22,259,128,1
2026-09-08T14:07:53.148782+00:00,2026-09-08T19:07:53.148782+05:00,7,0,144.5,7,,,,,
2026-09-08T14:08:50.063499+00:00,2026-09-08T19:08:50.063499+05:00,,,,7,,,,,
2026-09-08T14:09:50.094546+00:00,2026-09-08T19:09:50.094546+05:00,,,,7,,,,,
2026-09-08T14:10:50.203096+00:00,2026-09-08T19:10:50.203096+05:00,,,,7,,,,,
2026-09-08T14:11:50.730208+00:00,2026-09-08T19:11:50.730208+05:00,7,0,146.1,7,110,23,260,130,1
2026-09-08T14:12:49.982357+00:00,2026-09-08T19:12:49.982357+05:00,,,,7,,,,,
2026-09-08T14:13:50.097276+00:00,2026-09-08T19:13:50.097276+05:00,,,,7,,,,,
2026-09-08T14:14:50.105433+00:00,2026-09-08T19:14:50.105433+05:00,,,,7,,,,,
2026-09-08T14:15:50.366530+00:00,2026-09-08T19:15:50.366530+05:00,7,0,139.3,7,,,,,
2026-09-08T14:16:50.313532+00:00,2026-09-08T19:16:50.313532+05:00,,,,7,115,22,260,141,1
2026-09-08T14:17:50.250191+00:00,2026-09-08T19:17:50.250191+05:00,,,,7,,,,,
2026-09-08T14:18:50.130787+00:00,2026-09-08T19:18:50.130787+05:00,,,,7,,,,,
2026-09-08T14:19:50.160088+00:00,2026-09-08T19:19:50.160088+05:00,7,0,142.1,7,,,,,
2026-09-08T14:20:50.259855+00:00,2026-09-08T19:20:50.259855+05:00,,,,7,,,,,
2026-09-08T14:21:50.499289+00:00,2026-09-08T19:21:50.499289+05:00,,,,7,115,22,260,147,1
2026-09-08T14:22:50.341961+00:00,2026-09-08T19:22:50.341961+05:00,,,,7,,,,,
2026-09-08T14:23:53.171718+00:00,2026-09-08T19:23:53.171718+05:00,7,0,138.0,7,,,,,
2026-09-08T14:24:50.312361+00:00,2026-09-08T19:24:50.312361+05:00,,,,7,,,,,
2026-09-08T14:25:49.847813+00:00,2026-09-08T19:25:49.847813+05:00,,,,7,,,,,
2026-09-08T14:26:50.440727+00:00,2026-09-08T19:26:50.440727+05:00,,,,6,115,22,261,144,1
2026-09-08T14:27:50.101201+00:00,2026-09-08T19:27:50.101201+05:00,7,0,132.4,6,,,,,
2026-09-08T14:28:49.949074+00:00,2026-09-08T19:28:49.949074+05:00,,,,6,,,,,
2026-09-08T14:29:50.010360+00:00,2026-09-08T19:29:50.010360+05:00,,,,6,,,,,
2026-09-08T14:30:50.129256+00:00,2026-09-08T19:30:50.129256+05:00,,,,6,,,,,
2026-09-08T14:31:50.166331+00:00,2026-09-08T19:31:50.166331+05:00,7,0,133.6,6,119,22,261,145,1
2026-09-08T14:32:50.202841+00:00,2026-09-08T19:32:50.202841+05:00,,,,6,,,,,
2026-09-08T14:33:50.010946+00:00,2026-09-08T19:33:50.010946+05:00,,,,6,,,,,
2026-09-08T14:34:50.024790+00:00,2026-09-08T19:34:50.024790+05:00,,,,6,,,,,
2026-09-08T14:35:53.166494+00:00,2026-09-08T19:35:53.166494+05:00,7,0,127.8,6,,,,,
2026-09-08T14:36:50.718150+00:00,2026-09-08T19:36:50.718150+05:00,,,,6,119,19,262,149,1
2026-09-08T14:37:50.223191+00:00,2026-09-08T19:37:50.223191+05:00,,,,6,,,,,
2026-09-08T14:38:51.192941+00:00,2026-09-08T19:38:51.192941+05:00,,,,6,,,,,
2026-09-08T14:39:50.264645+00:00,2026-09-08T19:39:50.264645+05:00,7,0,125.4,6,,,,,
2026-09-08T14:40:50.179714+00:00,2026-09-08T19:40:50.179714+05:00,,,,6,,,,,
2026-09-08T14:41:50.335719+00:00,2026-09-08T19:41:50.335719+05:00,,,,6,123,18,262,146,1
2026-09-08T14:42:49.986665+00:00,2026-09-08T19:42:49.986665+05:00,,,,6,,,,,
2026-09-08T14:43:50.092421+00:00,2026-09-08T19:43:50.092421+05:00,6,0,117.6,6,,,,,
2026-09-08T14:44:50.310719+00:00,2026-09-08T19:44:50.310719+05:00,,,,5,,,,,
2026-09-08T14:45:50.171706+00:00,2026-09-08T19:45:50.171706+05:00,,,,5,,,,,
2026-09-08T14:46:50.458298+00:00,2026-09-08T19:46:50.458298+05:00,,,,5,122,19,262,145,1
2026-09-08T14:47:50.245818+00:00,2026-09-08T19:47:50.245818+05:00,6,0,118.4,5,,,,,
2026-09-08T14:48:50.251330+00:00,2026-09-08T19:48:50.251330+05:00,,,,5,,,,,
2026-09-08T14:49:50.119983+00:00,2026-09-08T19:49:50.119983+05:00,,,,5,,,,,
2026-09-08T14:50:50.180619+00:00,2026-09-08T19:50:50.180619+05:00,,,,5,,,,,
2026-09-08T14:51:50.305627+00:00,2026-09-08T19:51:50.305627+05:00,6,0,114.2,5,120,20,260,146,1
2026-09-08T14:52:49.974547+00:00,2026-09-08T19:52:49.974547+05:00,,,,5,,,,,
2026-09-08T14:53:50.226604+00:00,2026-09-08T19:53:50.226604+05:00,,,,5,,,,,
2026-09-08T14:54:50.295992+00:00,2026-09-08T19:54:50.295992+05:00,,,,5,,,,,
2026-09-08T14:55:50.230318+00:00,2026-09-08T19:55:50.230318+05:00,6,0,115.1,5,,,,,
2026-09-08T14:56:51.257902+00:00,2026-09-08T19:56:51.257902+05:00,,,,5,119,20,260,143,2
2026-09-08T14:57:50.084189+00:00,2026-09-08T19:57:50.084189+05:00,,,,5,,,,,
2026-09-08T14:58:50.129833+00:00,2026-09-08T19:58:50.129833+05:00,,,,5,,,,,
2026-09-08T14:59:50.168030+00:00,2026-09-08T19:59:50.168030+05:00,5,0,110.5,4,,,,,
2026-09-08T15:00:50.323693+00:00,2026-09-08T20:00:50.323693+05:00,,,,4,,,,,
2026-09-08T15:01:50.539471+00:00,2026-09-08T20:01:50.539471+05:00,,,,4,115,20,260,144,2
2026-09-08T15:02:50.204720+00:00,2026-09-08T20:02:50.204720+05:00,,,,4,,,,,
2026-09-08T15:03:49.983552+00:00,2026-09-08T20:03:49.983552+05:00,5,0,111.6,4,,,,,
2026-09-08T15:04:50.036526+00:00,2026-09-08T20:04:50.036526+05:00,,,,4,,,,,
2026-09-08T15:05:49.950570+00:00,2026-09-08T20:05:49.950570+05:00,,,,4,,,,,
2026-09-08T15:06:50.529042+00:00,2026-09-08T20:06:50.529042+05:00,,,,4,117,20,260,146,2
2026-09-08T15:07:53.253711+00:00,2026-09-08T20:07:53.253711+05:00,5,0,109.5,4,,,,,
2026-09-08T15:08:50.352843+00:00,2026-09-08T20:08:50.352843+05:00,,,,4,,,,,
2026-09-08T15:09:49.946960+00:00,2026-09-08T20:09:49.946960+05:00,,,,4,,,,,
2026-09-08T15:10:50.183119+00:00,2026-09-08T20:10:50.183119+05:00,,,,4,,,,,
2026-09-08T15:11:50.502208+00:00,2026-09-08T20:11:50.502208+05:00,5,0,105.8,4,116,20,259,149,2
2026-09-08T15:12:50.199925+00:00,2026-09-08T20:12:50.199925+05:00,,,,4,,,,,
2026-09-08T15:13:49.986453+00:00,2026-09-08T20:13:49.986453+05:00,,,,4,,,,,
2026-09-08T15:14:50.175570+00:00,2026-09-08T20:14:50.175570+05:00,,,,4,,,,,
2026-09-08T15:15:52.327946+00:00,2026-09-08T20:15:52.327946+05:00,5,0,103.2,4,,,,,
2026-09-08T15:16:50.345629+00:00,2026-09-08T20:16:50.345629+05:00,,,,4,117,19,259,154,2
2026-09-08T15:17:50.127292+00:00,2026-09-08T20:17:50.127292+05:00,,,,4,,,,,
2026-09-08T15:18:50.163129+00:00,2026-09-08T20:18:50.163129+05:00,,,,4,,,,,
2026-09-08T15:19:50.184260+00:00,2026-09-08T20:19:50.184260+05:00,5,0,99.4,4,,,,,
2026-09-08T15:20:50.108018+00:00,2026-09-08T20:20:50.108018+05:00,,,,4,,,,,
2026-09-08T15:21:50.974759+00:00,2026-09-08T20:21:50.974759+05:00,,,,4,115,17,260,163,2
2026-09-08T15:22:49.842357+00:00,2026-09-08T20:22:49.842357+05:00,,,,4,,,,,
2026-09-08T15:23:50.158105+00:00,2026-09-08T20:23:50.158105+05:00,5,0,,4,,,,,
2026-09-08T15:24:50.193093+00:00,2026-09-08T20:24:50.193093+05:00,,,,4,,,,,
2026-09-08T15:25:50.023004+00:00,2026-09-08T20:25:50.023004+05:00,,,,4,,,,,
2026-09-08T15:26:50.526205+00:00,2026-09-08T20:26:50.526205+05:00,,,,4,114,16,259,169,2
2026-09-08T15:28:08.102405+00:00,2026-09-08T20:28:08.102405+05:00,4,0,101.9,4,,,,,
2026-09-08T15:28:49.962044+00:00,2026-09-08T20:28:49.962044+05:00,,,,4,,,,,
2026-09-08T15:29:50.097503+00:00,2026-09-08T20:29:50.097503+05:00,,,,4,,,,,
2026-09-08T15:30:50.320758+00:00,2026-09-08T20:30:50.320758+05:00,,,,4,,,,,
2026-09-08T15:31:53.763513+00:00,2026-09-08T20:31:53.763513+05:00,4,0,100.3,4,111,15,259,178,1
2026-09-08T15:32:50.164232+00:00,2026-09-08T20:32:50.164232+05:00,,,,4,,,,,
2026-09-08T15:33:50.221964+00:00,2026-09-08T20:33:50.221964+05:00,,,,4,,,,,
2026-09-08T15:34:50.124415+00:00,2026-09-08T20:34:50.124415+05:00,,,,4,,,,,
2026-09-08T15:35:49.976056+00:00,2026-09-08T20:35:49.976056+05:00,4,0,,3,,,,,
2026-09-08T15:36:51.151154+00:00,2026-09-08T20:36:51.151154+05:00,,,,3,110,16,259,177,1
2026-09-08T15:37:50.255480+00:00,2026-09-08T20:37:50.255480+05:00,,,,3,,,,,
2026-09-08T15:38:50.224041+00:00,2026-09-08T20:38:50.224041+05:00,,,,3,,,,,
2026-09-08T15:40:05.071049+00:00,2026-09-08T20:40:05.071049+05:00,4,0,,3,,,,,
2026-09-08T15:40:49.957315+00:00,2026-09-08T20:40:49.957315+05:00,,,,3,,,,,
2026-09-08T15:42:11.480239+00:00,2026-09-08T20:42:11.480239+05:00,4,0,,3,98,16,254,176,1
2026-09-08T15:43:10.608863+00:00,2026-09-08T20:43:10.608863+05:00,,,,3,,,,,
2026-09-08T15:44:10.465380+00:00,2026-09-08T20:44:10.465380+05:00,,,,3,,,,,
2026-09-08T15:45:10.360913+00:00,2026-09-08T20:45:10.360913+05:00,,,,3,,,,,
2026-09-08T15:46:10.302640+00:00,2026-09-08T20:46:10.302640+05:00,4,0,,3,,,,,
2026-09-08T15:47:10.839644+00:00,2026-09-08T20:47:10.839644+05:00,,,,3,94,16,253,179,1
2026-09-08T15:48:10.366847+00:00,2026-09-08T20:48:10.366847+05:00,,,,3,,,,,
2026-09-08T15:49:10.445927+00:00,2026-09-08T20:49:10.445927+05:00,,,,3,,,,,
2026-09-08T15:50:10.975895+00:00,2026-09-08T20:50:10.975895+05:00,4,0,,3,,,,,
2026-09-08T15:51:10.488475+00:00,2026-09-08T20:51:10.488475+05:00,,,,3,,,,,
2026-09-08T15:52:11.104578+00:00,2026-09-08T20:52:11.104578+05:00,,,,3,94,16,251,183,2
2026-09-08T15:53:10.588674+00:00,2026-09-08T20:53:10.588674+05:00,,,,3,,,,,
2026-09-08T15:54:10.337743+00:00,2026-09-08T20:54:10.337743+05:00,3,0,,3,,,,,
2026-09-08T15:55:10.511697+00:00,2026-09-08T20:55:10.511697+05:00,,,,3,,,,,
2026-09-08T15:56:10.234166+00:00,2026-09-08T20:56:10.234166+05:00,,,,3,,,,,
2026-09-08T15:57:10.831878+00:00,2026-09-08T20:57:10.831878+05:00,,,,3,93,16,251,185,2
2026-09-08T15:58:10.518036+00:00,2026-09-08T20:58:10.518036+05:00,3,0,,3,,,,,
2026-09-08T15:59:10.453236+00:00,2026-09-08T20:59:10.453236+05:00,,,,3,,,,,
2026-09-08T16:00:10.508542+00:00,2026-09-08T21:00:10.508542+05:00,,,,3,,,,,
2026-09-08T16:01:10.511052+00:00,2026-09-08T21:01:10.511052+05:00,,,,3,,,,,
2026-09-08T16:02:10.696119+00:00,2026-09-08T21:02:10.696119+05:00,3,0,82.2,2,85,15,251,184,2
2026-09-08T16:03:10.266780+00:00,2026-09-08T21:03:10.266780+05:00,,,,2,,,,,
2026-09-08T16:04:10.519709+00:00,2026-09-08T21:04:10.519709+05:00,,,,2,,,,,
2026-09-08T16:05:10.249415+00:00,2026-09-08T21:05:10.249415+05:00,,,,2,,,,,
2026-09-08T16:06:29.017786+00:00,2026-09-08T21:06:29.017786+05:00,3,0,,2,,,,,
2026-09-08T16:07:10.788133+00:00,2026-09-08T21:07:10.788133+05:00,,,,2,88,14,251,180,2
2026-09-08T16:08:10.433722+00:00,2026-09-08T21:08:10.433722+05:00,,,,2,,,,,
2026-09-08T16:09:10.334654+00:00,2026-09-08T21:09:10.334654+05:00,,,,2,,,,,
2026-09-08T16:10:13.414387+00:00,2026-09-08T21:10:13.414387+05:00,3,0,,2,,,,,
2026-09-08T16:11:10.480496+00:00,2026-09-08T21:11:10.480496+05:00,,,,2,,,,,
2026-09-08T16:12:10.676944+00:00,2026-09-08T21:12:10.676944+05:00,,,,2,87,13,251,177,3
2026-09-08T16:13:10.333203+00:00,2026-09-08T21:13:10.333203+05:00,,,,2,,,,,
2026-09-08T16:14:13.567532+00:00,2026-09-08T21:14:13.567532+05:00,3,0,,2,,,,,
2026-09-08T16:15:10.504426+00:00,2026-09-08T21:15:10.504426+05:00,,,,2,,,,,
2026-09-08T16:16:11.843178+00:00,2026-09-08T21:16:11.843178+05:00,,,,2,,,,,
2026-09-08T16:17:11.017813+00:00,2026-09-08T21:17:11.017813+05:00,,,,2,84,13,251,180,3
2026-09-08T16:18:10.305683+00:00,2026-09-08T21:18:10.305683+05:00,3,0,,2,,,,,
2026-09-08T16:19:10.507482+00:00,2026-09-08T21:19:10.507482+05:00,,,,2,,,,,
2026-09-08T16:20:10.605445+00:00,2026-09-08T21:20:10.605445+05:00,,,,2,,,,,
2026-09-08T16:21:10.520731+00:00,2026-09-08T21:21:10.520731+05:00,,,,2,,,,,
2026-09-08T16:22:10.596357+00:00,2026-09-08T21:22:10.596357+05:00,3,0,,2,81,13,251,187,3
2026-09-08T16:23:10.321647+00:00,2026-09-08T21:23:10.321647+05:00,,,,2,,,,,
2026-09-08T16:24:10.404960+00:00,2026-09-08T21:24:10.404960+05:00,,,,2,,,,,
2026-09-08T16:25:10.388781+00:00,2026-09-08T21:25:10.388781+05:00,,,,2,,,,,
2026-09-08T16:26:10.540057+00:00,2026-09-08T21:26:10.540057+05:00,3,0,,2,,,,,
2026-09-08T16:27:10.985212+00:00,2026-09-08T21:27:10.985212+05:00,,,,2,80,11,251,194,2
2026-09-08T16:28:10.415489+00:00,2026-09-08T21:28:10.415489+05:00,,,,2,,,,,
2026-09-08T16:29:10.455278+00:00,2026-09-08T21:29:10.455278+05:00,,,,2,,,,,
2026-09-08T16:30:10.444646+00:00,2026-09-08T21:30:10.444646+05:00,3,0,,2,,,,,
2026-09-08T16:31:10.421299+00:00,2026-09-08T21:31:10.421299+05:00,,,,2,,,,,
2026-09-08T16:32:10.808759+00:00,2026-09-08T21:32:10.808759+05:00,,,,2,79,9,250,194,2
2026-09-08T16:33:10.502721+00:00,2026-09-08T21:33:10.502721+05:00,,,,2,,,,,
2026-09-08T16:34:13.486001+00:00,2026-09-08T21:34:13.486001+05:00,3,0,,2,,,,,
2026-09-08T16:35:10.397555+00:00,2026-09-08T21:35:10.397555+05:00,,,,2,,,,,
2026-09-08T16:36:10.392108+00:00,2026-09-08T21:36:10.392108+05:00,,,,2,,,,,
2026-09-08T16:37:10.638199+00:00,2026-09-08T21:37:10.638199+05:00,,,,2,80,9,250,194,2
2026-09-08T16:38:10.439894+00:00,2026-09-08T21:38:10.439894+05:00,2,0,,2,,,,,
2026-09-08T16:39:12.444159+00:00,2026-09-08T21:39:12.444159+05:00,,,,2,,,,,
2026-09-08T16:40:10.410683+00:00,2026-09-08T21:40:10.410683+05:00,,,,2,,,,,
2026-09-08T16:41:10.217404+00:00,2026-09-08T21:41:10.217404+05:00,,,,2,,,,,
2026-09-08T16:42:10.955897+00:00,2026-09-08T21:42:10.955897+05:00,2,0,,2,82,11,249,193,2
2026-09-08T16:43:10.434545+00:00,2026-09-08T21:43:10.434545+05:00,,,,2,,,,,
2026-09-08T16:44:10.383303+00:00,2026-09-08T21:44:10.383303+05:00,,,,2,,,,,
2026-09-08T16:45:10.112463+00:00,2026-09-08T21:45:10.112463+05:00,,,,2,,,,,
2026-09-08T16:46:10.426989+00:00,2026-09-08T21:46:10.426989+05:00,2,0,,2,,,,,
2026-09-08T16:47:10.875392+00:00,2026-09-08T21:47:10.875392+05:00,,,,2,79,11,249,194,2
2026-09-08T16:48:10.274647+00:00,2026-09-08T21:48:10.274647+05:00,,,,2,,,,,
2026-09-08T16:49:10.225091+00:00,2026-09-08T21:49:10.225091+05:00,,,,2,,,,,
2026-09-08T16:50:10.413831+00:00,2026-09-08T21:50:10.413831+05:00,2,0,,2,,,,,
2026-09-08T16:51:10.122012+00:00,2026-09-08T21:51:10.122012+05:00,,,,2,,,,,
2026-09-08T16:52:10.842226+00:00,2026-09-08T21:52:10.842226+05:00,,,,2,80,11,249,193,2
2026-09-08T16:53:10.186913+00:00,2026-09-08T21:53:10.186913+05:00,,,,2,,,,,
2026-09-08T16:54:10.434749+00:00,2026-09-08T21:54:10.434749+05:00,2,0,,2,,,,,
2026-09-08T16:55:10.626557+00:00,2026-09-08T21:55:10.626557+05:00,,,,2,,,,,
2026-09-08T16:56:10.512783+00:00,2026-09-08T21:56:10.512783+05:00,,,,2,,,,,
2026-09-08T16:57:10.951932+00:00,2026-09-08T21:57:10.951932+05:00,,,,2,75,11,247,188,2
2026-09-08T16:58:10.782456+00:00,2026-09-08T21:58:10.782456+05:00,2,0,62.7,1,,,,,
2026-09-08T16:59:10.530069+00:00,2026-09-08T21:59:10.530069+05:00,,,,1,,,,,
2026-09-08T17:00:10.220665+00:00,2026-09-08T22:00:10.220665+05:00,,,,1,,,,,
2026-09-08T17:01:10.392348+00:00,2026-09-08T22:01:10.392348+05:00,,,,1,,,,,
2026-09-08T17:02:10.848339+00:00,2026-09-08T22:02:10.848339+05:00,2,0,,1,72,11,247,187,2
2026-09-08T17:03:10.225991+00:00,2026-09-08T22:03:10.225991+05:00,,,,1,,,,,
2026-09-08T17:04:10.611255+00:00,2026-09-08T22:04:10.611255+05:00,,,,1,,,,,
2026-09-08T17:05:10.424913+00:00,2026-09-08T22:05:10.424913+05:00,,,,1,,,,,
2026-09-08T17:06:10.362485+00:00,2026-09-08T22:06:10.362485+05:00,2,0,,1,,,,,
2026-09-08T17:07:10.775672+00:00,2026-09-08T22:07:10.775672+05:00,,,,1,73,10,246,181,2
2026-09-08T17:08:10.558048+00:00,2026-09-08T22:08:10.558048+05:00,,,,1,,,,,
2026-09-08T17:09:10.472272+00:00,2026-09-08T22:09:10.472272+05:00,,,,1,,,,,
2026-09-08T17:10:10.437103+00:00,2026-09-08T22:10:10.437103+05:00,2,0,,1,,,,,
2026-09-08T17:11:10.234784+00:00,2026-09-08T22:11:10.234784+05:00,,,,1,,,,,
2026-09-08T17:12:10.826192+00:00,2026-09-08T22:12:10.826192+05:00,,,,1,76,10,245,174,2
2026-09-08T17:13:10.419498+00:00,2026-09-08T22:13:10.419498+05:00,,,,1,,,,,
2026-09-08T17:14:10.605601+00:00,2026-09-08T22:14:10.605601+05:00,2,0,,1,,,,,
2026-09-08T17:15:10.121851+00:00,2026-09-08T22:15:10.121851+05:00,,,,1,,,,,
2026-09-08T17:16:10.448531+00:00,2026-09-08T22:16:10.448531+05:00,,,,1,,,,,
2026-09-08T17:17:11.127803+00:00,2026-09-08T22:17:11.127803+05:00,,,,1,75,10,246,162,2
2026-09-08T17:18:10.424932+00:00,2026-09-08T22:18:10.424932+05:00,2,0,,1,,,,,
2026-09-08T17:19:10.402980+00:00,2026-09-08T22:19:10.402980+05:00,,,,1,,,,,
2026-09-08T17:20:10.244501+00:00,2026-09-08T22:20:10.244501+05:00,,,,1,,,,,
2026-09-08T17:21:10.639645+00:00,2026-09-08T22:21:10.639645+05:00,,,,1,,,,,
2026-09-08T17:22:25.340851+00:00,2026-09-08T22:22:25.340851+05:00,2,0,,1,72,11,246,149,1
2026-09-08T17:23:10.116267+00:00,2026-09-08T22:23:10.116267+05:00,,,,1,,,,,
2026-09-08T17:24:10.110351+00:00,2026-09-08T22:24:10.110351+05:00,,,,1,,,,,
2026-09-08T17:25:10.645691+00:00,2026-09-08T22:25:10.645691+05:00,,,,1,,,,,
2026-09-08T17:26:10.449449+00:00,2026-09-08T22:26:10.449449+05:00,1,0,,1,,,,,
2026-09-08T17:27:10.743455+00:00,2026-09-08T22:27:10.743455+05:00,,,,1,65,12,246,148,1
2026-09-08T17:28:10.397062+00:00,2026-09-08T22:28:10.397062+05:00,,,,1,,,,,
2026-09-08T17:29:10.553292+00:00,2026-09-08T22:29:10.553292+05:00,,,,1,,,,,
2026-09-08T17:30:10.311338+00:00,2026-09-08T22:30:10.311338+05:00,1,0,,1,,,,,
2026-09-08T17:31:10.229565+00:00,2026-09-08T22:31:10.229565+05:00,,,,1,,,,,
2026-09-08T17:32:10.586807+00:00,2026-09-08T22:32:10.586807+05:00,,,,1,68,12,246,138,1
2026-09-08T17:33:10.155082+00:00,2026-09-08T22:33:10.155082+05:00,,,,1,,,,,
2026-09-08T17:34:10.430876+00:00,2026-09-08T22:34:10.430876+05:00,1,0,,1,,,,,
2026-09-08T17:35:10.118343+00:00,2026-09-08T22:35:10.118343+05:00,,,,1,,,,,
2026-09-08T17:36:10.496083+00:00,2026-09-08T22:36:10.496083+05:00,,,,1,,,,,
2026-09-08T17:37:10.842259+00:00,2026-09-08T22:37:10.842259+05:00,,,,1,65,12,245,129,1
2026-09-08T17:38:10.708311+00:00,2026-09-08T22:38:10.708311+05:00,1,0,,1,,,,,
2026-09-08T17:39:10.426665+00:00,2026-09-08T22:39:10.426665+05:00,,,,1,,,,,
2026-09-08T17:40:10.306963+00:00,2026-09-08T22:40:10.306963+05:00,,,,1,,,,,
2026-09-08T17:41:10.179361+00:00,2026-09-08T22:41:10.179361+05:00,,,,1,,,,,
2026-09-08T17:42:10.804024+00:00,2026-09-08T22:42:10.804024+05:00,1,0,,1,59,12,245,121,0
2026-09-08T17:43:10.365743+00:00,2026-09-08T22:43:10.365743+05:00,,,,1,,,,,
2026-09-08T17:44:10.409756+00:00,2026-09-08T22:44:10.409756+05:00,,,,1,,,,,
2026-09-08T17:45:10.587540+00:00,2026-09-08T22:45:10.587540+05:00,,,,1,,,,,
2026-09-08T17:46:25.307494+00:00,2026-09-08T22:46:25.307494+05:00,1,0,,1,,,,,
2026-09-08T17:47:10.865810+00:00,2026-09-08T22:47:10.865810+05:00,,,,1,56,11,245,115,0
2026-09-08T17:48:10.593518+00:00,2026-09-08T22:48:10.593518+05:00,,,,1,,,,,
2026-09-08T17:49:10.385914+00:00,2026-09-08T22:49:10.385914+05:00,,,,1,,,,,
2026-09-08T17:50:10.441267+00:00,2026-09-08T22:50:10.441267+05:00,1,0,,1,,,,,
2026-09-08T17:51:10.394288+00:00,2026-09-08T22:51:10.394288+05:00,,,,1,,,,,
2026-09-08T17:52:10.712638+00:00,2026-09-08T22:52:10.712638+05:00,,,,1,55,10,245,105,0
2026-09-08T17:53:10.124743+00:00,2026-09-08T22:53:10.124743+05:00,,,,1,,,,,
2026-09-08T17:54:10.450124+00:00,2026-09-08T22:54:10.450124+05:00,1,0,,1,,,,,
2026-09-08T17:55:10.466565+00:00,2026-09-08T22:55:10.466565+05:00,,,,1,,,,,
2026-09-08T17:56:10.362300+00:00,2026-09-08T22:56:10.362300+05:00,,,,1,,,,,
2026-09-08T17:57:10.868554+00:00,2026-09-08T22:57:10.868554+05:00,,,,1,51,11,245,100,1
2026-09-08T17:58:25.433748+00:00,2026-09-08T22:58:25.433748+05:00,1,0,,1,,,,,
2026-09-08T17:59:10.139692+00:00,2026-09-08T22:59:10.139692+05:00,,,,1,,,,,
2026-09-08T18:00:10.250325+00:00,2026-09-08T23:00:10.250325+05:00,,,,1,,,,,
2026-09-08T18:01:10.576214+00:00,2026-09-08T23:01:10.576214+05:00,,,,1,,,,,
2026-09-08T18:02:10.719382+00:00,2026-09-08T23:02:10.719382+05:00,1,0,,1,46,11,245,88,1
2026-09-08T18:03:10.482947+00:00,2026-09-08T23:03:10.482947+05:00,,,,1,,,,,
2026-09-08T18:04:10.407005+00:00,2026-09-08T23:04:10.407005+05:00,,,,1,,,,,
2026-09-08T18:05:10.478716+00:00,2026-09-08T23:05:10.478716+05:00,,,,1,,,,,
2026-09-08T18:06:10.939280+00:00,2026-09-08T23:06:10.939280+05:00,1,0,,1,,,,,
2026-09-08T18:07:10.705805+00:00,2026-09-08T23:07:10.705805+05:00,,,,1,41,11,245,79,1
2026-09-08T18:08:10.422267+00:00,2026-09-08T23:08:10.422267+05:00,,,,1,,,,,
2026-09-08T18:09:10.422530+00:00,2026-09-08T23:09:10.422530+05:00,,,,1,,,,,
2026-09-08T18:10:10.473450+00:00,2026-09-08T23:10:10.473450+05:00,1,0,,1,,,,,
2026-09-08T18:11:10.111380+00:00,2026-09-08T23:11:10.111380+05:00,,,,1,,,,,
2026-09-08T18:12:10.976193+00:00,2026-09-08T23:12:10.976193+05:00,,,,1,38,10,245,71,1
2026-09-08T18:13:10.588892+00:00,2026-09-08T23:13:10.588892+05:00,,,,1,,,,,
2026-09-08T18:14:10.484308+00:00,2026-09-08T23:14:10.484308+05:00,1,0,,1,,,,,
2026-09-08T18:15:10.383779+00:00,2026-09-08T23:15:10.383779+05:00,,,,1,,,,,
2026-09-08T18:16:10.431004+00:00,2026-09-08T23:16:10.431004+05:00,,,,1,,,,,
2026-09-08T18:17:10.776104+00:00,2026-09-08T23:17:10.776104+05:00,,,,1,37,10,245,70,1
2026-09-08T18:18:13.420744+00:00,2026-09-08T23:18:13.420744+05:00,1,0,,1,,,,,
2026-09-08T18:19:10.496222+00:00,2026-09-08T23:19:10.496222+05:00,,,,1,,,,,
2026-09-08T18:20:10.512333+00:00,2026-09-08T23:20:10.512333+05:00,,,,1,,,,,
2026-09-08T18:21:10.427583+00:00,2026-09-08T23:21:10.427583+05:00,,,,1,,,,,
2026-09-08T18:22:10.704029+00:00,2026-09-08T23:22:10.704029+05:00,1,0,40.0,1,34,10,243,70,1
2026-09-08T18:23:10.385899+00:00,2026-09-08T23:23:10.385899+05:00,,,,1,,,,,
2026-09-08T18:24:10.544673+00:00,2026-09-08T23:24:10.544673+05:00,,,,1,,,,,
2026-09-08T18:25:10.387492+00:00,2026-09-08T23:25:10.387492+05:00,,,,1,,,,,
2026-09-08T18:26:10.302256+00:00,2026-09-08T23:26:10.302256+05:00,1,0,,1,,,,,
2026-09-08T18:27:10.496465+00:00,2026-09-08T23:27:10.496465+05:00,,,,1,32,11,243,69,1
2026-09-08T18:28:10.424407+00:00,2026-09-08T23:28:10.424407+05:00,,,,1,,,,,
2026-09-08T18:29:10.210051+00:00,2026-09-08T23:29:10.210051+05:00,,,,1,,,,,
2026-09-08T18:30:14.149431+00:00,2026-09-08T23:30:14.149431+05:00,1,0,,1,,,,,
2026-09-08T18:31:10.458851+00:00,2026-09-08T23:31:10.458851+05:00,,,,1,,,,,
2026-09-08T18:32:10.710406+00:00,2026-09-08T23:32:10.710406+05:00,,,,1,30,11,243,68,1
2026-09-08T18:33:10.437039+00:00,2026-09-08T23:33:10.437039+05:00,,,,1,,,,,
2026-09-08T18:34:13.392493+00:00,2026-09-08T23:34:13.392493+05:00,1,0,,1,,,,,
2026-09-08T18:35:10.376466+00:00,2026-09-08T23:35:10.376466+05:00,,,,1,,,,,
2026-09-08T18:36:10.384419+00:00,2026-09-08T23:36:10.384419+05:00,,,,1,,,,,
2026-09-08T18:37:10.809928+00:00,2026-09-08T23:37:10.809928+05:00,,,,1,29,10,243,70,1
2026-09-08T18:38:10.546348+00:00,2026-09-08T23:38:10.546348+05:00,1,0,,1,,,,,
2026-09-08T18:39:10.212832+00:00,2026-09-08T23:39:10.212832+05:00,,,,1,,,,,
2026-09-08T18:40:10.264261+00:00,2026-09-08T23:40:10.264261+05:00,,,,1,,,,,
2026-09-08T18:41:10.396263+00:00,2026-09-08T23:41:10.396263+05:00,,,,1,,,,,
2026-09-08T18:42:10.571676+00:00,2026-09-08T23:42:10.571676+05:00,1,0,37.5,1,27,10,243,62,1
2026-09-08T18:43:10.703954+00:00,2026-09-08T23:43:10.703954+05:00,,,,1,,,,,
2026-09-08T18:44:10.392305+00:00,2026-09-08T23:44:10.392305+05:00,,,,1,,,,,
2026-09-08T18:45:11.641537+00:00,2026-09-08T23:45:11.641537+05:00,,,,1,,,,,
2026-09-08T18:46:10.575727+00:00,2026-09-08T23:46:10.575727+05:00,1,0,,1,,,,,
2026-09-08T18:47:10.909261+00:00,2026-09-08T23:47:10.909261+05:00,,,,1,23,10,243,64,1
2026-09-08T18:48:10.468396+00:00,2026-09-08T23:48:10.468396+05:00,,,,1,,,,,
2026-09-08T18:49:10.515340+00:00,2026-09-08T23:49:10.515340+05:00,,,,1,,,,,
2026-09-08T18:50:10.302408+00:00,2026-09-08T23:50:10.302408+05:00,0,0,,1,,,,,
2026-09-08T18:51:10.434090+00:00,2026-09-08T23:51:10.434090+05:00,,,,1,,,,,
2026-09-08T18:52:10.760254+00:00,2026-09-08T23:52:10.760254+05:00,,,,1,25,11,243,65,1
2026-09-08T18:53:10.406335+00:00,2026-09-08T23:53:10.406335+05:00,,,,1,,,,,
2026-09-08T18:54:13.017945+00:00,2026-09-08T23:54:13.017945+05:00,1,0,,1,,,,,
2026-09-08T18:55:10.481705+00:00,2026-09-08T23:55:10.481705+05:00,,,,1,,,,,
2026-09-08T18:56:10.443367+00:00,2026-09-08T23:56:10.443367+05:00,,,,1,,,,,
2026-09-08T18:57:10.639967+00:00,2026-09-08T23:57:10.639967+05:00,,,,1,26,11,243,60,1
2026-09-08T18:58:10.385342+00:00,2026-09-08T23:58:10.385342+05:00,1,0,35.2,1,,,,,
2026-09-08T18:59:10.386592+00:00,2026-09-08T23:59:10.386592+05:00,,,,1,,,,,
2026-09-08T19:00:10.119121+00:00,2026-09-09T00:00:10.119121+05:00,,,,1,,,,,
2026-09-08T19:01:10.229281+00:00,2026-09-09T00:01:10.229281+05:00,,,,1,,,,,
2026-09-08T19:02:13.560831+00:00,2026-09-09T00:02:13.560831+05:00,0,0,34.6,1,24,12,244,59,1
2026-09-08T19:03:10.484643+00:00,2026-09-09T00:03:10.484643+05:00,,,,1,,,,,
2026-09-08T19:04:10.117248+00:00,2026-09-09T00:04:10.117248+05:00,,,,1,,,,,
2026-09-08T19:05:10.339502+00:00,2026-09-09T00:05:10.339502+05:00,,,,1,,,,,
2026-09-08T19:06:10.472923+00:00,2026-09-09T00:06:10.472923+05:00,0,0,,1,,,,,
2026-09-08T19:07:10.748802+00:00,2026-09-09T00:07:10.748802+05:00,,,,1,22,12,244,58,1
2026-09-08T19:08:10.483038+00:00,2026-09-09T00:08:10.483038+05:00,,,,1,,,,,
2026-09-08T19:09:10.448121+00:00,2026-09-09T00:09:10.448121+05:00,,,,1,,,,,
2026-09-08T19:10:10.494803+00:00,2026-09-09T00:10:10.494803+05:00,0,0,,1,,,,,
2026-09-08T19:11:10.519267+00:00,2026-09-09T00:11:10.519267+05:00,,,,1,,,,,
2026-09-08T19:12:10.743677+00:00,2026-09-09T00:12:10.743677+05:00,,,,1,22,14,244,59,1
2026-09-08T19:13:10.112358+00:00,2026-09-09T00:13:10.112358+05:00,,,,1,,,,,
2026-09-08T19:14:10.302869+00:00,2026-09-09T00:14:10.302869+05:00,0,0,,1,,,,,
2026-09-08T19:15:10.359999+00:00,2026-09-09T00:15:10.359999+05:00,,,,1,,,,,
2026-09-08T19:16:10.491410+00:00,2026-09-09T00:16:10.491410+05:00,,,,1,,,,,
2026-09-08T19:17:10.536945+00:00,2026-09-09T00:17:10.536945+05:00,,,,1,21,14,244,51,1
2026-09-08T19:18:13.568189+00:00,2026-09-09T00:18:13.568189+05:00,0,0,30.2,1,,,,,
2026-09-08T19:19:10.483175+00:00,2026-09-09T00:19:10.483175+05:00,,,,1,,,,,
2026-09-08T19:20:10.481879+00:00,2026-09-09T00:20:10.481879+05:00,,,,1,,,,,
2026-09-08T19:21:10.445880+00:00,2026-09-09T00:21:10.445880+05:00,,,,1,,,,,
2026-09-08T19:22:10.795103+00:00,2026-09-09T00:22:10.795103+05:00,0,0,,1,20,14,244,51,1
2026-09-08T19:23:10.547876+00:00,2026-09-09T00:23:10.547876+05:00,,,,1,,,,,
2026-09-08T19:24:10.258990+00:00,2026-09-09T00:24:10.258990+05:00,,,,1,,,,,
2026-09-08T19:25:10.108214+00:00,2026-09-09T00:25:10.108214+05:00,,,,1,,,,,
2026-09-08T19:26:11.006585+00:00,2026-09-09T00:26:11.006585+05:00,0,0,,1,,,,,
2026-09-08T19:27:10.649332+00:00,2026-09-09T00:27:10.649332+05:00,,,,1,18,14,244,51,0
2026-09-08T19:28:10.505294+00:00,2026-09-09T00:28:10.505294+05:00,,,,1,,,,,
2026-09-08T19:29:10.418737+00:00,2026-09-09T00:29:10.418737+05:00,,,,1,,,,,
2026-09-08T19:30:13.472707+00:00,2026-09-09T00:30:13.472707+05:00,0,0,,1,,,,,
2026-09-08T19:31:10.108936+00:00,2026-09-09T00:31:10.108936+05:00,,,,1,,,,,
2026-09-08T19:32:10.720821+00:00,2026-09-09T00:32:10.720821+05:00,,,,1,16,14,244,49,0
2026-09-08T19:33:10.467503+00:00,2026-09-09T00:33:10.467503+05:00,,,,1,,,,,
2026-09-08T19:34:10.452543+00:00,2026-09-09T00:34:10.452543+05:00,0,0,,1,,,,,
2026-09-08T19:35:10.447335+00:00,2026-09-09T00:35:10.447335+05:00,,,,1,,,,,
2026-09-08T19:36:10.444486+00:00,2026-09-09T00:36:10.444486+05:00,,,,1,,,,,
2026-09-08T19:37:10.756343+00:00,2026-09-09T00:37:10.756343+05:00,,,,1,19,14,244,47,0
2026-09-08T19:38:10.396008+00:00,2026-09-09T00:38:10.396008+05:00,0,0,,1,,,,,
2026-09-08T19:39:10.596165+00:00,2026-09-09T00:39:10.596165+05:00,,,,1,,,,,
2026-09-08T19:40:10.526227+00:00,2026-09-09T00:40:10.526227+05:00,,,,1,,,,,
2026-09-08T19:41:10.495928+00:00,2026-09-09T00:41:10.495928+05:00,,,,1,,,,,
2026-09-08T19:42:10.574695+00:00,2026-09-09T00:42:10.574695+05:00,0,0,,1,18,12,244,45,0
2026-09-08T19:43:10.403839+00:00,2026-09-09T00:43:10.403839+05:00,,,,1,,,,,
2026-09-08T19:44:10.233246+00:00,2026-09-09T00:44:10.233246+05:00,,,,1,,,,,
2026-09-08T19:45:10.382983+00:00,2026-09-09T00:45:10.382983+05:00,,,,1,,,,,
2026-09-08T19:46:13.429722+00:00,2026-09-09T00:46:13.429722+05:00,0,0,,1,,,,,
2026-09-08T19:47:10.680200+00:00,2026-09-09T00:47:10.680200+05:00,,,,1,20,11,244,41,0
2026-09-08T19:48:10.394249+00:00,2026-09-09T00:48:10.394249+05:00,,,,1,,,,,
2026-09-08T19:49:10.549925+00:00,2026-09-09T00:49:10.549925+05:00,,,,1,,,,,
2026-09-08T19:50:13.612594+00:00,2026-09-09T00:50:13.612594+05:00,0,0,,1,,,,,
2026-09-08T19:51:10.228527+00:00,2026-09-09T00:51:10.228527+05:00,,,,1,,,,,
2026-09-08T19:52:10.471961+00:00,2026-09-09T00:52:10.471961+05:00,,,,1,20,10,244,39,0
2026-09-08T19:53:10.108346+00:00,2026-09-09T00:53:10.108346+05:00,,,,1,,,,,
2026-09-08T19:54:10.454986+00:00,2026-09-09T00:54:10.454986+05:00,0,0,,1,,,,,
2026-09-08T19:55:10.393876+00:00,2026-09-09T00:55:10.393876+05:00,,,,1,,,,,
2026-09-08T19:56:10.375239+00:00,2026-09-09T00:56:10.375239+05:00,,,,1,,,,,
2026-09-08T19:57:10.649527+00:00,2026-09-09T00:57:10.649527+05:00,,,,1,22,10,244,40,0
2026-09-08T19:58:13.655544+00:00,2026-09-09T00:58:13.655544+05:00,0,0,,1,,,,,
2026-09-08T19:59:10.464145+00:00,2026-09-09T00:59:10.464145+05:00,,,,1,,,,,
2026-09-08T20:00:10.213383+00:00,2026-09-09T01:00:10.213383+05:00,,,,1,,,,,
2026-09-08T20:01:10.244713+00:00,2026-09-09T01:01:10.244713+05:00,,,,1,,,,,
2026-09-08T20:02:13.460794+00:00,2026-09-09T01:02:13.460794+05:00,0,0,,1,23,10,244,40,0
2026-09-08T20:03:10.109046+00:00,2026-09-09T01:03:10.109046+05:00,,,,1,,,,,
2026-09-08T20:04:10.427813+00:00,2026-09-09T01:04:10.427813+05:00,,,,1,,,,,
2026-09-08T20:05:10.490450+00:00,2026-09-09T01:05:10.490450+05:00,,,,1,,,,,
2026-09-08T20:06:10.478587+00:00,2026-09-09T01:06:10.478587+05:00,0,0,,1,,,,,
2026-09-08T20:07:10.405825+00:00,2026-09-09T01:07:10.405825+05:00,,,,1,24,10,244,41,0
2026-09-08T20:08:10.468943+00:00,2026-09-09T01:08:10.468943+05:00,,,,1,,,,,
2026-09-08T20:09:10.476311+00:00,2026-09-09T01:09:10.476311+05:00,,,,1,,,,,
2026-09-08T20:10:13.410032+00:00,2026-09-09T01:10:13.410032+05:00,0,0,,1,,,,,
2026-09-08T20:11:10.456323+00:00,2026-09-09T01:11:10.456323+05:00,,,,1,,,,,
2026-09-08T20:12:10.537638+00:00,2026-09-09T01:12:10.537638+05:00,,,,1,24,9,245,41,0
2026-09-08T20:13:10.440433+00:00,2026-09-09T01:13:10.440433+05:00,,,,1,,,,,
2026-09-08T20:14:25.444105+00:00,2026-09-09T01:14:25.444105+05:00,0,0,,1,,,,,
2026-09-08T20:15:10.414652+00:00,2026-09-09T01:15:10.414652+05:00,,,,1,,,,,
2026-09-08T20:16:10.547504+00:00,2026-09-09T01:16:10.547504+05:00,,,,1,,,,,
2026-09-08T20:17:10.632258+00:00,2026-09-09T01:17:10.632258+05:00,,,,1,25,9,244,37,0
2026-09-08T20:18:10.468653+00:00,2026-09-09T01:18:10.468653+05:00,0,0,,1,,,,,
2026-09-08T20:19:10.398708+00:00,2026-09-09T01:19:10.398708+05:00,,,,1,,,,,
2026-09-08T20:20:10.450692+00:00,2026-09-09T01:20:10.450692+05:00,,,,1,,,,,
2026-09-08T20:21:10.113409+00:00,2026-09-09T01:21:10.113409+05:00,,,,1,,,,,
2026-09-08T20:22:10.799440+00:00,2026-09-09T01:22:10.799440+05:00,0,0,,1,24,8,244,36,0
2026-09-08T20:23:10.548049+00:00,2026-09-09T01:23:10.548049+05:00,,,,1,,,,,
2026-09-08T20:24:10.520716+00:00,2026-09-09T01:24:10.520716+05:00,,,,1,,,,,
2026-09-08T20:25:10.109317+00:00,2026-09-09T01:25:10.109317+05:00,,,,1,,,,,
2026-09-08T20:26:10.302768+00:00,2026-09-09T01:26:10.302768+05:00,0,0,,1,,,,,
2026-09-08T20:27:10.610502+00:00,2026-09-09T01:27:10.610502+05:00,,,,1,22,8,243,36,0
2026-09-08T20:28:10.402524+00:00,2026-09-09T01:28:10.402524+05:00,,,,1,,,,,
2026-09-08T20:29:10.107143+00:00,2026-09-09T01:29:10.107143+05:00,,,,1,,,,,
2026-09-08T20:30:10.414821+00:00,2026-09-09T01:30:10.414821+05:00,0,0,,1,,,,,
2026-09-08T20:31:10.471742+00:00,2026-09-09T01:31:10.471742+05:00,,,,1,,,,,
2026-09-08T20:32:10.536342+00:00,2026-09-09T01:32:10.536342+05:00,,,,1,22,8,243,34,0
2026-09-08T20:33:10.444136+00:00,2026-09-09T01:33:10.444136+05:00,,,,1,,,,,
2026-09-08T20:34:10.497288+00:00,2026-09-09T01:34:10.497288+05:00,0,0,,1,,,,,
2026-09-08T20:35:10.112786+00:00,2026-09-09T01:35:10.112786+05:00,,,,1,,,,,
2026-09-08T20:36:10.415770+00:00,2026-09-09T01:36:10.415770+05:00,,,,1,,,,,
2026-09-08T20:37:10.608300+00:00,2026-09-09T01:37:10.608300+05:00,,,,1,21,8,243,29,0
2026-09-08T20:38:10.559696+00:00,2026-09-09T01:38:10.559696+05:00,0,0,,1,,,,,
2026-09-08T20:39:10.368047+00:00,2026-09-09T01:39:10.368047+05:00,,,,1,,,,,
2026-09-08T20:40:10.439807+00:00,2026-09-09T01:40:10.439807+05:00,,,,1,,,,,
2026-09-08T20:41:10.274910+00:00,2026-09-09T01:41:10.274910+05:00,,,,1,,,,,
2026-09-08T20:42:10.491909+00:00,2026-09-09T01:42:10.491909+05:00,0,0,21.7,1,21,9,243,27,0
2026-09-08T20:43:10.218068+00:00,2026-09-09T01:43:10.218068+05:00,,,,1,,,,,
2026-09-08T20:44:10.447999+00:00,2026-09-09T01:44:10.447999+05:00,,,,1,,,,,
2026-09-08T20:45:10.399710+00:00,2026-09-09T01:45:10.399710+05:00,,,,1,,,,,
2026-09-08T20:46:10.431290+00:00,2026-09-09T01:46:10.431290+05:00,0,0,,1,,,,,
2026-09-08T20:47:10.409185+00:00,2026-09-09T01:47:10.409185+05:00,,,,1,21,9,243,24,0
2026-09-08T20:48:10.403287+00:00,2026-09-09T01:48:10.403287+05:00,,,,1,,,,,
2026-09-08T20:49:10.373568+00:00,2026-09-09T01:49:10.373568+05:00,,,,1,,,,,
2026-09-08T20:50:10.378099+00:00,2026-09-09T01:50:10.378099+05:00,0,0,,1,,,,,
2026-09-08T20:51:10.206171+00:00,2026-09-09T01:51:10.206171+05:00,,,,1,,,,,
2026-09-08T20:52:10.564269+00:00,2026-09-09T01:52:10.564269+05:00,,,,1,20,9,243,23,0
2026-09-08T20:53:10.227985+00:00,2026-09-09T01:53:10.227985+05:00,,,,1,,,,,
2026-09-08T20:54:13.506431+00:00,2026-09-09T01:54:13.506431+05:00,0,0,,1,,,,,
2026-09-08T20:55:10.224506+00:00,2026-09-09T01:55:10.224506+05:00,,,,1,,,,,
2026-09-08T20:56:10.370136+00:00,2026-09-09T01:56:10.370136+05:00,,,,1,,,,,
2026-09-08T20:57:10.437950+00:00,2026-09-09T01:57:10.437950+05:00,,,,1,20,8,243,23,0
2026-09-08T20:58:13.798364+00:00,2026-09-09T01:58:13.798364+05:00,0,0,,1,,,,,
2026-09-08T20:59:10.519777+00:00,2026-09-09T01:59:10.519777+05:00,,,,1,,,,,
2026-09-08T21:00:10.108069+00:00,2026-09-09T02:00:10.108069+05:00,,,,1,,,,,
2026-09-08T21:01:10.500135+00:00,2026-09-09T02:01:10.500135+05:00,,,,1,,,,,
2026-09-08T21:02:13.532250+00:00,2026-09-09T02:02:13.532250+05:00,0,0,,1,21,8,243,22,0
2026-09-08T21:03:10.426674+00:00,2026-09-09T02:03:10.426674+05:00,,,,1,,,,,
2026-09-08T21:04:10.371447+00:00,2026-09-09T02:04:10.371447+05:00,,,,1,,,,,
2026-09-08T21:05:10.413718+00:00,2026-09-09T02:05:10.413718+05:00,,,,1,,,,,
2026-09-08T21:06:10.438189+00:00,2026-09-09T02:06:10.438189+05:00,0,0,,1,,,,,
2026-09-08T21:07:10.586432+00:00,2026-09-09T02:07:10.586432+05:00,,,,1,21,8,243,20,0
2026-09-08T21:08:10.407362+00:00,2026-09-09T02:08:10.407362+05:00,,,,1,,,,,
2026-09-08T21:09:10.505988+00:00,2026-09-09T02:09:10.505988+05:00,,,,1,,,,,
2026-09-08T21:10:10.424247+00:00,2026-09-09T02:10:10.424247+05:00,0,0,,1,,,,,
2026-09-08T21:11:10.458122+00:00,2026-09-09T02:11:10.458122+05:00,,,,1,,,,,
2026-09-08T21:12:47.869794+00:00,2026-09-09T02:12:47.869794+05:00,0,0,,1,20,8,243,19,0
2026-09-08T21:13:29.395991+00:00,2026-09-09T02:13:29.395991+05:00,,,,1,,,,,
2026-09-08T21:14:29.353371+00:00,2026-09-09T02:14:29.353371+05:00,,,,1,,,,,
2026-09-08T21:15:29.232873+00:00,2026-09-09T02:15:29.232873+05:00,,,,1,,,,,
2026-09-08T21:16:29.274904+00:00,2026-09-09T02:16:29.274904+05:00,0,0,,1,,,,,
2026-09-08T21:17:29.514456+00:00,2026-09-09T02:17:29.514456+05:00,,,,1,18,8,243,18,0
2026-09-08T21:18:29.380661+00:00,2026-09-09T02:18:29.380661+05:00,,,,1,,,,,
2026-09-08T21:19:29.367222+00:00,2026-09-09T02:19:29.367222+05:00,,,,1,,,,,
2026-09-08T21:20:29.379653+00:00,2026-09-09T02:20:29.379653+05:00,0,0,,1,,,,,
2026-09-08T21:21:29.382860+00:00,2026-09-09T02:21:29.382860+05:00,,,,1,,,,,
2026-09-08T21:22:29.642749+00:00,2026-09-09T02:22:29.642749+05:00,,,,1,17,8,243,18,0
2026-09-08T21:23:29.197945+00:00,2026-09-09T02:23:29.197945+05:00,,,,1,,,,,
2026-09-08T21:24:32.399919+00:00,2026-09-09T02:24:32.399919+05:00,0,0,,1,,,,,
2026-09-08T21:25:29.207672+00:00,2026-09-09T02:25:29.207672+05:00,,,,1,,,,,
2026-09-08T21:26:29.442698+00:00,2026-09-09T02:26:29.442698+05:00,,,,1,,,,,
2026-09-08T21:27:29.529210+00:00,2026-09-09T02:27:29.529210+05:00,,,,1,15,7,243,18,0
2026-09-08T21:28:30.811468+00:00,2026-09-09T02:28:30.811468+05:00,0,0,,1,,,,,
2026-09-08T21:29:29.193796+00:00,2026-09-09T02:29:29.193796+05:00,,,,1,,,,,
2026-09-08T21:30:29.198092+00:00,2026-09-09T02:30:29.198092+05:00,,,,1,,,,,
2026-09-08T21:31:29.370309+00:00,2026-09-09T02:31:29.370309+05:00,,,,1,,,,,
2026-09-08T21:32:32.444593+00:00,2026-09-09T02:32:32.444593+05:00,0,0,,1,14,7,243,15,0
2026-09-08T21:33:29.304435+00:00,2026-09-09T02:33:29.304435+05:00,,,,1,,,,,
2026-09-08T21:34:29.326170+00:00,2026-09-09T02:34:29.326170+05:00,,,,1,,,,,
2026-09-08T21:35:29.196412+00:00,2026-09-09T02:35:29.196412+05:00,,,,1,,,,,
2026-09-08T21:36:32.626266+00:00,2026-09-09T02:36:32.626266+05:00,0,0,,1,,,,,
2026-09-08T21:37:29.388018+00:00,2026-09-09T02:37:29.388018+05:00,,,,1,15,7,243,13,0
2026-09-08T21:38:29.187323+00:00,2026-09-09T02:38:29.187323+05:00,,,,1,,,,,
2026-09-08T21:39:29.355497+00:00,2026-09-09T02:39:29.355497+05:00,,,,1,,,,,
2026-09-08T21:40:29.497818+00:00,2026-09-09T02:40:29.497818+05:00,0,0,,1,,,,,
2026-09-08T21:41:29.106417+00:00,2026-09-09T02:41:29.106417+05:00,,,,1,,,,,
2026-09-08T21:42:29.607520+00:00,2026-09-09T02:42:29.607520+05:00,,,,1,15,7,243,11,0
2026-09-08T21:43:29.432216+00:00,2026-09-09T02:43:29.432216+05:00,,,,1,,,,,
2026-09-08T21:44:32.409877+00:00,2026-09-09T02:44:32.409877+05:00,0,0,,1,,,,,
2026-09-08T21:45:29.347892+00:00,2026-09-09T02:45:29.347892+05:00,,,,1,,,,,
2026-09-08T21:46:29.432727+00:00,2026-09-09T02:46:29.432727+05:00,,,,1,,,,,
2026-09-08T21:47:29.523587+00:00,2026-09-09T02:47:29.523587+05:00,,,,1,12,7,243,11,0
2026-09-08T21:48:29.443893+00:00,2026-09-09T02:48:29.443893+05:00,0,0,,1,,,,,
2026-09-08T21:49:29.413874+00:00,2026-09-09T02:49:29.413874+05:00,,,,1,,,,,
2026-09-08T21:50:29.448328+00:00,2026-09-09T02:50:29.448328+05:00,,,,1,,,,,
2026-09-08T21:51:29.404947+00:00,2026-09-09T02:51:29.404947+05:00,,,,1,,,,,
2026-09-08T21:52:29.622934+00:00,2026-09-09T02:52:29.622934+05:00,0,0,,1,12,6,243,10,0
2026-09-08T21:53:29.206277+00:00,2026-09-09T02:53:29.206277+05:00,,,,1,,,,,
2026-09-08T21:54:29.389838+00:00,2026-09-09T02:54:29.389838+05:00,,,,1,,,,,
2026-09-08T21:55:29.443320+00:00,2026-09-09T02:55:29.443320+05:00,,,,1,,,,,
2026-09-08T21:56:44.276398+00:00,2026-09-09T02:56:44.276398+05:00,0,0,20.2,1,,,,,
2026-09-08T21:57:29.559852+00:00,2026-09-09T02:57:29.559852+05:00,,,,1,12,6,243,9,0
2026-09-08T21:58:29.398007+00:00,2026-09-09T02:58:29.398007+05:00,,,,1,,,,,
2026-09-08T21:59:29.399863+00:00,2026-09-09T02:59:29.399863+05:00,,,,1,,,,,
2026-09-08T22:00:29.436219+00:00,2026-09-09T03:00:29.436219+05:00,0,0,,1,,,,,
2026-09-08T22:01:29.391730+00:00,2026-09-09T03:01:29.391730+05:00,,,,1,,,,,
2026-09-08T22:02:29.385926+00:00,2026-09-09T03:02:29.385926+05:00,,,,1,11,4,243,8,0
2026-09-08T22:03:29.280931+00:00,2026-09-09T03:03:29.280931+05:00,,,,1,,,,,
2026-09-08T22:04:32.345300+00:00,2026-09-09T03:04:32.345300+05:00,0,0,,1,,,,,
2026-09-08T22:05:29.445331+00:00,2026-09-09T03:05:29.445331+05:00,,,,1,,,,,
2026-09-08T22:06:29.103258+00:00,2026-09-09T03:06:29.103258+05:00,,,,1,,,,,
2026-09-08T22:07:29.505088+00:00,2026-09-09T03:07:29.505088+05:00,,,,1,10,4,243,8,0
2026-09-08T22:08:32.450181+00:00,2026-09-09T03:08:32.450181+05:00,0,0,,1,,,,,
2026-09-08T22:09:29.451640+00:00,2026-09-09T03:09:29.451640+05:00,,,,1,,,,,
2026-09-08T22:10:29.295423+00:00,2026-09-09T03:10:29.295423+05:00,,,,1,,,,,
2026-09-08T22:11:29.514866+00:00,2026-09-09T03:11:29.514866+05:00,,,,1,,,,,
2026-09-08T22:12:29.555807+00:00,2026-09-09T03:12:29.555807+05:00,0,0,,1,9,1,243,8,0
2026-09-08T22:13:29.358726+00:00,2026-09-09T03:13:29.358726+05:00,,,,1,,,,,
2026-09-08T22:14:29.455142+00:00,2026-09-09T03:14:29.455142+05:00,,,,1,,,,,
2026-09-08T22:15:29.344460+00:00,2026-09-09T03:15:29.344460+05:00,,,,1,,,,,
2026-09-08T22:16:29.403945+00:00,2026-09-09T03:16:29.403945+05:00,0,0,,1,,,,,
2026-09-08T22:17:29.358791+00:00,2026-09-09T03:17:29.358791+05:00,,,,1,9,1,243,5,0
2026-09-08T22:18:29.279235+00:00,2026-09-09T03:18:29.279235+05:00,,,,1,,,,,
2026-09-08T22:19:29.404587+00:00,2026-09-09T03:19:29.404587+05:00,,,,1,,,,,
2026-09-08T22:20:32.369736+00:00,2026-09-09T03:20:32.369736+05:00,0,0,,1,,,,,
2026-09-08T22:21:29.192811+00:00,2026-09-09T03:21:29.192811+05:00,,,,1,,,,,
2026-09-08T22:22:29.566266+00:00,2026-09-09T03:22:29.566266+05:00,,,,1,10,1,243,5,0
2026-09-08T22:23:29.377695+00:00,2026-09-09T03:23:29.377695+05:00,,,,1,,,,,
2026-09-08T22:24:29.396193+00:00,2026-09-09T03:24:29.396193+05:00,0,0,,1,,,,,
2026-09-08T22:25:29.366780+00:00,2026-09-09T03:25:29.366780+05:00,,,,1,,,,,
2026-09-08T22:26:29.392436+00:00,2026-09-09T03:26:29.392436+05:00,,,,1,,,,,
2026-09-08T22:27:29.451462+00:00,2026-09-09T03:27:29.451462+05:00,,,,1,10,1,244,5,0
2026-09-08T22:28:32.395709+00:00,2026-09-09T03:28:32.395709+05:00,0,0,,1,,,,,
2026-09-08T22:29:29.102571+00:00,2026-09-09T03:29:29.102571+05:00,,,,1,,,,,
2026-09-08T22:30:29.453938+00:00,2026-09-09T03:30:29.453938+05:00,,,,1,,,,,
2026-09-08T22:31:29.397846+00:00,2026-09-09T03:31:29.397846+05:00,,,,1,,,,,
2026-09-08T22:32:29.514023+00:00,2026-09-09T03:32:29.514023+05:00,0,0,,1,9,1,244,4,0
2026-09-08T22:33:29.315561+00:00,2026-09-09T03:33:29.315561+05:00,,,,1,,,,,
2026-09-08T22:34:29.452673+00:00,2026-09-09T03:34:29.452673+05:00,,,,1,,,,,
2026-09-08T22:35:29.459168+00:00,2026-09-09T03:35:29.459168+05:00,,,,1,,,,,
2026-09-08T22:36:29.338925+00:00,2026-09-09T03:36:29.338925+05:00,0,0,,1,,,,,
2026-09-08T22:37:29.496194+00:00,2026-09-09T03:37:29.496194+05:00,,,,1,8,2,244,4,0
2026-09-08T22:38:29.402295+00:00,2026-09-09T03:38:29.402295+05:00,,,,1,,,,,
2026-09-08T22:39:29.193975+00:00,2026-09-09T03:39:29.193975+05:00,,,,1,,,,,
2026-09-08T22:40:32.495611+00:00,2026-09-09T03:40:32.495611+05:00,0,0,,1,,,,,
2026-09-08T22:41:29.350260+00:00,2026-09-09T03:41:29.350260+05:00,,,,1,,,,,
2026-09-08T22:42:29.444680+00:00,2026-09-09T03:42:29.444680+05:00,,,,1,7,2,244,4,0
2026-09-08T22:43:29.364097+00:00,2026-09-09T03:43:29.364097+05:00,,,,1,,,,,
2026-09-08T22:44:29.335368+00:00,2026-09-09T03:44:29.335368+05:00,0,0,,1,,,,,
2026-09-08T22:45:29.099180+00:00,2026-09-09T03:45:29.099180+05:00,,,,1,,,,,
2026-09-08T22:46:29.408238+00:00,2026-09-09T03:46:29.408238+05:00,,,,1,,,,,
2026-09-08T22:47:29.389761+00:00,2026-09-09T03:47:29.389761+05:00,,,,1,7,2,244,4,0
2026-09-08T22:48:29.453011+00:00,2026-09-09T03:48:29.453011+05:00,0,0,,1,,,,,
2026-09-08T22:49:29.416707+00:00,2026-09-09T03:49:29.416707+05:00,,,,1,,,,,
2026-09-08T22:50:29.443139+00:00,2026-09-09T03:50:29.443139+05:00,,,,1,,,,,
2026-09-08T22:51:29.359561+00:00,2026-09-09T03:51:29.359561+05:00,,,,1,,,,,
2026-09-08T22:52:29.735925+00:00,2026-09-09T03:52:29.735925+05:00,0,0,,1,7,2,244,4,0
2026-09-08T22:53:29.545253+00:00,2026-09-09T03:53:29.545253+05:00,,,,1,,,,,
2026-09-08T22:54:29.401082+00:00,2026-09-09T03:54:29.401082+05:00,,,,1,,,,,
2026-09-08T22:55:29.196738+00:00,2026-09-09T03:55:29.196738+05:00,,,,1,,,,,
2026-09-08T22:56:29.368354+00:00,2026-09-09T03:56:29.368354+05:00,0,0,,1,,,,,
2026-09-08T22:57:29.488401+00:00,2026-09-09T03:57:29.488401+05:00,,,,1,7,2,244,2,0
2026-09-08T22:58:29.192001+00:00,2026-09-09T03:58:29.192001+05:00,,,,1,,,,,
2026-09-08T22:59:29.332665+00:00,2026-09-09T03:59:29.332665+05:00,,,,1,,,,,
2026-09-08T23:00:29.256869+00:00,2026-09-09T04:00:29.256869+05:00,0,0,,1,,,,,
2026-09-08T23:01:29.205182+00:00,2026-09-09T04:01:29.205182+05:00,,,,1,,,,,
2026-09-08T23:02:29.522242+00:00,2026-09-09T04:02:29.522242+05:00,,,,1,7,2,244,2,0
2026-09-08T23:03:29.203548+00:00,2026-09-09T04:03:29.203548+05:00,,,,1,,,,,
2026-09-08T23:04:29.353124+00:00,2026-09-09T04:04:29.353124+05:00,0,0,,1,,,,,
2026-09-08T23:05:29.212261+00:00,2026-09-09T04:05:29.212261+05:00,,,,1,,,,,
2026-09-08T23:06:29.271838+00:00,2026-09-09T04:06:29.271838+05:00,,,,1,,,,,
2026-09-08T23:07:29.444420+00:00,2026-09-09T04:07:29.444420+05:00,,,,1,5,2,244,2,0
2026-09-08T23:08:29.288585+00:00,2026-09-09T04:08:29.288585+05:00,0,0,,1,,,,,
2026-09-08T23:09:29.196502+00:00,2026-09-09T04:09:29.196502+05:00,,,,1,,,,,
2026-09-08T23:10:29.427706+00:00,2026-09-09T04:10:29.427706+05:00,,,,1,,,,,
2026-09-08T23:11:29.350654+00:00,2026-09-09T04:11:29.350654+05:00,,,,1,,,,,
2026-09-08T23:12:32.520393+00:00,2026-09-09T04:12:32.520393+05:00,0,0,,1,6,2,244,2,0
2026-09-08T23:13:29.441179+00:00,2026-09-09T04:13:29.441179+05:00,,,,1,,,,,
2026-09-08T23:14:29.190858+00:00,2026-09-09T04:14:29.190858+05:00,,,,1,,,,,
2026-09-08T23:15:29.362386+00:00,2026-09-09T04:15:29.362386+05:00,,,,1,,,,,
2026-09-08T23:16:44.761592+00:00,2026-09-09T04:16:44.761592+05:00,0,0,,1,,,,,
2026-09-08T23:17:29.392911+00:00,2026-09-09T04:17:29.392911+05:00,,,,1,6,2,244,2,0
2026-09-08T23:18:29.355413+00:00,2026-09-09T04:18:29.355413+05:00,,,,1,,,,,
2026-09-08T23:19:29.356524+00:00,2026-09-09T04:19:29.356524+05:00,,,,1,,,,,
2026-09-08T23:20:29.353623+00:00,2026-09-09T04:20:29.353623+05:00,0,0,18.7,1,,,,,
2026-09-08T23:21:29.331116+00:00,2026-09-09T04:21:29.331116+05:00,,,,1,,,,,
2026-09-08T23:22:29.551772+00:00,2026-09-09T04:22:29.551772+05:00,,,,1,6,2,244,1,0
2026-09-08T23:23:29.333860+00:00,2026-09-09T04:23:29.333860+05:00,,,,1,,,,,
2026-09-08T23:24:29.535118+00:00,2026-09-09T04:24:29.535118+05:00,0,0,,1,,,,,
2026-09-08T23:25:29.198672+00:00,2026-09-09T04:25:29.198672+05:00,,,,1,,,,,
2026-09-08T23:26:29.101026+00:00,2026-09-09T04:26:29.101026+05:00,,,,1,,,,,
2026-09-08T23:27:29.448956+00:00,2026-09-09T04:27:29.448956+05:00,,,,1,5,3,244,0,0
2026-09-08T23:28:29.431403+00:00,2026-09-09T04:28:29.431403+05:00,0,0,,1,,,,,
2026-09-08T23:29:29.191367+00:00,2026-09-09T04:29:29.191367+05:00,,,,1,,,,,
2026-09-08T23:30:29.276299+00:00,2026-09-09T04:30:29.276299+05:00,,,,1,,,,,
2026-09-08T23:31:29.372546+00:00,2026-09-09T04:31:29.372546+05:00,,,,1,,,,,
2026-09-08T23:32:29.371858+00:00,2026-09-09T04:32:29.371858+05:00,0,0,20.0,1,4,3,244,0,0
2026-09-08T23:33:30.360271+00:00,2026-09-09T04:33:30.360271+05:00,,,,1,,,,,
2026-09-08T23:34:29.348206+00:00,2026-09-09T04:34:29.348206+05:00,,,,1,,,,,
2026-09-08T23:35:29.195810+00:00,2026-09-09T04:35:29.195810+05:00,,,,1,,,,,
2026-09-08T23:36:32.545851+00:00,2026-09-09T04:36:32.545851+05:00,0,0,,1,,,,,
2026-09-08T23:37:29.526297+00:00,2026-09-09T04:37:29.526297+05:00,,,,1,4,3,243,0,0
2026-09-08T23:38:29.197906+00:00,2026-09-09T04:38:29.197906+05:00,,,,1,,,,,
2026-09-08T23:39:29.410944+00:00,2026-09-09T04:39:29.410944+05:00,,,,1,,,,,
2026-09-08T23:40:29.268212+00:00,2026-09-09T04:40:29.268212+05:00,0,0,,1,,,,,
2026-09-08T23:41:29.392850+00:00,2026-09-09T04:41:29.392850+05:00,,,,1,,,,,
2026-09-08T23:42:29.450528+00:00,2026-09-09T04:42:29.450528+05:00,,,,1,4,2,243,0,0
2026-09-08T23:43:29.318859+00:00,2026-09-09T04:43:29.318859+05:00,,,,1,,,,,
2026-09-08T23:44:44.362340+00:00,2026-09-09T04:44:44.362340+05:00,0,0,,1,,,,,
2026-09-08T23:45:29.396737+00:00,2026-09-09T04:45:29.396737+05:00,,,,1,,,,,
2026-09-08T23:46:29.401423+00:00,2026-09-09T04:46:29.401423+05:00,,,,1,,,,,
2026-09-08T23:47:29.497027+00:00,2026-09-09T04:47:29.497027+05:00,,,,1,6,2,243,0,0
2026-09-08T23:48:32.333667+00:00,2026-09-09T04:48:32.333667+05:00,0,0,,1,,,,,
2026-09-08T23:49:29.200525+00:00,2026-09-09T04:49:29.200525+05:00,,,,1,,,,,
2026-09-08T23:50:29.192718+00:00,2026-09-09T04:50:29.192718+05:00,,,,1,,,,,
2026-09-08T23:51:29.375042+00:00,2026-09-09T04:51:29.375042+05:00,,,,1,,,,,
2026-09-08T23:52:29.539906+00:00,2026-09-09T04:52:29.539906+05:00,0,0,,1,5,2,243,0,0
2026-09-08T23:53:29.396064+00:00,2026-09-09T04:53:29.396064+05:00,,,,1,,,,,
2026-09-08T23:54:29.290357+00:00,2026-09-09T04:54:29.290357+05:00,,,,1,,,,,
2026-09-08T23:55:29.373639+00:00,2026-09-09T04:55:29.373639+05:00,,,,1,,,,,
2026-09-08T23:56:29.355408+00:00,2026-09-09T04:56:29.355408+05:00,0,0,,1,,,,,
2026-09-08T23:57:29.539846+00:00,2026-09-09T04:57:29.539846+05:00,,,,1,5,2,243,0,0
2026-09-08T23:58:29.359685+00:00,2026-09-09T04:58:29.359685+05:00,,,,1,,,,,
2026-09-08T23:59:29.375414+00:00,2026-09-09T04:59:29.375414+05:00,,,,1,,,,,
2026-09-09T00:00:32.472640+00:00,2026-09-09T05:00:32.472640+05:00,0,0,,1,,,,,
2026-09-09T00:01:29.203467+00:00,2026-09-09T05:01:29.203467+05:00,,,,1,,,,,
2026-09-09T00:02:29.389624+00:00,2026-09-09T05:02:29.389624+05:00,,,,1,5,2,243,0,1
2026-09-09T00:03:29.379281+00:00,2026-09-09T05:03:29.379281+05:00,,,,1,,,,,
2026-09-09T00:04:29.274505+00:00,2026-09-09T05:04:29.274505+05:00,0,0,,1,,,,,
2026-09-09T00:05:29.233950+00:00,2026-09-09T05:05:29.233950+05:00,,,,1,,,,,
2026-09-09T00:06:29.192106+00:00,2026-09-09T05:06:29.192106+05:00,,,,1,,,,,
2026-09-09T00:07:29.361146+00:00,2026-09-09T05:07:29.361146+05:00,,,,1,5,2,243,0,1
2026-09-09T00:08:44.375769+00:00,2026-09-09T05:08:44.375769+05:00,0,0,,1,,,,,
2026-09-09T00:09:29.365319+00:00,2026-09-09T05:09:29.365319+05:00,,,,1,,,,,
2026-09-09T00:10:29.368354+00:00,2026-09-09T05:10:29.368354+05:00,,,,1,,,,,
2026-09-09T00:11:29.194256+00:00,2026-09-09T05:11:29.194256+05:00,,,,1,,,,,
2026-09-09T00:12:29.347900+00:00,2026-09-09T05:12:29.347900+05:00,0,0,,1,5,2,233,0,1
2026-09-09T00:13:29.400345+00:00,2026-09-09T05:13:29.400345+05:00,,,,1,,,,,
2026-09-09T00:14:29.327146+00:00,2026-09-09T05:14:29.327146+05:00,,,,1,,,,,
2026-09-09T00:15:29.329168+00:00,2026-09-09T05:15:29.329168+05:00,,,,1,,,,,
2026-09-09T00:16:29.738077+00:00,2026-09-09T05:16:29.738077+05:00,0,0,,1,,,,,
2026-09-09T00:17:29.603091+00:00,2026-09-09T05:17:29.603091+05:00,,,,1,6,2,233,0,1
2026-09-09T00:18:29.389579+00:00,2026-09-09T05:18:29.389579+05:00,,,,1,,,,,
2026-09-09T00:19:29.385927+00:00,2026-09-09T05:19:29.385927+05:00,,,,1,,,,,
2026-09-09T00:20:32.418256+00:00,2026-09-09T05:20:32.418256+05:00,0,0,,1,,,,,
2026-09-09T00:21:29.327752+00:00,2026-09-09T05:21:29.327752+05:00,,,,1,,,,,
2026-09-09T00:22:29.625230+00:00,2026-09-09T05:22:29.625230+05:00,,,,1,6,2,233,0,1
2026-09-09T00:23:29.204240+00:00,2026-09-09T05:23:29.204240+05:00,,,,1,,,,,
2026-09-09T00:24:32.524535+00:00,2026-09-09T05:24:32.524535+05:00,0,0,,1,,,,,
2026-09-09T00:25:29.359686+00:00,2026-09-09T05:25:29.359686+05:00,,,,1,,,,,
2026-09-09T00:26:29.445651+00:00,2026-09-09T05:26:29.445651+05:00,,,,1,,,,,
2026-09-09T00:27:29.606612+00:00,2026-09-09T05:27:29.606612+05:00,,,,1,7,2,233,0,1
2026-09-09T00:28:29.273672+00:00,2026-09-09T05:28:29.273672+05:00,0,0,,1,,,,,
2026-09-09T00:29:29.384389+00:00,2026-09-09T05:29:29.384389+05:00,,,,1,,,,,
2026-09-09T00:30:29.360744+00:00,2026-09-09T05:30:29.360744+05:00,,,,1,,,,,
2026-09-09T00:31:29.436205+00:00,2026-09-09T05:31:29.436205+05:00,,,,1,,,,,
2026-09-09T00:32:29.633306+00:00,2026-09-09T05:32:29.633306+05:00,0,0,,1,7,2,233,0,1
2026-09-09T00:33:29.373366+00:00,2026-09-09T05:33:29.373366+05:00,,,,1,,,,,
2026-09-09T00:34:29.399723+00:00,2026-09-09T05:34:29.399723+05:00,,,,1,,,,,
2026-09-09T00:35:29.449161+00:00,2026-09-09T05:35:29.449161+05:00,,,,1,,,,,
2026-09-09T00:36:29.430444+00:00,2026-09-09T05:36:29.430444+05:00,0,0,,1,,,,,
2026-09-09T00:37:29.576114+00:00,2026-09-09T05:37:29.576114+05:00,,,,1,7,3,233,0,1
2026-09-09T00:38:29.383050+00:00,2026-09-09T05:38:29.383050+05:00,,,,1,,,,,
2026-09-09T00:39:29.327297+00:00,2026-09-09T05:39:29.327297+05:00,,,,1,,,,,
2026-09-09T00:40:29.426925+00:00,2026-09-09T05:40:29.426925+05:00,0,0,,1,,,,,
2026-09-09T00:41:29.476187+00:00,2026-09-09T05:41:29.476187+05:00,,,,1,,,,,
2026-09-09T00:42:29.485839+00:00,2026-09-09T05:42:29.485839+05:00,,,,1,6,3,233,0,1
2026-09-09T00:43:29.197307+00:00,2026-09-09T05:43:29.197307+05:00,,,,1,,,,,
2026-09-09T00:44:29.391200+00:00,2026-09-09T05:44:29.391200+05:00,0,0,,1,,,,,
2026-09-09T00:45:29.193179+00:00,2026-09-09T05:45:29.193179+05:00,,,,1,,,,,
2026-09-09T00:46:29.189244+00:00,2026-09-09T05:46:29.189244+05:00,,,,1,,,,,
2026-09-09T00:47:29.611828+00:00,2026-09-09T05:47:29.611828+05:00,,,,1,6,3,233,0,1
2026-09-09T00:48:32.464236+00:00,2026-09-09T05:48:32.464236+05:00,0,0,,1,,,,,
2026-09-09T00:49:29.439855+00:00,2026-09-09T05:49:29.439855+05:00,,,,1,,,,,
2026-09-09T00:50:29.400512+00:00,2026-09-09T05:50:29.400512+05:00,,,,1,,,,,
2026-09-09T00:51:29.373618+00:00,2026-09-09T05:51:29.373618+05:00,,,,1,,,,,
2026-09-09T00:52:29.360092+00:00,2026-09-09T05:52:29.360092+05:00,0,0,,1,6,3,233,0,1
2026-09-09T00:53:29.277416+00:00,2026-09-09T05:53:29.277416+05:00,,,,1,,,,,
2026-09-09T00:54:29.325975+00:00,2026-09-09T05:54:29.325975+05:00,,,,1,,,,,
2026-09-09T00:55:29.401583+00:00,2026-09-09T05:55:29.401583+05:00,,,,1,,,,,
2026-09-09T00:56:32.979165+00:00,2026-09-09T05:56:32.979165+05:00,0,0,,1,,,,,
2026-09-09T00:57:29.567484+00:00,2026-09-09T05:57:29.567484+05:00,,,,1,7,3,233,0,1
2026-09-09T00:58:29.209701+00:00,2026-09-09T05:58:29.209701+05:00,,,,1,,,,,
2026-09-09T00:59:29.293315+00:00,2026-09-09T05:59:29.293315+05:00,,,,1,,,,,
2026-09-09T01:00:29.267903+00:00,2026-09-09T06:00:29.267903+05:00,0,0,,1,,,,,
2026-09-09T01:01:29.396801+00:00,2026-09-09T06:01:29.396801+05:00,,,,1,,,,,
2026-09-09T01:02:29.350261+00:00,2026-09-09T06:02:29.350261+05:00,,,,1,7,3,232,0,1
2026-09-09T01:03:29.207392+00:00,2026-09-09T06:03:29.207392+05:00,,,,1,,,,,
2026-09-09T01:04:29.407757+00:00,2026-09-09T06:04:29.407757+05:00,0,0,,1,,,,,
2026-09-09T01:05:29.194209+00:00,2026-09-09T06:05:29.194209+05:00,,,,1,,,,,
2026-09-09T01:06:29.229722+00:00,2026-09-09T06:06:29.229722+05:00,,,,1,,,,,
2026-09-09T01:07:29.524863+00:00,2026-09-09T06:07:29.524863+05:00,,,,1,7,3,232,0,1
2026-09-09T01:08:32.457841+00:00,2026-09-09T06:08:32.457841+05:00,0,0,26.7,1,,,,,
2026-09-09T01:09:29.348595+00:00,2026-09-09T06:09:29.348595+05:00,,,,1,,,,,
2026-09-09T01:10:29.192369+00:00,2026-09-09T06:10:29.192369+05:00,,,,1,,,,,
2026-09-09T01:11:29.397106+00:00,2026-09-09T06:11:29.397106+05:00,,,,1,,,,,
2026-09-09T01:12:29.569351+00:00,2026-09-09T06:12:29.569351+05:00,0,0,,1,7,3,231,1,1
2026-09-09T01:13:29.342674+00:00,2026-09-09T06:13:29.342674+05:00,,,,1,,,,,
2026-09-09T01:14:29.357952+00:00,2026-09-09T06:14:29.357952+05:00,,,,1,,,,,
2026-09-09T01:15:29.430736+00:00,2026-09-09T06:15:29.430736+05:00,,,,1,,,,,
2026-09-09T01:16:29.282666+00:00,2026-09-09T06:16:29.282666+05:00,0,0,,1,,,,,
2026-09-09T01:17:29.451188+00:00,2026-09-09T06:17:29.451188+05:00,,,,1,4,3,231,2,1
2026-09-09T01:18:29.258367+00:00,2026-09-09T06:18:29.258367+05:00,,,,1,,,,,
2026-09-09T01:19:29.202946+00:00,2026-09-09T06:19:29.202946+05:00,,,,1,,,,,
2026-09-09T01:20:29.370881+00:00,2026-09-09T06:20:29.370881+05:00,0,0,,1,,,,,
2026-09-09T01:21:29.280856+00:00,2026-09-09T06:21:29.280856+05:00,,,,1,,,,,
2026-09-09T01:22:29.500556+00:00,2026-09-09T06:22:29.500556+05:00,,,,1,6,3,231,2,1
2026-09-09T01:23:29.199316+00:00,2026-09-09T06:23:29.199316+05:00,,,,1,,,,,
2026-09-09T01:24:29.337730+00:00,2026-09-09T06:24:29.337730+05:00,0,0,,1,,,,,
2026-09-09T01:25:29.335377+00:00,2026-09-09T06:25:29.335377+05:00,,,,1,,,,,
2026-09-09T01:26:29.405418+00:00,2026-09-09T06:26:29.405418+05:00,,,,1,,,,,
2026-09-09T01:27:29.473954+00:00,2026-09-09T06:27:29.473954+05:00,,,,1,7,3,231,2,1
2026-09-09T01:28:32.479216+00:00,2026-09-09T06:28:32.479216+05:00,0,0,,1,,,,,
2026-09-09T01:29:29.361022+00:00,2026-09-09T06:29:29.361022+05:00,,,,1,,,,,
2026-09-09T01:30:29.442552+00:00,2026-09-09T06:30:29.442552+05:00,,,,1,,,,,
2026-09-09T01:31:29.441404+00:00,2026-09-09T06:31:29.441404+05:00,,,,1,,,,,
2026-09-09T01:32:29.566620+00:00,2026-09-09T06:32:29.566620+05:00,0,0,,1,7,3,231,2,0
2026-09-09T01:33:29.197204+00:00,2026-09-09T06:33:29.197204+05:00,,,,1,,,,,
2026-09-09T01:34:29.240956+00:00,2026-09-09T06:34:29.240956+05:00,,,,1,,,,,
2026-09-09T01:35:29.429536+00:00,2026-09-09T06:35:29.429536+05:00,,,,1,,,,,
2026-09-09T01:36:29.374952+00:00,2026-09-09T06:36:29.374952+05:00,0,0,,1,,,,,
2026-09-09T01:37:29.412673+00:00,2026-09-09T06:37:29.412673+05:00,,,,1,7,2,231,4,0
2026-09-09T01:38:29.471225+00:00,2026-09-09T06:38:29.471225+05:00,,,,1,,,,,
2026-09-09T01:39:29.285252+00:00,2026-09-09T06:39:29.285252+05:00,,,,1,,,,,
2026-09-09T01:40:29.399866+00:00,2026-09-09T06:40:29.399866+05:00,0,0,,1,,,,,
2026-09-09T01:41:29.458791+00:00,2026-09-09T06:41:29.458791+05:00,,,,1,,,,,
2026-09-09T01:42:29.525187+00:00,2026-09-09T06:42:29.525187+05:00,,,,1,7,2,231,6,0
2026-09-09T01:43:29.402314+00:00,2026-09-09T06:43:29.402314+05:00,,,,1,,,,,
2026-09-09T01:44:32.486399+00:00,2026-09-09T06:44:32.486399+05:00,1,0,,1,,,,,
2026-09-09T01:45:29.450858+00:00,2026-09-09T06:45:29.450858+05:00,,,,1,,,,,
2026-09-09T01:46:29.342799+00:00,2026-09-09T06:46:29.342799+05:00,,,,1,,,,,
2026-09-09T01:47:29.582109+00:00,2026-09-09T06:47:29.582109+05:00,,,,1,7,2,231,7,0
2026-09-09T01:48:44.308385+00:00,2026-09-09T06:48:44.308385+05:00,1,0,47.0,1,,,,,
2026-09-09T01:49:29.202807+00:00,2026-09-09T06:49:29.202807+05:00,,,,1,,,,,
2026-09-09T01:50:29.414950+00:00,2026-09-09T06:50:29.414950+05:00,,,,1,,,,,
2026-09-09T01:51:29.204762+00:00,2026-09-09T06:51:29.204762+05:00,,,,1,,,,,
2026-09-09T01:52:32.552650+00:00,2026-09-09T06:52:32.552650+05:00,1,0,,1,10,2,231,13,0
2026-09-09T01:53:29.441393+00:00,2026-09-09T06:53:29.441393+05:00,,,,1,,,,,
2026-09-09T01:54:29.616364+00:00,2026-09-09T06:54:29.616364+05:00,,,,1,,,,,
2026-09-09T01:55:29.208299+00:00,2026-09-09T06:55:29.208299+05:00,,,,1,,,,,
2026-09-09T01:56:29.419379+00:00,2026-09-09T06:56:29.419379+05:00,1,0,,1,,,,,
2026-09-09T01:57:29.570538+00:00,2026-09-09T06:57:29.570538+05:00,,,,1,10,2,231,11,0
2026-09-09T01:58:29.348416+00:00,2026-09-09T06:58:29.348416+05:00,,,,1,,,,,
2026-09-09T01:59:29.403828+00:00,2026-09-09T06:59:29.403828+05:00,,,,1,,,,,
2026-09-09T02:00:32.554289+00:00,2026-09-09T07:00:32.554289+05:00,2,0,,1,,,,,
2026-09-09T02:01:29.410127+00:00,2026-09-09T07:01:29.410127+05:00,,,,1,,,,,
2026-09-09T02:02:29.392828+00:00,2026-09-09T07:02:29.392828+05:00,,,,2,15,2,231,12,0
2026-09-09T02:03:29.408678+00:00,2026-09-09T07:03:29.408678+05:00,,,,2,,,,,
2026-09-09T02:04:32.385759+00:00,2026-09-09T07:04:32.385759+05:00,2,0,,2,,,,,
2026-09-09T02:05:29.361883+00:00,2026-09-09T07:05:29.361883+05:00,,,,2,,,,,
2026-09-09T02:06:29.196241+00:00,2026-09-09T07:06:29.196241+05:00,,,,2,,,,,
2026-09-09T02:07:29.612078+00:00,2026-09-09T07:07:29.612078+05:00,,,,2,20,2,231,14,0
2026-09-09T02:08:44.401360+00:00,2026-09-09T07:08:44.401360+05:00,3,0,,2,,,,,
2026-09-09T02:09:29.111618+00:00,2026-09-09T07:09:29.111618+05:00,,,,2,,,,,
2026-09-09T02:10:29.422800+00:00,2026-09-09T07:10:29.422800+05:00,,,,2,,,,,
2026-09-09T02:11:29.408802+00:00,2026-09-09T07:11:29.408802+05:00,,,,2,,,,,
2026-09-09T02:12:32.359828+00:00,2026-09-09T07:12:32.359828+05:00,3,0,80.9,2,22,2,231,15,1
2026-09-09T02:13:29.191804+00:00,2026-09-09T07:13:29.191804+05:00,,,,3,,,,,
2026-09-09T02:14:29.408133+00:00,2026-09-09T07:14:29.408133+05:00,,,,3,,,,,
2026-09-09T02:15:29.390639+00:00,2026-09-09T07:15:29.390639+05:00,,,,3,,,,,
2026-09-09T02:16:44.396086+00:00,2026-09-09T07:16:44.396086+05:00,4,0,,3,,,,,
2026-09-09T02:17:29.585040+00:00,2026-09-09T07:17:29.585040+05:00,,,,3,27,2,231,18,1
2026-09-09T02:18:29.352578+00:00,2026-09-09T07:18:29.352578+05:00,,,,3,,,,,
2026-09-09T02:19:29.385363+00:00,2026-09-09T07:19:29.385363+05:00,,,,3,,,,,
2026-09-09T02:20:29.417408+00:00,2026-09-09T07:20:29.417408+05:00,5,0,,3,,,,,
2026-09-09T02:21:29.407108+00:00,2026-09-09T07:21:29.407108+05:00,,,,3,,,,,
2026-09-09T02:22:29.570830+00:00,2026-09-09T07:22:29.570830+05:00,,,,4,26,1,231,22,1
2026-09-09T02:23:29.409796+00:00,2026-09-09T07:23:29.409796+05:00,,,,4,,,,,
2026-09-09T02:24:44.400519+00:00,2026-09-09T07:24:44.400519+05:00,5,0,104.4,4,,,,,
2026-09-09T02:25:29.309884+00:00,2026-09-09T07:25:29.309884+05:00,,,,4,,,,,
2026-09-09T02:26:29.434343+00:00,2026-09-09T07:26:29.434343+05:00,,,,4,,,,,
2026-09-09T02:27:29.499531+00:00,2026-09-09T07:27:29.499531+05:00,,,,4,32,1,231,23,1
2026-09-09T02:28:29.382546+00:00,2026-09-09T07:28:29.382546+05:00,6,0,113.0,4,,,,,
2026-09-09T02:29:29.112872+00:00,2026-09-09T07:29:29.112872+05:00,,,,5,,,,,
2026-09-09T02:30:29.354627+00:00,2026-09-09T07:30:29.354627+05:00,,,,5,,,,,
2026-09-09T02:31:29.300443+00:00,2026-09-09T07:31:29.300443+05:00,,,,5,,,,,
2026-09-09T02:32:32.525132+00:00,2026-09-09T07:32:32.525132+05:00,6,0,114.8,5,42,2,231,28,1
2026-09-09T02:33:29.398402+00:00,2026-09-09T07:33:29.398402+05:00,,,,5,,,,,
2026-09-09T02:34:29.425714+00:00,2026-09-09T07:34:29.425714+05:00,,,,5,,,,,
2026-09-09T02:35:29.210374+00:00,2026-09-09T07:35:29.210374+05:00,,,,5,,,,,
2026-09-09T02:36:29.409378+00:00,2026-09-09T07:36:29.409378+05:00,7,0,114.8,5,,,,,
2026-09-09T02:37:29.619113+00:00,2026-09-09T07:37:29.619113+05:00,,,,5,46,2,231,37,1
2026-09-09T02:38:29.305560+00:00,2026-09-09T07:38:29.305560+05:00,,,,5,,,,,
2026-09-09T02:39:29.399920+00:00,2026-09-09T07:39:29.399920+05:00,,,,6,,,,,
2026-09-09T02:40:29.416059+00:00,2026-09-09T07:40:29.416059+05:00,7,0,126.0,6,,,,,
2026-09-09T02:41:29.334876+00:00,2026-09-09T07:41:29.334876+05:00,,,,6,,,,,
2026-09-09T02:42:49.262904+00:00,2026-09-09T07:42:49.262904+05:00,7,0,128.2,6,52,4,231,42,1
2026-09-09T02:43:48.886180+00:00,2026-09-09T07:43:48.886180+05:00,,,,6,,,,,
2026-09-09T02:44:48.741121+00:00,2026-09-09T07:44:48.741121+05:00,,,,6,,,,,
2026-09-09T02:45:48.883697+00:00,2026-09-09T07:45:48.883697+05:00,,,,6,,,,,
2026-09-09T02:46:48.784921+00:00,2026-09-09T07:46:48.784921+05:00,7,0,132.5,6,,,,,
2026-09-09T02:47:49.046831+00:00,2026-09-09T07:47:49.046831+05:00,,,,6,56,5,231,48,2
2026-09-09T02:48:48.925539+00:00,2026-09-09T07:48:48.925539+05:00,,,,6,,,,,
2026-09-09T02:49:48.664208+00:00,2026-09-09T07:49:48.664208+05:00,,,,6,,,,,
2026-09-09T02:50:52.522419+00:00,2026-09-09T07:50:52.522419+05:00,7,0,134.3,6,,,,,
2026-09-09T02:51:48.878337+00:00,2026-09-09T07:51:48.878337+05:00,,,,7,,,,,
2026-09-09T02:52:48.907028+00:00,2026-09-09T07:52:48.907028+05:00,,,,7,60,5,231,57,2
2026-09-09T02:53:48.880708+00:00,2026-09-09T07:53:48.880708+05:00,,,,7,,,,,
2026-09-09T02:54:48.935325+00:00,2026-09-09T07:54:48.935325+05:00,7,0,135.5,7,,,,,
2026-09-09T02:55:48.834140+00:00,2026-09-09T07:55:48.834140+05:00,,,,7,,,,,
2026-09-09T02:56:48.873244+00:00,2026-09-09T07:56:48.873244+05:00,,,,7,,,,,
2026-09-09T02:57:49.124561+00:00,2026-09-09T07:57:49.124561+05:00,,,,7,63,6,232,68,2
2026-09-09T02:59:03.939453+00:00,2026-09-09T07:59:03.939453+05:00,7,0,136.1,7,,,,,
2026-09-09T02:59:48.700038+00:00,2026-09-09T07:59:48.700038+05:00,,,,7,,,,,
2026-09-09T03:00:49.048427+00:00,2026-09-09T08:00:49.048427+05:00,,,,7,,,,,
2026-09-09T03:01:48.877211+00:00,2026-09-09T08:01:48.877211+05:00,,,,7,,,,,
2026-09-09T03:02:51.900086+00:00,2026-09-09T08:02:51.900086+05:00,7,0,141.3,7,73,6,232,85,3
2026-09-09T03:03:48.517719+00:00,2026-09-09T08:03:48.517719+05:00,,,,7,,,,,
2026-09-09T03:04:48.656978+00:00,2026-09-09T08:04:48.656978+05:00,,,,7,,,,,
2026-09-09T03:05:48.852100+00:00,2026-09-09T08:05:48.852100+05:00,,,,7,,,,,
2026-09-09T03:06:48.978935+00:00,2026-09-09T08:06:48.978935+05:00,7,0,137.8,7,,,,,
2026-09-09T03:07:49.162980+00:00,2026-09-09T08:07:49.162980+05:00,,,,7,75,7,233,86,3
2026-09-09T03:08:48.929569+00:00,2026-09-09T08:08:48.929569+05:00,,,,7,,,,,
2026-09-09T03:09:48.896573+00:00,2026-09-09T08:09:48.896573+05:00,,,,7,,,,,
2026-09-09T03:10:49.021528+00:00,2026-09-09T08:10:49.021528+05:00,7,0,140.6,7,,,,,
2026-09-09T03:11:48.918623+00:00,2026-09-09T08:11:48.918623+05:00,,,,7,,,,,
2026-09-09T03:12:48.950573+00:00,2026-09-09T08:12:48.950573+05:00,,,,7,75,10,233,93,4
2026-09-09T03:13:48.869897+00:00,2026-09-09T08:13:48.869897+05:00,,,,7,,,,,
2026-09-09T03:15:03.959816+00:00,2026-09-09T08:15:03.959816+05:00,7,0,140.8,7,,,,,
2026-09-09T03:15:48.887921+00:00,2026-09-09T08:15:48.887921+05:00,,,,7,,,,,
2026-09-09T03:16:48.880404+00:00,2026-09-09T08:16:48.880404+05:00,,,,7,,,,,
2026-09-09T03:17:49.092684+00:00,2026-09-09T08:17:49.092684+05:00,,,,7,73,10,233,96,4
2026-09-09T03:18:48.926534+00:00,2026-09-09T08:18:48.926534+05:00,7,0,144.6,7,,,,,
2026-09-09T03:19:48.650543+00:00,2026-09-09T08:19:48.650543+05:00,,,,7,,,,,
2026-09-09T03:20:48.520551+00:00,2026-09-09T08:20:48.520551+05:00,,,,7,,,,,
2026-09-09T03:21:48.664170+00:00,2026-09-09T08:21:48.664170+05:00,,,,8,,,,,
2026-09-09T03:22:49.227805+00:00,2026-09-09T08:22:49.227805+05:00,7,0,137.3,8,74,11,233,105,5
2026-09-09T03:23:48.643488+00:00,2026-09-09T08:23:48.643488+05:00,,,,8,,,,,
2026-09-09T03:24:48.833909+00:00,2026-09-09T08:24:48.833909+05:00,,,,8,,,,,
2026-09-09T03:25:48.513843+00:00,2026-09-09T08:25:48.513843+05:00,,,,8,,,,,
2026-09-09T03:26:48.772484+00:00,2026-09-09T08:26:48.772484+05:00,7,0,143.5,8,,,,,
2026-09-09T03:27:48.945528+00:00,2026-09-09T08:27:48.945528+05:00,,,,8,80,14,234,110,5
2026-09-09T03:28:48.872548+00:00,2026-09-09T08:28:48.872548+05:00,,,,8,,,,,
2026-09-09T03:29:48.642793+00:00,2026-09-09T08:29:48.642793+05:00,,,,8,,,,,
2026-09-09T03:30:52.101170+00:00,2026-09-09T08:30:52.101170+05:00,7,0,144.4,8,,,,,
2026-09-09T03:31:48.849656+00:00,2026-09-09T08:31:48.849656+05:00,,,,8,,,,,
2026-09-09T03:32:49.284802+00:00,2026-09-09T08:32:49.284802+05:00,,,,8,81,18,234,112,5
2026-09-09T03:33:48.856058+00:00,2026-09-09T08:33:48.856058+05:00,,,,8,,,,,
2026-09-09T03:34:48.872913+00:00,2026-09-09T08:34:48.872913+05:00,7,0,142.9,8,,,,,
2026-09-09T03:35:48.839574+00:00,2026-09-09T08:35:48.839574+05:00,,,,8,,,,,
2026-09-09T03:36:48.873185+00:00,2026-09-09T08:36:48.873185+05:00,,,,8,,,,,
2026-09-09T03:37:49.215328+00:00,2026-09-09T08:37:49.215328+05:00,,,,8,84,19,234,115,4
2026-09-09T03:38:52.059146+00:00,2026-09-09T08:38:52.059146+05:00,7,0,147.4,8,,,,,
2026-09-09T03:39:49.055577+00:00,2026-09-09T08:39:49.055577+05:00,,,,8,,,,,
2026-09-09T03:40:48.866052+00:00,2026-09-09T08:40:48.866052+05:00,,,,8,,,,,
2026-09-09T03:41:48.519089+00:00,2026-09-09T08:41:48.519089+05:00,,,,8,,,,,
2026-09-09T03:42:49.194530+00:00,2026-09-09T08:42:49.194530+05:00,7,0,146.5,8,92,19,235,122,4
2026-09-09T03:43:48.839831+00:00,2026-09-09T08:43:48.839831+05:00,,,,8,,,,,
2026-09-09T03:44:48.860424+00:00,2026-09-09T08:44:48.860424+05:00,,,,8,,,,,
2026-09-09T03:45:48.887979+00:00,2026-09-09T08:45:48.887979+05:00,,,,8,,,,,
2026-09-09T03:46:48.959246+00:00,2026-09-09T08:46:48.959246+05:00,7,0,149.8,8,,,,,
2026-09-09T03:47:49.272361+00:00,2026-09-09T08:47:49.272361+05:00,,,,8,92,20,235,125,4
2026-09-09T03:48:48.835947+00:00,2026-09-09T08:48:48.835947+05:00,,,,8,,,,,
2026-09-09T03:49:48.519184+00:00,2026-09-09T08:49:48.519184+05:00,,,,8,,,,,
2026-09-09T03:50:48.795416+00:00,2026-09-09T08:50:48.795416+05:00,7,0,147.3,8,,,,,
2026-09-09T03:51:48.704519+00:00,2026-09-09T08:51:48.704519+05:00,,,,8,,,,,
2026-09-09T03:52:49.842068+00:00,2026-09-09T08:52:49.842068+05:00,,,,8,95,21,234,132,4
2026-09-09T03:53:48.644626+00:00,2026-09-09T08:53:48.644626+05:00,,,,8,,,,,
2026-09-09T03:54:48.943164+00:00,2026-09-09T08:54:48.943164+05:00,7,0,146.2,8,,,,,
2026-09-09T03:55:48.937129+00:00,2026-09-09T08:55:48.937129+05:00,,,,8,,,,,
2026-09-09T03:56:48.900729+00:00,2026-09-09T08:56:48.900729+05:00,,,,7,,,,,
2026-09-09T03:57:49.221427+00:00,2026-09-09T08:57:49.221427+05:00,,,,7,93,21,234,134,4
2026-09-09T03:58:48.838373+00:00,2026-09-09T08:58:48.838373+05:00,7,0,140.7,7,,,,,
2026-09-09T03:59:48.515084+00:00,2026-09-09T08:59:48.515084+05:00,,,,7,,,,,
2026-09-09T04:00:48.877224+00:00,2026-09-09T09:00:48.877224+05:00,,,,7,,,,,
2026-09-09T04:01:48.994192+00:00,2026-09-09T09:01:48.994192+05:00,,,,7,,,,,
2026-09-09T04:02:49.343168+00:00,2026-09-09T09:02:49.343168+05:00,7,0,147.0,7,89,21,235,140,4
2026-09-09T04:03:48.913469+00:00,2026-09-09T09:03:48.913469+05:00,,,,7,,,,,
2026-09-09T04:04:48.847018+00:00,2026-09-09T09:04:48.847018+05:00,,,,7,,,,,
2026-09-09T04:05:48.877582+00:00,2026-09-09T09:05:48.877582+05:00,,,,7,,,,,
2026-09-09T04:06:48.772634+00:00,2026-09-09T09:06:48.772634+05:00,7,0,138.9,7,,,,,
2026-09-09T04:07:49.190752+00:00,2026-09-09T09:07:49.190752+05:00,,,,7,92,22,235,139,4
2026-09-09T04:08:48.882380+00:00,2026-09-09T09:08:48.882380+05:00,,,,7,,,,,
2026-09-09T04:09:48.648779+00:00,2026-09-09T09:09:48.648779+05:00,,,,7,,,,,
2026-09-09T04:10:48.945443+00:00,2026-09-09T09:10:48.945443+05:00,7,0,142.8,7,,,,,
2026-09-09T04:11:48.531855+00:00,2026-09-09T09:11:48.531855+05:00,,,,7,,,,,
2026-09-09T04:12:49.213228+00:00,2026-09-09T09:12:49.213228+05:00,,,,6,92,22,236,142,4
2026-09-09T04:13:48.527268+00:00,2026-09-09T09:13:48.527268+05:00,,,,7,,,,,
2026-09-09T04:14:48.772057+00:00,2026-09-09T09:14:48.772057+05:00,7,0,135.1,7,,,,,
2026-09-09T04:15:48.891497+00:00,2026-09-09T09:15:48.891497+05:00,,,,7,,,,,
2026-09-09T04:16:48.700537+00:00,2026-09-09T09:16:48.700537+05:00,,,,7,,,,,
2026-09-09T04:17:49.008931+00:00,2026-09-09T09:17:49.008931+05:00,,,,7,94,23,236,143,4
2026-09-09T04:18:48.953323+00:00,2026-09-09T09:18:48.953323+05:00,7,0,133.8,6,,,,,
2026-09-09T04:19:48.677405+00:00,2026-09-09T09:19:48.677405+05:00,,,,6,,,,,
2026-09-09T04:20:49.002537+00:00,2026-09-09T09:20:49.002537+05:00,,,,6,,,,,
2026-09-09T04:21:48.513375+00:00,2026-09-09T09:21:48.513375+05:00,,,,6,,,,,
2026-09-09T04:22:49.343489+00:00,2026-09-09T09:22:49.343489+05:00,7,0,127.6,6,92,24,236,140,4
2026-09-09T04:23:48.867231+00:00,2026-09-09T09:23:48.867231+05:00,,,,6,,,,,
2026-09-09T04:24:48.913114+00:00,2026-09-09T09:24:48.913114+05:00,,,,6,,,,,
2026-09-09T04:25:48.884215+00:00,2026-09-09T09:25:48.884215+05:00,,,,6,,,,,
2026-09-09T04:26:48.986310+00:00,2026-09-09T09:26:48.986310+05:00,7,0,133.2,6,,,,,
2026-09-09T04:27:49.053055+00:00,2026-09-09T09:27:49.053055+05:00,,,,6,92,24,236,143,4
2026-09-09T04:28:48.518644+00:00,2026-09-09T09:28:48.518644+05:00,,,,6,,,,,
2026-09-09T04:29:48.504646+00:00,2026-09-09T09:29:48.504646+05:00,,,,6,,,,,
2026-09-09T04:30:48.781413+00:00,2026-09-09T09:30:48.781413+05:00,6,0,128.3,6,,,,,
2026-09-09T04:31:48.878034+00:00,2026-09-09T09:31:48.878034+05:00,,,,6,,,,,
2026-09-09T04:32:49.287740+00:00,2026-09-09T09:32:49.287740+05:00,,,,6,92,24,236,142,3
2026-09-09T04:33:48.829394+00:00,2026-09-09T09:33:48.829394+05:00,,,,6,,,,,
2026-09-09T04:34:49.167411+00:00,2026-09-09T09:34:49.167411+05:00,6,0,128.9,6,,,,,
2026-09-09T04:35:48.893638+00:00,2026-09-09T09:35:48.893638+05:00,,,,6,,,,,
2026-09-09T04:36:48.946746+00:00,2026-09-09T09:36:48.946746+05:00,,,,6,,,,,
2026-09-09T04:37:49.033286+00:00,2026-09-09T09:37:49.033286+05:00,,,,6,97,25,236,136,3
2026-09-09T04:38:48.836309+00:00,2026-09-09T09:38:48.836309+05:00,6,0,123.8,6,,,,,
2026-09-09T04:39:48.694761+00:00,2026-09-09T09:39:48.694761+05:00,,,,6,,,,,
2026-09-09T04:40:48.897586+00:00,2026-09-09T09:40:48.897586+05:00,,,,6,,,,,
2026-09-09T04:41:48.908418+00:00,2026-09-09T09:41:48.908418+05:00,,,,6,,,,,
2026-09-09T04:42:52.047704+00:00,2026-09-09T09:42:52.047704+05:00,6,0,124.3,6,101,25,237,143,2
2026-09-09T04:43:48.876653+00:00,2026-09-09T09:43:48.876653+05:00,,,,6,,,,,
2026-09-09T04:44:48.707632+00:00,2026-09-09T09:44:48.707632+05:00,,,,6,,,,,
2026-09-09T04:45:48.519429+00:00,2026-09-09T09:45:48.519429+05:00,,,,6,,,,,
2026-09-09T04:46:48.879022+00:00,2026-09-09T09:46:48.879022+05:00,6,0,120.6,6,,,,,
2026-09-09T04:47:49.312929+00:00,2026-09-09T09:47:49.312929+05:00,,,,6,105,25,236,139,2
2026-09-09T04:48:49.032669+00:00,2026-09-09T09:48:49.032669+05:00,,,,6,,,,,
2026-09-09T04:49:48.899036+00:00,2026-09-09T09:49:48.899036+05:00,,,,6,,,,,
2026-09-09T04:50:48.963051+00:00,2026-09-09T09:50:48.963051+05:00,6,0,119.2,6,,,,,
2026-09-09T04:51:49.022065+00:00,2026-09-09T09:51:49.022065+05:00,,,,6,,,,,
2026-09-09T04:52:49.196199+00:00,2026-09-09T09:52:49.196199+05:00,,,,6,109,26,236,139,1
2026-09-09T04:53:48.943332+00:00,2026-09-09T09:53:48.943332+05:00,,,,6,,,,,
2026-09-09T04:54:51.869033+00:00,2026-09-09T09:54:51.869033+05:00,6,0,118.2,5,,,,,
2026-09-09T04:55:48.875055+00:00,2026-09-09T09:55:48.875055+05:00,,,,5,,,,,
2026-09-09T04:56:48.821470+00:00,2026-09-09T09:56:48.821470+05:00,,,,5,,,,,
2026-09-09T04:57:49.784878+00:00,2026-09-09T09:57:49.784878+05:00,,,,5,113,26,236,137,1
2026-09-09T04:58:48.938076+00:00,2026-09-09T09:58:48.938076+05:00,6,0,117.3,5,,,,,
2026-09-09T04:59:48.661474+00:00,2026-09-09T09:59:48.661474+05:00,,,,5,,,,,
2026-09-09T05:00:48.838465+00:00,2026-09-09T10:00:48.838465+05:00,,,,5,,,,,
2026-09-09T05:01:48.879514+00:00,2026-09-09T10:01:48.879514+05:00,,,,5,,,,,
2026-09-09T05:03:03.838155+00:00,2026-09-09T10:03:03.838155+05:00,6,0,115.7,5,109,26,236,138,1
2026-09-09T05:03:48.876973+00:00,2026-09-09T10:03:48.876973+05:00,,,,5,,,,,
2026-09-09T05:04:48.873042+00:00,2026-09-09T10:04:48.873042+05:00,,,,5,,,,,
2026-09-09T05:05:48.857116+00:00,2026-09-09T10:05:48.857116+05:00,,,,5,,,,,
2026-09-09T05:06:48.961276+00:00,2026-09-09T10:06:48.961276+05:00,6,0,114.2,5,,,,,
2026-09-09T05:07:49.270090+00:00,2026-09-09T10:07:49.270090+05:00,,,,5,106,27,236,133,1
2026-09-09T05:08:48.870972+00:00,2026-09-09T10:08:48.870972+05:00,,,,5,,,,,
2026-09-09T05:09:48.840484+00:00,2026-09-09T10:09:48.840484+05:00,,,,5,,,,,
2026-09-09T05:10:48.844432+00:00,2026-09-09T10:10:48.844432+05:00,5,0,111.1,5,,,,,
2026-09-09T05:11:48.875322+00:00,2026-09-09T10:11:48.875322+05:00,,,,5,,,,,
2026-09-09T05:12:49.237178+00:00,2026-09-09T10:12:49.237178+05:00,,,,5,96,27,236,126,0
2026-09-09T05:13:48.871939+00:00,2026-09-09T10:13:48.871939+05:00,,,,5,,,,,
2026-09-09T05:14:50.919939+00:00,2026-09-09T10:14:50.919939+05:00,5,0,110.5,5,,,,,
2026-09-09T05:15:48.860650+00:00,2026-09-09T10:15:48.860650+05:00,,,,5,,,,,
2026-09-09T05:16:48.840185+00:00,2026-09-09T10:16:48.840185+05:00,,,,5,,,,,
2026-09-09T05:17:49.160973+00:00,2026-09-09T10:17:49.160973+05:00,,,,5,93,28,236,118,0
2026-09-09T05:18:48.866372+00:00,2026-09-09T10:18:48.866372+05:00,5,0,106.0,5,,,,,
2026-09-09T05:19:48.878489+00:00,2026-09-09T10:19:48.878489+05:00,,,,5,,,,,
2026-09-09T05:20:48.897186+00:00,2026-09-09T10:20:48.897186+05:00,,,,5,,,,,
2026-09-09T05:21:48.885813+00:00,2026-09-09T10:21:48.885813+05:00,,,,5,,,,,
2026-09-09T05:22:49.213929+00:00,2026-09-09T10:22:49.213929+05:00,5,0,112.3,5,92,31,236,106,0
2026-09-09T05:23:49.000824+00:00,2026-09-09T10:23:49.000824+05:00,,,,5,,,,,
2026-09-09T05:24:48.691546+00:00,2026-09-09T10:24:48.691546+05:00,,,,5,,,,,
2026-09-09T05:25:48.893941+00:00,2026-09-09T10:25:48.893941+05:00,,,,5,,,,,
2026-09-09T05:26:48.778791+00:00,2026-09-09T10:26:48.778791+05:00,5,0,112.7,5,,,,,
2026-09-09T05:27:49.227572+00:00,2026-09-09T10:27:49.227572+05:00,,,,5,92,31,237,103,0
2026-09-09T05:28:48.940587+00:00,2026-09-09T10:28:48.940587+05:00,,,,5,,,,,
2026-09-09T05:29:48.954771+00:00,2026-09-09T10:29:48.954771+05:00,,,,5,,,,,
2026-09-09T05:30:52.616289+00:00,2026-09-09T10:30:52.616289+05:00,5,0,108.1,5,,,,,
2026-09-09T05:31:48.718315+00:00,2026-09-09T10:31:48.718315+05:00,,,,5,,,,,
2026-09-09T05:32:48.973544+00:00,2026-09-09T10:32:48.973544+05:00,,,,5,91,30,237,97,0
2026-09-09T05:33:48.689843+00:00,2026-09-09T10:33:48.689843+05:00,,,,5,,,,,
2026-09-09T05:34:48.777724+00:00,2026-09-09T10:34:48.777724+05:00,5,0,107.6,4,,,,,
2026-09-09T05:35:48.862223+00:00,2026-09-09T10:35:48.862223+05:00,,,,5,,,,,
2026-09-09T05:36:48.884746+00:00,2026-09-09T10:36:48.884746+05:00,,,,5,,,,,
2026-09-09T05:37:49.206131+00:00,2026-09-09T10:37:49.206131+05:00,,,,5,96,31,237,91,0
2026-09-09T05:38:48.945042+00:00,2026-09-09T10:38:48.945042+05:00,5,0,108.6,5,,,,,
2026-09-09T05:39:48.529277+00:00,2026-09-09T10:39:48.529277+05:00,,,,5,,,,,
2026-09-09T05:40:48.835627+00:00,2026-09-09T10:40:48.835627+05:00,,,,5,,,,,
2026-09-09T05:41:48.879505+00:00,2026-09-09T10:41:48.879505+05:00,,,,5,,,,,
2026-09-09T05:42:49.199969+00:00,2026-09-09T10:42:49.199969+05:00,5,0,109.9,5,94,32,237,88,0
2026-09-09T05:43:48.519692+00:00,2026-09-09T10:43:48.519692+05:00,,,,5,,,,,
2026-09-09T05:44:48.523260+00:00,2026-09-09T10:44:48.523260+05:00,,,,5,,,,,
2026-09-09T05:45:48.689731+00:00,2026-09-09T10:45:48.689731+05:00,,,,5,,,,,
2026-09-09T05:46:51.994636+00:00,2026-09-09T10:46:51.994636+05:00,5,0,110.1,5,,,,,
2026-09-09T05:47:49.129101+00:00,2026-09-09T10:47:49.129101+05:00,,,,5,93,32,238,83,0
2026-09-09T05:48:48.904523+00:00,2026-09-09T10:48:48.904523+05:00,,,,5,,,,,
2026-09-09T05:49:48.819154+00:00,2026-09-09T10:49:48.819154+05:00,,,,5,,,,,
2026-09-09T05:50:48.781592+00:00,2026-09-09T10:50:48.781592+05:00,5,0,111.4,5,,,,,
2026-09-09T05:51:48.890893+00:00,2026-09-09T10:51:48.890893+05:00,,,,5,,,,,
2026-09-09T05:52:49.182687+00:00,2026-09-09T10:52:49.182687+05:00,,,,5,92,32,238,80,0
2026-09-09T05:53:48.519975+00:00,2026-09-09T10:53:48.519975+05:00,,,,5,,,,,
2026-09-09T05:54:48.920665+00:00,2026-09-09T10:54:48.920665+05:00,5,0,105.8,5,,,,,
2026-09-09T05:55:48.672169+00:00,2026-09-09T10:55:48.672169+05:00,,,,5,,,,,
2026-09-09T05:56:48.642796+00:00,2026-09-09T10:56:48.642796+05:00,,,,5,,,,,
2026-09-09T05:57:48.959378+00:00,2026-09-09T10:57:48.959378+05:00,,,,5,98,33,238,77,0
2026-09-09T05:58:49.007364+00:00,2026-09-09T10:58:49.007364+05:00,5,0,109.0,5,,,,,
2026-09-09T05:59:48.647027+00:00,2026-09-09T10:59:48.647027+05:00,,,,5,,,,,
2026-09-09T06:00:48.884992+00:00,2026-09-09T11:00:48.884992+05:00,,,,5,,,,,
2026-09-09T06:01:48.905832+00:00,2026-09-09T11:01:48.905832+05:00,,,,5,,,,,
2026-09-09T06:02:49.211385+00:00,2026-09-09T11:02:49.211385+05:00,5,0,106.9,5,91,34,238,74,0
2026-09-09T06:03:48.653233+00:00,2026-09-09T11:03:48.653233+05:00,,,,5,,,,,
2026-09-09T06:04:48.913561+00:00,2026-09-09T11:04:48.913561+05:00,,,,5,,,,,
2026-09-09T06:05:48.643633+00:00,2026-09-09T11:05:48.643633+05:00,,,,5,,,,,
2026-09-09T06:06:48.768896+00:00,2026-09-09T11:06:48.768896+05:00,5,0,104.6,5,,,,,
2026-09-09T06:07:49.002734+00:00,2026-09-09T11:07:49.002734+05:00,,,,5,90,34,238,72,0
2026-09-09T06:08:48.658278+00:00,2026-09-09T11:08:48.658278+05:00,,,,5,,,,,
2026-09-09T06:09:48.896837+00:00,2026-09-09T11:09:48.896837+05:00,,,,5,,,,,
2026-09-09T06:10:48.959681+00:00,2026-09-09T11:10:48.959681+05:00,5,0,107.1,5,,,,,
2026-09-09T06:11:48.963987+00:00,2026-09-09T11:11:48.963987+05:00,,,,5,,,,,
2026-09-09T06:12:49.058720+00:00,2026-09-09T11:12:49.058720+05:00,,,,5,87,32,238,67,0
2026-09-09T06:13:48.526258+00:00,2026-09-09T11:13:48.526258+05:00,,,,5,,,,,
2026-09-09T06:14:48.824692+00:00,2026-09-09T11:14:48.824692+05:00,5,0,101.2,5,,,,,
2026-09-09T06:15:48.854456+00:00,2026-09-09T11:15:48.854456+05:00,,,,5,,,,,
2026-09-09T06:16:48.888953+00:00,2026-09-09T11:16:48.888953+05:00,,,,5,,,,,
2026-09-09T06:17:49.155554+00:00,2026-09-09T11:17:49.155554+05:00,,,,5,88,32,238,65,0
2026-09-09T06:19:04.569738+00:00,2026-09-09T11:19:04.569738+05:00,5,0,107.9,5,,,,,
2026-09-09T06:19:48.518366+00:00,2026-09-09T11:19:48.518366+05:00,,,,5,,,,,
2026-09-09T06:20:48.650265+00:00,2026-09-09T11:20:48.650265+05:00,,,,5,,,,,
2026-09-09T06:21:48.884426+00:00,2026-09-09T11:21:48.884426+05:00,,,,5,,,,,
2026-09-09T06:22:49.167889+00:00,2026-09-09T11:22:49.167889+05:00,5,0,107.2,5,82,30,238,63,0
2026-09-09T06:23:48.526028+00:00,2026-09-09T11:23:48.526028+05:00,,,,5,,,,,
2026-09-09T06:24:48.645714+00:00,2026-09-09T11:24:48.645714+05:00,,,,5,,,,,
2026-09-09T06:25:48.935843+00:00,2026-09-09T11:25:48.935843+05:00,,,,5,,,,,
2026-09-09T06:26:48.994577+00:00,2026-09-09T11:26:48.994577+05:00,5,0,105.1,5,,,,,
2026-09-09T06:27:49.418396+00:00,2026-09-09T11:27:49.418396+05:00,,,,5,80,28,237,62,0
2026-09-09T06:28:48.830167+00:00,2026-09-09T11:28:48.830167+05:00,,,,5,,,,,
2026-09-09T06:29:48.999920+00:00,2026-09-09T11:29:48.999920+05:00,,,,5,,,,,
2026-09-09T06:30:48.776097+00:00,2026-09-09T11:30:48.776097+05:00,5,0,103.3,5,,,,,
2026-09-09T06:31:49.029269+00:00,2026-09-09T11:31:49.029269+05:00,,,,4,,,,,
2026-09-09T06:32:49.350214+00:00,2026-09-09T11:32:49.350214+05:00,,,,4,81,25,237,61,0
2026-09-09T06:33:48.942341+00:00,2026-09-09T11:33:48.942341+05:00,,,,5,,,,,
2026-09-09T06:34:48.832518+00:00,2026-09-09T11:34:48.832518+05:00,,,,5,,,,,
2026-09-09T06:35:48.874769+00:00,2026-09-09T11:35:48.874769+05:00,,,,5,,,,,
2026-09-09T06:36:48.858357+00:00,2026-09-09T11:36:48.858357+05:00,,,,5,,,,,
2026-09-09T06:37:49.137716+00:00,2026-09-09T11:37:49.137716+05:00,,,,5,82,24,237,60,0
2026-09-09T06:38:48.807119+00:00,2026-09-09T11:38:48.807119+05:00,5,0,102.2,5,,,,,
2026-09-09T06:39:48.889641+00:00,2026-09-09T11:39:48.889641+05:00,,,,5,,,,,
2026-09-09T06:40:48.511672+00:00,2026-09-09T11:40:48.511672+05:00,,,,5,,,,,
2026-09-09T06:41:48.844758+00:00,2026-09-09T11:41:48.844758+05:00,,,,5,,,,,
2026-09-09T06:43:03.937279+00:00,2026-09-09T11:43:03.937279+05:00,5,0,101.6,5,87,23,236,60,0
2026-09-09T06:43:48.875068+00:00,2026-09-09T11:43:48.875068+05:00,,,,5,,,,,
2026-09-09T06:44:48.905354+00:00,2026-09-09T11:44:48.905354+05:00,,,,5,,,,,
2026-09-09T06:45:48.883855+00:00,2026-09-09T11:45:48.883855+05:00,,,,5,,,,,
2026-09-09T06:46:48.867907+00:00,2026-09-09T11:46:48.867907+05:00,5,0,100.1,5,,,,,
2026-09-09T06:47:49.151416+00:00,2026-09-09T11:47:49.151416+05:00,,,,5,94,23,236,60,1
2026-09-09T06:48:48.886663+00:00,2026-09-09T11:48:48.886663+05:00,,,,5,,,,,
2026-09-09T06:49:48.827661+00:00,2026-09-09T11:49:48.827661+05:00,,,,5,,,,,
2026-09-09T06:50:48.950309+00:00,2026-09-09T11:50:48.950309+05:00,5,0,103.7,5,,,,,
2026-09-09T06:51:48.534684+00:00,2026-09-09T11:51:48.534684+05:00,,,,5,,,,,
2026-09-09T06:52:50.501259+00:00,2026-09-09T11:52:50.501259+05:00,,,,5,97,22,236,61,1
2026-09-09T06:53:48.684187+00:00,2026-09-09T11:53:48.684187+05:00,,,,5,,,,,
2026-09-09T06:54:48.881994+00:00,2026-09-09T11:54:48.881994+05:00,5,0,102.2,5,,,,,
2026-09-09T06:55:48.849025+00:00,2026-09-09T11:55:48.849025+05:00,,,,5,,,,,
2026-09-09T06:56:48.891693+00:00,2026-09-09T11:56:48.891693+05:00,,,,5,,,,,
2026-09-09T06:57:49.149998+00:00,2026-09-09T11:57:49.149998+05:00,,,,5,101,22,239,73,1
2026-09-09T06:58:48.917383+00:00,2026-09-09T11:58:48.917383+05:00,5,0,101.2,5,,,,,
2026-09-09T06:59:48.725942+00:00,2026-09-09T11:59:48.725942+05:00,,,,5,,,,,
2026-09-09T07:00:48.861402+00:00,2026-09-09T12:00:48.861402+05:00,,,,5,,,,,
2026-09-09T07:01:48.729232+00:00,2026-09-09T12:01:48.729232+05:00,,,,5,,,,,
2026-09-09T07:02:51.970576+00:00,2026-09-09T12:02:51.970576+05:00,5,0,108.1,5,104,24,239,72,1
2026-09-09T07:03:48.842625+00:00,2026-09-09T12:03:48.842625+05:00,,,,5,,,,,
2026-09-09T07:04:48.649241+00:00,2026-09-09T12:04:48.649241+05:00,,,,5,,,,,
2026-09-09T07:05:49.015706+00:00,2026-09-09T12:05:49.015706+05:00,,,,5,,,,,
2026-09-09T07:06:48.939766+00:00,2026-09-09T12:06:48.939766+05:00,5,0,106.1,5,,,,,
2026-09-09T07:07:49.136822+00:00,2026-09-09T12:07:49.136822+05:00,,,,5,99,23,239,74,0
2026-09-09T07:08:48.926588+00:00,2026-09-09T12:08:48.926588+05:00,,,,5,,,,,
2026-09-09T07:09:48.530691+00:00,2026-09-09T12:09:48.530691+05:00,,,,5,,,,,
2026-09-09T07:10:48.842553+00:00,2026-09-09T12:10:48.842553+05:00,5,0,105.5,5,,,,,
2026-09-09T07:11:48.652907+00:00,2026-09-09T12:11:48.652907+05:00,,,,5,,,,,
2026-09-09T07:12:48.978006+00:00,2026-09-09T12:12:48.978006+05:00,,,,5,103,24,239,74,0
2026-09-09T07:13:48.886672+00:00,2026-09-09T12:13:48.886672+05:00,,,,5,,,,,
2026-09-09T07:14:48.922600+00:00,2026-09-09T12:14:48.922600+05:00,5,0,102.4,5,,,,,
2026-09-09T07:15:48.663765+00:00,2026-09-09T12:15:48.663765+05:00,,,,5,,,,,
2026-09-09T07:16:48.662763+00:00,2026-09-09T12:16:48.662763+05:00,,,,5,,,,,
2026-09-09T07:17:49.181252+00:00,2026-09-09T12:17:49.181252+05:00,,,,5,106,23,241,73,0
2026-09-09T07:18:48.883379+00:00,2026-09-09T12:18:48.883379+05:00,5,0,102.9,5,,,,,
2026-09-09T07:19:48.835768+00:00,2026-09-09T12:19:48.835768+05:00,,,,5,,,,,
2026-09-09T07:20:48.915103+00:00,2026-09-09T12:20:48.915103+05:00,,,,5,,,,,
2026-09-09T07:21:48.829955+00:00,2026-09-09T12:21:48.829955+05:00,,,,5,,,,,
2026-09-09T07:22:49.464427+00:00,2026-09-09T12:22:49.464427+05:00,5,0,105.3,5,106,23,241,75,0
2026-09-09T07:23:48.661415+00:00,2026-09-09T12:23:48.661415+05:00,,,,5,,,,,
2026-09-09T07:24:48.848442+00:00,2026-09-09T12:24:48.848442+05:00,,,,5,,,,,
2026-09-09T07:25:48.711032+00:00,2026-09-09T12:25:48.711032+05:00,,,,5,,,,,
2026-09-09T07:26:48.789574+00:00,2026-09-09T12:26:48.789574+05:00,5,0,103.6,5,,,,,
2026-09-09T07:27:49.146613+00:00,2026-09-09T12:27:49.146613+05:00,,,,5,107,24,241,73,0
2026-09-09T07:28:48.929680+00:00,2026-09-09T12:28:48.929680+05:00,,,,5,,,,,
2026-09-09T07:29:48.937069+00:00,2026-09-09T12:29:48.937069+05:00,,,,5,,,,,
2026-09-09T07:30:48.933258+00:00,2026-09-09T12:30:48.933258+05:00,5,0,105.7,5,,,,,
2026-09-09T07:31:48.853504+00:00,2026-09-09T12:31:48.853504+05:00,,,,5,,,,,
2026-09-09T07:32:49.270103+00:00,2026-09-09T12:32:49.270103+05:00,,,,5,110,27,241,70,0
2026-09-09T07:33:48.896117+00:00,2026-09-09T12:33:48.896117+05:00,,,,5,,,,,
2026-09-09T07:34:48.896058+00:00,2026-09-09T12:34:48.896058+05:00,5,0,108.6,5,,,,,
2026-09-09T07:35:48.910840+00:00,2026-09-09T12:35:48.910840+05:00,,,,5,,,,,
2026-09-09T07:36:48.828747+00:00,2026-09-09T12:36:48.828747+05:00,,,,5,,,,,
2026-09-09T07:37:49.215716+00:00,2026-09-09T12:37:49.215716+05:00,,,,5,109,26,241,72,0
2026-09-09T07:38:52.008626+00:00,2026-09-09T12:38:52.008626+05:00,5,0,110.7,5,,,,,
2026-09-09T07:39:48.811411+00:00,2026-09-09T12:39:48.811411+05:00,,,,5,,,,,
2026-09-09T07:40:48.884330+00:00,2026-09-09T12:40:48.884330+05:00,,,,5,,,,,
2026-09-09T07:41:48.538314+00:00,2026-09-09T12:41:48.538314+05:00,,,,5,,,,,
2026-09-09T07:42:49.743634+00:00,2026-09-09T12:42:49.743634+05:00,5,0,111.4,5,108,27,240,74,0
2026-09-09T07:43:48.878615+00:00,2026-09-09T12:43:48.878615+05:00,,,,5,,,,,
2026-09-09T07:44:48.825863+00:00,2026-09-09T12:44:48.825863+05:00,,,,5,,,,,
2026-09-09T07:45:48.521381+00:00,2026-09-09T12:45:48.521381+05:00,,,,5,,,,,
2026-09-09T07:46:49.418101+00:00,2026-09-09T12:46:49.418101+05:00,5,0,109.7,5,,,,,
2026-09-09T07:47:49.240275+00:00,2026-09-09T12:47:49.240275+05:00,,,,5,108,27,240,76,0
2026-09-09T07:48:48.680384+00:00,2026-09-09T12:48:48.680384+05:00,,,,5,,,,,
2026-09-09T07:49:48.877282+00:00,2026-09-09T12:49:48.877282+05:00,,,,5,,,,,
2026-09-09T07:50:48.787720+00:00,2026-09-09T12:50:48.787720+05:00,6,0,108.5,5,,,,,
2026-09-09T07:51:48.907768+00:00,2026-09-09T12:51:48.907768+05:00,,,,5,,,,,
2026-09-09T07:52:49.026579+00:00,2026-09-09T12:52:49.026579+05:00,,,,5,115,28,240,78,0
2026-09-09T07:53:48.899160+00:00,2026-09-09T12:53:48.899160+05:00,,,,5,,,,,
2026-09-09T07:54:48.936650+00:00,2026-09-09T12:54:48.936650+05:00,6,0,111.3,5,,,,,
2026-09-09T07:55:48.661150+00:00,2026-09-09T12:55:48.661150+05:00,,,,5,,,,,
2026-09-09T07:56:48.983413+00:00,2026-09-09T12:56:48.983413+05:00,,,,5,,,,,
2026-09-09T07:57:49.133856+00:00,2026-09-09T12:57:49.133856+05:00,,,,5,112,28,241,82,1
2026-09-09T07:58:48.792781+00:00,2026-09-09T12:58:48.792781+05:00,6,0,110.7,5,,,,,
2026-09-09T07:59:48.525182+00:00,2026-09-09T12:59:48.525182+05:00,,,,5,,,,,
2026-09-09T08:00:48.663527+00:00,2026-09-09T13:00:48.663527+05:00,,,,5,,,,,
2026-09-09T08:01:48.874747+00:00,2026-09-09T13:01:48.874747+05:00,,,,5,,,,,
2026-09-09T08:02:49.163657+00:00,2026-09-09T13:02:49.163657+05:00,6,0,110.2,5,110,28,241,84,1
2026-09-09T08:03:48.515753+00:00,2026-09-09T13:03:48.515753+05:00,,,,5,,,,,
2026-09-09T08:04:48.714471+00:00,2026-09-09T13:04:48.714471+05:00,,,,5,,,,,
2026-09-09T08:05:48.946512+00:00,2026-09-09T13:05:48.946512+05:00,,,,5,,,,,
2026-09-09T08:06:51.927328+00:00,2026-09-09T13:06:51.927328+05:00,6,0,107.5,5,,,,,
2026-09-09T08:07:49.232692+00:00,2026-09-09T13:07:49.232692+05:00,,,,5,110,28,242,84,2
2026-09-09T08:08:48.846348+00:00,2026-09-09T13:08:48.846348+05:00,,,,5,,,,,
2026-09-09T08:09:48.880369+00:00,2026-09-09T13:09:48.880369+05:00,,,,5,,,,,
2026-09-09T08:10:49.368238+00:00,2026-09-09T13:10:49.368238+05:00,6,0,103.9,5,,,,,
2026-09-09T08:11:48.890291+00:00,2026-09-09T13:11:48.890291+05:00,,,,5,,,,,
2026-09-09T08:13:13.728612+00:00,2026-09-09T13:13:13.728612+05:00,6,0,106.6,5,111,27,242,87,2
2026-09-09T08:14:09.990771+00:00,2026-09-09T13:14:09.990771+05:00,,,,5,,,,,
2026-09-09T08:15:09.985814+00:00,2026-09-09T13:15:09.985814+05:00,,,,5,,,,,
2026-09-09T08:16:09.870113+00:00,2026-09-09T13:16:09.870113+05:00,,,,5,,,,,
2026-09-09T08:17:10.115706+00:00,2026-09-09T13:17:10.115706+05:00,6,0,107.8,5,,,,,
2026-09-09T08:18:10.375563+00:00,2026-09-09T13:18:10.375563+05:00,,,,5,111,26,242,88,2
2026-09-09T08:19:10.075607+00:00,2026-09-09T13:19:10.075607+05:00,,,,5,,,,,
2026-09-09T08:20:09.878655+00:00,2026-09-09T13:20:09.878655+05:00,,,,5,,,,,
2026-09-09T08:21:10.273439+00:00,2026-09-09T13:21:10.273439+05:00,6,0,112.5,5,,,,,
2026-09-09T08:22:10.266964+00:00,2026-09-09T13:22:10.266964+05:00,,,,5,,,,,
2026-09-09T08:23:10.403601+00:00,2026-09-09T13:23:10.403601+05:00,,,,5,113,24,242,91,2
2026-09-09T08:24:10.078750+00:00,2026-09-09T13:24:10.078750+05:00,,,,5,,,,,
2026-09-09T08:25:10.116484+00:00,2026-09-09T13:25:10.116484+05:00,6,0,109.6,5,,,,,
2026-09-09T08:26:09.998846+00:00,2026-09-09T13:26:09.998846+05:00,,,,5,,,,,
2026-09-09T08:27:09.864604+00:00,2026-09-09T13:27:09.864604+05:00,,,,5,,,,,
2026-09-09T08:28:10.279568+00:00,2026-09-09T13:28:10.279568+05:00,,,,5,114,25,242,93,2
2026-09-09T08:29:10.271402+00:00,2026-09-09T13:29:10.271402+05:00,6,0,112.4,5,,,,,
2026-09-09T08:30:10.179122+00:00,2026-09-09T13:30:10.179122+05:00,,,,5,,,,,
2026-09-09T08:31:10.067397+00:00,2026-09-09T13:31:10.067397+05:00,,,,5,,,,,
2026-09-09T08:32:10.225913+00:00,2026-09-09T13:32:10.225913+05:00,,,,5,,,,,
2026-09-09T08:33:10.456567+00:00,2026-09-09T13:33:10.456567+05:00,6,0,108.8,5,114,23,243,93,2
2026-09-09T08:34:10.075200+00:00,2026-09-09T13:34:10.075200+05:00,,,,5,,,,,
2026-09-09T08:35:10.150145+00:00,2026-09-09T13:35:10.150145+05:00,,,,5,,,,,
2026-09-09T08:36:10.204760+00:00,2026-09-09T13:36:10.204760+05:00,,,,6,,,,,
2026-09-09T08:37:13.363314+00:00,2026-09-09T13:37:13.363314+05:00,6,0,112.3,6,,,,,
2026-09-09T08:38:10.792394+00:00,2026-09-09T13:38:10.792394+05:00,,,,6,124,22,242,96,3
2026-09-09T08:39:10.166129+00:00,2026-09-09T13:39:10.166129+05:00,,,,6,,,,,
2026-09-09T08:40:10.169260+00:00,2026-09-09T13:40:10.169260+05:00,,,,6,,,,,
2026-09-09T08:41:10.121000+00:00,2026-09-09T13:41:10.121000+05:00,6,0,115.8,6,,,,,
2026-09-09T08:42:10.025635+00:00,2026-09-09T13:42:10.025635+05:00,,,,6,,,,,
2026-09-09T08:43:10.509222+00:00,2026-09-09T13:43:10.509222+05:00,,,,6,120,21,242,94,2
2026-09-09T08:44:10.222352+00:00,2026-09-09T13:44:10.222352+05:00,,,,6,,,,,
2026-09-09T08:45:12.671510+00:00,2026-09-09T13:45:12.671510+05:00,6,0,120.2,6,,,,,
2026-09-09T08:46:10.271830+00:00,2026-09-09T13:46:10.271830+05:00,,,,6,,,,,
2026-09-09T08:47:09.983103+00:00,2026-09-09T13:47:09.983103+05:00,,,,6,,,,,
2026-09-09T08:48:10.477619+00:00,2026-09-09T13:48:10.477619+05:00,,,,6,122,20,242,96,3
2026-09-09T08:49:10.199894+00:00,2026-09-09T13:49:10.199894+05:00,6,0,114.1,6,,,,,
2026-09-09T08:50:10.065600+00:00,2026-09-09T13:50:10.065600+05:00,,,,6,,,,,
2026-09-09T08:51:09.977819+00:00,2026-09-09T13:51:09.977819+05:00,,,,6,,,,,
2026-09-09T08:52:09.998450+00:00,2026-09-09T13:52:09.998450+05:00,,,,6,,,,,
2026-09-09T08:53:10.526170+00:00,2026-09-09T13:53:10.526170+05:00,6,0,114.7,6,130,22,244,97,4
2026-09-09T08:54:10.284144+00:00,2026-09-09T13:54:10.284144+05:00,,,,6,,,,,
2026-09-09T08:55:09.979823+00:00,2026-09-09T13:55:09.979823+05:00,,,,6,,,,,
2026-09-09T08:56:10.186853+00:00,2026-09-09T13:56:10.186853+05:00,,,,5,,,,,
2026-09-09T08:57:10.148606+00:00,2026-09-09T13:57:10.148606+05:00,6,0,112.3,5,,,,,
2026-09-09T08:58:10.579506+00:00,2026-09-09T13:58:10.579506+05:00,,,,5,128,22,244,100,5
2026-09-09T08:59:10.260345+00:00,2026-09-09T13:59:10.260345+05:00,,,,5,,,,,
2026-09-09T09:00:10.230176+00:00,2026-09-09T14:00:10.230176+05:00,,,,5,,,,,
2026-09-09T09:01:10.283093+00:00,2026-09-09T14:01:10.283093+05:00,6,0,110.7,5,,,,,
2026-09-09T09:02:10.164648+00:00,2026-09-09T14:02:10.164648+05:00,,,,5,,,,,
2026-09-09T09:03:10.335293+00:00,2026-09-09T14:03:10.335293+05:00,,,,5,132,20,245,102,5
2026-09-09T09:04:09.983066+00:00,2026-09-09T14:04:09.983066+05:00,,,,5,,,,,
2026-09-09T09:05:13.222965+00:00,2026-09-09T14:05:13.222965+05:00,5,0,107.3,5,,,,,
2026-09-09T09:06:09.994598+00:00,2026-09-09T14:06:09.994598+05:00,,,,5,,,,,
2026-09-09T09:07:10.321445+00:00,2026-09-09T14:07:10.321445+05:00,,,,5,,,,,
2026-09-09T09:08:10.348587+00:00,2026-09-09T14:08:10.348587+05:00,,,,5,127,19,245,100,5
2026-09-09T09:09:10.269544+00:00,2026-09-09T14:09:10.269544+05:00,5,0,109.4,5,,,,,
2026-09-09T09:10:10.005875+00:00,2026-09-09T14:10:10.005875+05:00,,,,5,,,,,
2026-09-09T09:11:10.267432+00:00,2026-09-09T14:11:10.267432+05:00,,,,5,,,,,
2026-09-09T09:12:10.002742+00:00,2026-09-09T14:12:10.002742+05:00,,,,5,,,,,
2026-09-09T09:13:10.320415+00:00,2026-09-09T14:13:10.320415+05:00,5,0,103.9,5,125,19,245,102,5
2026-09-09T09:14:09.997492+00:00,2026-09-09T14:14:09.997492+05:00,,,,5,,,,,
2026-09-09T09:15:09.885485+00:00,2026-09-09T14:15:09.885485+05:00,,,,5,,,,,
2026-09-09T09:16:10.073061+00:00,2026-09-09T14:16:10.073061+05:00,,,,5,,,,,
2026-09-09T09:17:13.458175+00:00,2026-09-09T14:17:13.458175+05:00,5,0,109.2,5,,,,,
2026-09-09T09:18:10.572574+00:00,2026-09-09T14:18:10.572574+05:00,,,,5,127,20,245,99,5
2026-09-09T09:19:10.065411+00:00,2026-09-09T14:19:10.065411+05:00,,,,5,,,,,
2026-09-09T09:20:10.194718+00:00,2026-09-09T14:20:10.194718+05:00,,,,5,,,,,
2026-09-09T09:21:10.175851+00:00,2026-09-09T14:21:10.175851+05:00,5,0,106.8,5,,,,,
2026-09-09T09:22:10.282602+00:00,2026-09-09T14:22:10.282602+05:00,,,,5,,,,,
2026-09-09T09:23:10.657647+00:00,2026-09-09T14:23:10.657647+05:00,,,,5,127,20,245,99,5
2026-09-09T09:24:10.237397+00:00,2026-09-09T14:24:10.237397+05:00,,,,5,,,,,
2026-09-09T09:25:10.273042+00:00,2026-09-09T14:25:10.273042+05:00,5,0,105.6,5,,,,,
2026-09-09T09:26:09.989626+00:00,2026-09-09T14:26:09.989626+05:00,,,,5,,,,,
2026-09-09T09:27:09.985711+00:00,2026-09-09T14:27:09.985711+05:00,,,,5,,,,,
2026-09-09T09:28:10.630193+00:00,2026-09-09T14:28:10.630193+05:00,,,,5,131,19,246,96,5
2026-09-09T09:29:10.253153+00:00,2026-09-09T14:29:10.253153+05:00,5,0,106.4,5,,,,,
2026-09-09T09:30:09.998032+00:00,2026-09-09T14:30:09.998032+05:00,,,,5,,,,,
2026-09-09T09:31:10.105910+00:00,2026-09-09T14:31:10.105910+05:00,,,,5,,,,,
2026-09-09T09:32:10.126106+00:00,2026-09-09T14:32:10.126106+05:00,,,,5,,,,,
2026-09-09T09:33:13.404157+00:00,2026-09-09T14:33:13.404157+05:00,5,0,110.4,5,136,19,246,97,3
2026-09-09T09:34:10.267065+00:00,2026-09-09T14:34:10.267065+05:00,,,,5,,,,,
2026-09-09T09:35:10.218817+00:00,2026-09-09T14:35:10.218817+05:00,,,,5,,,,,
2026-09-09T09:36:10.231084+00:00,2026-09-09T14:36:10.231084+05:00,,,,5,,,,,
2026-09-09T09:37:10.230933+00:00,2026-09-09T14:37:10.230933+05:00,5,0,112.0,5,,,,,
2026-09-09T09:38:10.298141+00:00,2026-09-09T14:38:10.298141+05:00,,,,5,141,19,246,97,2
2026-09-09T09:39:10.003437+00:00,2026-09-09T14:39:10.003437+05:00,,,,5,,,,,
2026-09-09T09:40:10.262808+00:00,2026-09-09T14:40:10.262808+05:00,,,,5,,,,,
2026-09-09T09:41:10.300863+00:00,2026-09-09T14:41:10.300863+05:00,5,0,114.5,5,,,,,
2026-09-09T09:42:10.271015+00:00,2026-09-09T14:42:10.271015+05:00,,,,5,,,,,
2026-09-09T09:43:10.632254+00:00,2026-09-09T14:43:10.632254+05:00,,,,3,141,20,246,94,2
2026-09-09T09:44:10.216623+00:00,2026-09-09T14:44:10.216623+05:00,,,,4,,,,,
2026-09-09T09:45:10.158829+00:00,2026-09-09T14:45:10.158829+05:00,5,0,111.6,4,,,,,
2026-09-09T09:46:10.003896+00:00,2026-09-09T14:46:10.003896+05:00,,,,4,,,,,
2026-09-09T09:47:10.161943+00:00,2026-09-09T14:47:10.161943+05:00,,,,4,,,,,
2026-09-09T09:48:10.461753+00:00,2026-09-09T14:48:10.461753+05:00,,,,5,143,19,242,91,2
2026-09-09T09:49:10.297730+00:00,2026-09-09T14:49:10.297730+05:00,5,0,114.0,5,,,,,
2026-09-09T09:50:10.273776+00:00,2026-09-09T14:50:10.273776+05:00,,,,5,,,,,
2026-09-09T09:51:10.231587+00:00,2026-09-09T14:51:10.231587+05:00,,,,5,,,,,
2026-09-09T09:52:10.197397+00:00,2026-09-09T14:52:10.197397+05:00,,,,5,,,,,
2026-09-09T09:53:13.260720+00:00,2026-09-09T14:53:13.260720+05:00,5,0,109.6,5,137,21,242,92,2
2026-09-09T09:54:10.210073+00:00,2026-09-09T14:54:10.210073+05:00,,,,5,,,,,
2026-09-09T09:55:10.255528+00:00,2026-09-09T14:55:10.255528+05:00,,,,5,,,,,
2026-09-09T09:56:10.276370+00:00,2026-09-09T14:56:10.276370+05:00,,,,5,,,,,
2026-09-09T09:57:10.289872+00:00,2026-09-09T14:57:10.289872+05:00,5,0,110.2,5,,,,,
2026-09-09T09:58:10.641215+00:00,2026-09-09T14:58:10.641215+05:00,,,,5,135,22,242,96,3
2026-09-09T09:59:09.987166+00:00,2026-09-09T14:59:09.987166+05:00,,,,5,,,,,
2026-09-09T10:00:10.216750+00:00,2026-09-09T15:00:10.216750+05:00,,,,5,,,,,
2026-09-09T10:01:10.172669+00:00,2026-09-09T15:01:10.172669+05:00,5,0,103.7,5,,,,,
2026-09-09T10:02:10.289783+00:00,2026-09-09T15:02:10.289783+05:00,,,,5,,,,,
2026-09-09T10:03:10.634792+00:00,2026-09-09T15:03:10.634792+05:00,,,,5,137,21,244,97,3
2026-09-09T10:04:10.199454+00:00,2026-09-09T15:04:10.199454+05:00,,,,5,,,,,
2026-09-09T10:05:13.816474+00:00,2026-09-09T15:05:13.816474+05:00,5,0,109.0,5,,,,,
2026-09-09T10:06:09.890520+00:00,2026-09-09T15:06:09.890520+05:00,,,,5,,,,,
2026-09-09T10:07:09.978904+00:00,2026-09-09T15:07:09.978904+05:00,,,,5,,,,,
2026-09-09T10:08:10.615842+00:00,2026-09-09T15:08:10.615842+05:00,,,,5,129,21,244,96,3
2026-09-09T10:09:10.172312+00:00,2026-09-09T15:09:10.172312+05:00,5,0,107.5,5,,,,,
2026-09-09T10:10:10.267295+00:00,2026-09-09T15:10:10.267295+05:00,,,,5,,,,,
2026-09-09T10:11:09.985989+00:00,2026-09-09T15:11:09.985989+05:00,,,,5,,,,,
2026-09-09T10:12:10.201500+00:00,2026-09-09T15:12:10.201500+05:00,,,,5,,,,,
2026-09-09T10:13:10.343457+00:00,2026-09-09T15:13:10.343457+05:00,5,0,107.6,5,128,25,245,94,3
2026-09-09T10:14:10.197937+00:00,2026-09-09T15:14:10.197937+05:00,,,,5,,,,,
2026-09-09T10:15:10.184651+00:00,2026-09-09T15:15:10.184651+05:00,,,,5,,,,,
2026-09-09T10:16:10.313435+00:00,2026-09-09T15:16:10.313435+05:00,,,,5,,,,,
2026-09-09T10:17:10.200582+00:00,2026-09-09T15:17:10.200582+05:00,5,0,107.9,5,,,,,
2026-09-09T10:18:10.303204+00:00,2026-09-09T15:18:10.303204+05:00,,,,5,132,26,245,94,2
2026-09-09T10:19:10.176034+00:00,2026-09-09T15:19:10.176034+05:00,,,,5,,,,,
2026-09-09T10:20:10.282506+00:00,2026-09-09T15:20:10.282506+05:00,,,,5,,,,,
2026-09-09T10:21:10.246424+00:00,2026-09-09T15:21:10.246424+05:00,5,0,109.8,5,,,,,
2026-09-09T10:22:10.197755+00:00,2026-09-09T15:22:10.197755+05:00,,,,5,,,,,
2026-09-09T10:23:10.450729+00:00,2026-09-09T15:23:10.450729+05:00,,,,5,123,31,245,92,2
2026-09-09T10:24:10.002518+00:00,2026-09-09T15:24:10.002518+05:00,,,,5,,,,,
2026-09-09T10:25:10.124394+00:00,2026-09-09T15:25:10.124394+05:00,5,0,106.0,5,,,,,
2026-09-09T10:26:10.008985+00:00,2026-09-09T15:26:10.008985+05:00,,,,5,,,,,
2026-09-09T10:27:09.981785+00:00,2026-09-09T15:27:09.981785+05:00,,,,5,,,,,
2026-09-09T10:28:10.416758+00:00,2026-09-09T15:28:10.416758+05:00,,,,5,123,31,245,90,1
2026-09-09T10:29:10.249466+00:00,2026-09-09T15:29:10.249466+05:00,5,0,106.2,5,,,,,
2026-09-09T10:30:09.980001+00:00,2026-09-09T15:30:09.980001+05:00,,,,5,,,,,
2026-09-09T10:31:09.983164+00:00,2026-09-09T15:31:09.983164+05:00,,,,5,,,,,
2026-09-09T10:32:10.195732+00:00,2026-09-09T15:32:10.195732+05:00,,,,5,,,,,
2026-09-09T10:33:10.579233+00:00,2026-09-09T15:33:10.579233+05:00,5,0,113.2,5,121,28,245,79,1
2026-09-09T10:34:10.247574+00:00,2026-09-09T15:34:10.247574+05:00,,,,5,,,,,
2026-09-09T10:35:09.879894+00:00,2026-09-09T15:35:09.879894+05:00,,,,5,,,,,
2026-09-09T10:36:10.181885+00:00,2026-09-09T15:36:10.181885+05:00,,,,5,,,,,
2026-09-09T10:37:13.352622+00:00,2026-09-09T15:37:13.352622+05:00,5,0,111.8,5,,,,,
2026-09-09T10:38:10.511366+00:00,2026-09-09T15:38:10.511366+05:00,,,,5,126,28,244,77,1
2026-09-09T10:39:09.889397+00:00,2026-09-09T15:39:09.889397+05:00,,,,5,,,,,
2026-09-09T10:40:10.280351+00:00,2026-09-09T15:40:10.280351+05:00,,,,5,,,,,
2026-09-09T10:41:10.217979+00:00,2026-09-09T15:41:10.217979+05:00,6,0,113.6,5,,,,,
2026-09-09T10:42:10.213139+00:00,2026-09-09T15:42:10.213139+05:00,,,,5,,,,,
2026-09-09T10:43:10.375864+00:00,2026-09-09T15:43:10.375864+05:00,,,,5,127,27,244,72,1
2026-09-09T10:44:10.157240+00:00,2026-09-09T15:44:10.157240+05:00,,,,5,,,,,
2026-09-09T10:45:10.252833+00:00,2026-09-09T15:45:10.252833+05:00,5,0,113.1,5,,,,,
2026-09-09T10:46:10.254520+00:00,2026-09-09T15:46:10.254520+05:00,,,,5,,,,,
2026-09-09T10:47:10.160720+00:00,2026-09-09T15:47:10.160720+05:00,,,,5,,,,,
2026-09-09T10:48:10.470426+00:00,2026-09-09T15:48:10.470426+05:00,,,,5,121,27,244,75,1
2026-09-09T10:49:13.330839+00:00,2026-09-09T15:49:13.330839+05:00,5,0,108.1,5,,,,,
2026-09-09T10:50:10.194023+00:00,2026-09-09T15:50:10.194023+05:00,,,,5,,,,,
2026-09-09T10:51:10.016660+00:00,2026-09-09T15:51:10.016660+05:00,,,,5,,,,,
2026-09-09T10:52:10.037618+00:00,2026-09-09T15:52:10.037618+05:00,,,,5,,,,,
2026-09-09T10:53:10.340749+00:00,2026-09-09T15:53:10.340749+05:00,5,0,113.6,5,115,26,245,75,1
2026-09-09T10:54:10.183261+00:00,2026-09-09T15:54:10.183261+05:00,,,,5,,,,,
2026-09-09T10:55:10.127052+00:00,2026-09-09T15:55:10.127052+05:00,,,,5,,,,,
2026-09-09T10:56:10.254174+00:00,2026-09-09T15:56:10.254174+05:00,,,,5,,,,,
2026-09-09T10:57:10.291322+00:00,2026-09-09T15:57:10.291322+05:00,5,0,115.5,5,,,,,
2026-09-09T10:58:10.515058+00:00,2026-09-09T15:58:10.515058+05:00,,,,5,112,26,245,77,1
2026-09-09T10:59:10.344266+00:00,2026-09-09T15:59:10.344266+05:00,,,,5,,,,,
2026-09-09T11:00:10.179169+00:00,2026-09-09T16:00:10.179169+05:00,,,,5,,,,,
2026-09-09T11:01:10.688828+00:00,2026-09-09T16:01:10.688828+05:00,5,0,109.5,5,,,,,
2026-09-09T11:02:10.209792+00:00,2026-09-09T16:02:10.209792+05:00,,,,5,,,,,
2026-09-09T11:03:10.516543+00:00,2026-09-09T16:03:10.516543+05:00,,,,5,113,26,244,77,3
2026-09-09T11:04:09.989320+00:00,2026-09-09T16:04:09.989320+05:00,,,,5,,,,,
2026-09-09T11:05:10.124670+00:00,2026-09-09T16:05:10.124670+05:00,5,0,110.8,5,,,,,
2026-09-09T11:06:10.273536+00:00,2026-09-09T16:06:10.273536+05:00,,,,5,,,,,
2026-09-09T11:07:10.156943+00:00,2026-09-09T16:07:10.156943+05:00,,,,5,,,,,
2026-09-09T11:08:10.499190+00:00,2026-09-09T16:08:10.499190+05:00,,,,5,111,27,244,77,3
2026-09-09T11:09:13.329492+00:00,2026-09-09T16:09:13.329492+05:00,5,0,111.4,5,,,,,
2026-09-09T11:10:10.213814+00:00,2026-09-09T16:10:10.213814+05:00,,,,5,,,,,
2026-09-09T11:11:10.207620+00:00,2026-09-09T16:11:10.207620+05:00,,,,5,,,,,
2026-09-09T11:12:10.060378+00:00,2026-09-09T16:12:10.060378+05:00,,,,5,,,,,
2026-09-09T11:13:10.567430+00:00,2026-09-09T16:13:10.567430+05:00,6,0,111.4,5,109,26,244,76,3
2026-09-09T11:14:10.286802+00:00,2026-09-09T16:14:10.286802+05:00,,,,5,,,,,
2026-09-09T11:15:10.292425+00:00,2026-09-09T16:15:10.292425+05:00,,,,5,,,,,
2026-09-09T11:16:10.195698+00:00,2026-09-09T16:16:10.195698+05:00,,,,5,,,,,
2026-09-09T11:17:13.041990+00:00,2026-09-09T16:17:13.041990+05:00,6,0,108.9,5,,,,,
2026-09-09T11:18:10.517984+00:00,2026-09-09T16:18:10.517984+05:00,,,,5,108,27,245,78,4
2026-09-09T11:19:10.211604+00:00,2026-09-09T16:19:10.211604+05:00,,,,5,,,,,
2026-09-09T11:20:09.989475+00:00,2026-09-09T16:20:09.989475+05:00,,,,5,,,,,
2026-09-09T11:21:10.186350+00:00,2026-09-09T16:21:10.186350+05:00,6,0,114.4,5,,,,,
2026-09-09T11:22:10.158545+00:00,2026-09-09T16:22:10.158545+05:00,,,,6,,,,,
2026-09-09T11:23:10.314203+00:00,2026-09-09T16:23:10.314203+05:00,,,,6,108,28,247,81,4
2026-09-09T11:24:09.985412+00:00,2026-09-09T16:24:09.985412+05:00,,,,6,,,,,
2026-09-09T11:25:10.236897+00:00,2026-09-09T16:25:10.236897+05:00,6,0,114.9,6,,,,,
2026-09-09T11:26:09.985332+00:00,2026-09-09T16:26:09.985332+05:00,,,,6,,,,,
2026-09-09T11:27:10.186442+00:00,2026-09-09T16:27:10.186442+05:00,,,,6,,,,,
2026-09-09T11:28:10.355175+00:00,2026-09-09T16:28:10.355175+05:00,,,,6,105,27,247,85,3
2026-09-09T11:29:10.104164+00:00,2026-09-09T16:29:10.104164+05:00,7,0,115.6,6,,,,,
2026-09-09T11:30:10.256870+00:00,2026-09-09T16:30:10.256870+05:00,,,,6,,,,,
2026-09-09T11:31:10.202933+00:00,2026-09-09T16:31:10.202933+05:00,,,,6,,,,,
2026-09-09T11:32:10.172327+00:00,2026-09-09T16:32:10.172327+05:00,,,,6,,,,,
2026-09-09T11:33:10.688992+00:00,2026-09-09T16:33:10.688992+05:00,7,0,115.2,6,96,27,246,87,3
2026-09-09T11:34:09.980883+00:00,2026-09-09T16:34:09.980883+05:00,,,,6,,,,,
2026-09-09T11:35:10.093814+00:00,2026-09-09T16:35:10.093814+05:00,,,,6,,,,,
2026-09-09T11:36:09.982107+00:00,2026-09-09T16:36:09.982107+05:00,,,,6,,,,,
2026-09-09T11:37:10.117060+00:00,2026-09-09T16:37:10.117060+05:00,6,0,113.1,6,,,,,
2026-09-09T11:38:10.554924+00:00,2026-09-09T16:38:10.554924+05:00,,,,6,96,29,246,90,3
2026-09-09T11:39:10.009729+00:00,2026-09-09T16:39:10.009729+05:00,,,,6,,,,,
2026-09-09T11:40:10.260366+00:00,2026-09-09T16:40:10.260366+05:00,,,,6,,,,,
2026-09-09T11:41:10.296673+00:00,2026-09-09T16:41:10.296673+05:00,6,0,118.9,6,,,,,
2026-09-09T11:42:10.214696+00:00,2026-09-09T16:42:10.214696+05:00,,,,6,,,,,
2026-09-09T11:43:10.306933+00:00,2026-09-09T16:43:10.306933+05:00,,,,6,99,30,246,90,3
2026-09-09T11:44:10.330866+00:00,2026-09-09T16:44:10.330866+05:00,,,,6,,,,,
2026-09-09T11:45:10.150092+00:00,2026-09-09T16:45:10.150092+05:00,6,0,120.1,6,,,,,
2026-09-09T11:46:09.981346+00:00,2026-09-09T16:46:09.981346+05:00,,,,6,,,,,
2026-09-09T11:47:10.187781+00:00,2026-09-09T16:47:10.187781+05:00,,,,6,,,,,
2026-09-09T11:48:10.344329+00:00,2026-09-09T16:48:10.344329+05:00,,,,6,94,32,248,91,3
2026-09-09T11:49:10.327501+00:00,2026-09-09T16:49:10.327501+05:00,6,0,123.5,6,,,,,
2026-09-09T11:50:10.181845+00:00,2026-09-09T16:50:10.181845+05:00,,,,6,,,,,
2026-09-09T11:51:10.212914+00:00,2026-09-09T16:51:10.212914+05:00,,,,6,,,,,
2026-09-09T11:52:10.259588+00:00,2026-09-09T16:52:10.259588+05:00,,,,6,,,,,
2026-09-09T11:53:10.379075+00:00,2026-09-09T16:53:10.379075+05:00,6,0,121.8,6,97,32,247,92,3
2026-09-09T11:54:09.976460+00:00,2026-09-09T16:54:09.976460+05:00,,,,6,,,,,
2026-09-09T11:55:10.217932+00:00,2026-09-09T16:55:10.217932+05:00,,,,6,,,,,
2026-09-09T11:56:10.253573+00:00,2026-09-09T16:56:10.253573+05:00,,,,6,,,,,
2026-09-09T11:57:10.297233+00:00,2026-09-09T16:57:10.297233+05:00,7,0,116.6,6,,,,,
2026-09-09T11:58:11.451293+00:00,2026-09-09T16:58:11.451293+05:00,,,,6,99,32,247,96,3
2026-09-09T11:59:10.214596+00:00,2026-09-09T16:59:10.214596+05:00,,,,6,,,,,
2026-09-09T12:00:10.259151+00:00,2026-09-09T17:00:10.259151+05:00,,,,6,,,,,
2026-09-09T12:01:10.115793+00:00,2026-09-09T17:01:10.115793+05:00,7,0,118.5,6,,,,,
2026-09-09T12:02:10.259586+00:00,2026-09-09T17:02:10.259586+05:00,,,,6,,,,,
2026-09-09T12:03:10.375233+00:00,2026-09-09T17:03:10.375233+05:00,,,,6,94,33,246,99,3
2026-09-09T12:04:09.982302+00:00,2026-09-09T17:04:09.982302+05:00,,,,6,,,,,
2026-09-09T12:05:10.261154+00:00,2026-09-09T17:05:10.261154+05:00,7,0,122.2,6,,,,,
2026-09-09T12:06:10.260290+00:00,2026-09-09T17:06:10.260290+05:00,,,,6,,,,,
2026-09-09T12:07:10.260191+00:00,2026-09-09T17:07:10.260191+05:00,,,,6,,,,,
2026-09-09T12:08:10.644198+00:00,2026-09-09T17:08:10.644198+05:00,,,,6,90,34,247,102,3
2026-09-09T12:09:10.118162+00:00,2026-09-09T17:09:10.118162+05:00,7,0,123.2,7,,,,,
2026-09-09T12:10:10.260041+00:00,2026-09-09T17:10:10.260041+05:00,,,,7,,,,,
2026-09-09T12:11:10.224918+00:00,2026-09-09T17:11:10.224918+05:00,,,,7,,,,,
2026-09-09T12:12:10.178802+00:00,2026-09-09T17:12:10.178802+05:00,,,,7,,,,,
2026-09-09T12:13:10.553205+00:00,2026-09-09T17:13:10.553205+05:00,7,0,133.6,7,92,35,246,103,3
2026-09-09T12:14:09.863687+00:00,2026-09-09T17:14:09.863687+05:00,,,,7,,,,,
2026-09-09T12:15:10.216396+00:00,2026-09-09T17:15:10.216396+05:00,,,,7,,,,,
2026-09-09T12:16:10.196431+00:00,2026-09-09T17:16:10.196431+05:00,,,,8,,,,,
2026-09-09T12:17:10.214202+00:00,2026-09-09T17:17:10.214202+05:00,7,0,134.3,8,,,,,
2026-09-09T12:18:10.662199+00:00,2026-09-09T17:18:10.662199+05:00,,,,8,92,34,245,105,3
2026-09-09T12:19:10.215329+00:00,2026-09-09T17:19:10.215329+05:00,,,,8,,,,,
2026-09-09T12:20:10.271760+00:00,2026-09-09T17:20:10.271760+05:00,,,,8,,,,,
2026-09-09T12:21:10.249784+00:00,2026-09-09T17:21:10.249784+05:00,7,0,137.5,8,,,,,
2026-09-09T12:22:10.208076+00:00,2026-09-09T17:22:10.208076+05:00,,,,8,,,,,
2026-09-09T12:23:10.397250+00:00,2026-09-09T17:23:10.397250+05:00,,,,8,94,35,245,102,3
2026-09-09T12:24:10.074326+00:00,2026-09-09T17:24:10.074326+05:00,,,,8,,,,,
2026-09-09T12:25:10.228722+00:00,2026-09-09T17:25:10.228722+05:00,7,0,142.7,8,,,,,
2026-09-09T12:26:10.078809+00:00,2026-09-09T17:26:10.078809+05:00,,,,8,,,,,
2026-09-09T12:27:10.258500+00:00,2026-09-09T17:27:10.258500+05:00,,,,8,,,,,
2026-09-09T12:28:11.502148+00:00,2026-09-09T17:28:11.502148+05:00,,,,8,95,34,243,103,3
2026-09-09T12:29:10.246760+00:00,2026-09-09T17:29:10.246760+05:00,7,0,144.5,8,,,,,
2026-09-09T12:30:10.166461+00:00,2026-09-09T17:30:10.166461+05:00,,,,8,,,,,
2026-09-09T12:31:10.043775+00:00,2026-09-09T17:31:10.043775+05:00,,,,8,,,,,
2026-09-09T12:32:10.198630+00:00,2026-09-09T17:32:10.198630+05:00,,,,8,,,,,
2026-09-09T12:33:10.711824+00:00,2026-09-09T17:33:10.711824+05:00,7,0,138.3,8,86,34,245,100,3
2026-09-09T12:34:10.090424+00:00,2026-09-09T17:34:10.090424+05:00,,,,8,,,,,
2026-09-09T12:35:10.211409+00:00,2026-09-09T17:35:10.211409+05:00,,,,8,,,,,
2026-09-09T12:36:10.020806+00:00,2026-09-09T17:36:10.020806+05:00,,,,8,,,,,
2026-09-09T12:37:10.409776+00:00,2026-09-09T17:37:10.409776+05:00,7,0,144.4,8,,,,,
2026-09-09T12:38:10.500823+00:00,2026-09-09T17:38:10.500823+05:00,,,,8,87,34,244,98,3
2026-09-09T12:39:10.056862+00:00,2026-09-09T17:39:10.056862+05:00,,,,8,,,,,
2026-09-09T12:40:10.198434+00:00,2026-09-09T17:40:10.198434+05:00,,,,8,,,,,
2026-09-09T12:41:10.120699+00:00,2026-09-09T17:41:10.120699+05:00,7,0,146.1,8,,,,,
2026-09-09T12:42:10.188963+00:00,2026-09-09T17:42:10.188963+05:00,,,,8,,,,,
2026-09-09T12:43:10.313612+00:00,2026-09-09T17:43:10.313612+05:00,,,,8,89,34,244,101,4
2026-09-09T12:44:10.256895+00:00,2026-09-09T17:44:10.256895+05:00,,,,8,,,,,
2026-09-09T12:45:10.286787+00:00,2026-09-09T17:45:10.286787+05:00,7,0,151.1,8,,,,,
2026-09-09T12:46:10.249033+00:00,2026-09-09T17:46:10.249033+05:00,,,,8,,,,,
2026-09-09T12:47:10.266195+00:00,2026-09-09T17:47:10.266195+05:00,,,,8,,,,,
2026-09-09T12:48:10.766291+00:00,2026-09-09T17:48:10.766291+05:00,,,,8,93,36,244,107,3
2026-09-09T12:49:10.124916+00:00,2026-09-09T17:49:10.124916+05:00,7,0,151.2,8,,,,,
2026-09-09T12:50:10.077566+00:00,2026-09-09T17:50:10.077566+05:00,,,,8,,,,,
2026-09-09T12:51:10.341509+00:00,2026-09-09T17:51:10.341509+05:00,,,,8,,,,,
2026-09-09T12:52:10.260658+00:00,2026-09-09T17:52:10.260658+05:00,,,,8,,,,,
2026-09-09T12:53:10.321069+00:00,2026-09-09T17:53:10.321069+05:00,7,0,150.5,8,93,35,247,109,3
2026-09-09T12:54:10.264122+00:00,2026-09-09T17:54:10.264122+05:00,,,,8,,,,,
2026-09-09T12:55:10.180069+00:00,2026-09-09T17:55:10.180069+05:00,,,,8,,,,,
2026-09-09T12:56:10.258741+00:00,2026-09-09T17:56:10.258741+05:00,,,,8,,,,,
2026-09-09T12:57:10.230141+00:00,2026-09-09T17:57:10.230141+05:00,7,0,147.6,8,,,,,
2026-09-09T12:58:10.635653+00:00,2026-09-09T17:58:10.635653+05:00,,,,8,90,35,249,114,3
2026-09-09T12:59:10.222957+00:00,2026-09-09T17:59:10.222957+05:00,,,,8,,,,,
2026-09-09T13:00:09.876707+00:00,2026-09-09T18:00:09.876707+05:00,,,,8,,,,,
2026-09-09T13:01:10.298635+00:00,2026-09-09T18:01:10.298635+05:00,7,0,144.5,8,,,,,
2026-09-09T13:02:09.891068+00:00,2026-09-09T18:02:09.891068+05:00,,,,8,,,,,
2026-09-09T13:03:10.515152+00:00,2026-09-09T18:03:10.515152+05:00,,,,8,87,34,248,119,3
2026-09-09T13:04:10.016649+00:00,2026-09-09T18:04:10.016649+05:00,,,,8,,,,,
2026-09-09T13:05:10.186593+00:00,2026-09-09T18:05:10.186593+05:00,7,0,144.0,8,,,,,
2026-09-09T13:06:09.999258+00:00,2026-09-09T18:06:09.999258+05:00,,,,8,,,,,
2026-09-09T13:07:10.614336+00:00,2026-09-09T18:07:10.614336+05:00,,,,8,,,,,
2026-09-09T13:08:10.589190+00:00,2026-09-09T18:08:10.589190+05:00,,,,8,86,34,248,122,3
2026-09-09T13:09:10.288678+00:00,2026-09-09T18:09:10.288678+05:00,7,0,144.6,8,,,,,
2026-09-09T13:10:10.034488+00:00,2026-09-09T18:10:10.034488+05:00,,,,8,,,,,
2026-09-09T13:11:10.031814+00:00,2026-09-09T18:11:10.031814+05:00,,,,8,,,,,
2026-09-09T13:12:09.983858+00:00,2026-09-09T18:12:09.983858+05:00,,,,8,,,,,
2026-09-09T13:13:13.277749+00:00,2026-09-09T18:13:13.277749+05:00,7,0,146.1,8,82,29,247,121,3
2026-09-09T13:14:10.210340+00:00,2026-09-09T18:14:10.210340+05:00,,,,9,,,,,
2026-09-09T13:15:10.278102+00:00,2026-09-09T18:15:10.278102+05:00,,,,9,,,,,
2026-09-09T13:16:10.086068+00:00,2026-09-09T18:16:10.086068+05:00,,,,9,,,,,
2026-09-09T13:17:10.975848+00:00,2026-09-09T18:17:10.975848+05:00,7,0,145.3,9,,,,,
2026-09-09T13:18:10.448470+00:00,2026-09-09T18:18:10.448470+05:00,,,,9,86,30,247,122,3
2026-09-09T13:19:10.192044+00:00,2026-09-09T18:19:10.192044+05:00,,,,9,,,,,
2026-09-09T13:20:10.278038+00:00,2026-09-09T18:20:10.278038+05:00,,,,9,,,,,
2026-09-09T13:21:10.121598+00:00,2026-09-09T18:21:10.121598+05:00,8,0,153.5,9,,,,,
2026-09-09T13:22:09.881866+00:00,2026-09-09T18:22:09.881866+05:00,,,,9,,,,,
2026-09-09T13:23:10.365240+00:00,2026-09-09T18:23:10.365240+05:00,,,,9,85,26,247,123,3
2026-09-09T13:24:10.325394+00:00,2026-09-09T18:24:10.325394+05:00,,,,9,,,,,
2026-09-09T13:25:13.268621+00:00,2026-09-09T18:25:13.268621+05:00,8,0,152.4,9,,,,,
2026-09-09T13:26:10.034490+00:00,2026-09-09T18:26:10.034490+05:00,,,,9,,,,,
2026-09-09T13:27:09.994240+00:00,2026-09-09T18:27:09.994240+05:00,,,,9,,,,,
2026-09-09T13:28:10.631653+00:00,2026-09-09T18:28:10.631653+05:00,,,,9,85,25,247,121,3
2026-09-09T13:29:13.288547+00:00,2026-09-09T18:29:13.288547+05:00,8,0,152.9,9,,,,,
2026-09-09T13:30:10.200921+00:00,2026-09-09T18:30:10.200921+05:00,,,,9,,,,,
2026-09-09T13:31:10.221076+00:00,2026-09-09T18:31:10.221076+05:00,,,,9,,,,,
2026-09-09T13:32:09.998506+00:00,2026-09-09T18:32:09.998506+05:00,,,,9,,,,,
2026-09-09T13:33:13.394790+00:00,2026-09-09T18:33:13.394790+05:00,8,0,155.6,9,89,26,248,124,4
2026-09-09T13:34:10.283286+00:00,2026-09-09T18:34:10.283286+05:00,,,,9,,,,,
2026-09-09T13:35:10.175155+00:00,2026-09-09T18:35:10.175155+05:00,,,,9,,,,,
2026-09-09T13:36:10.010601+00:00,2026-09-09T18:36:10.010601+05:00,,,,9,,,,,
2026-09-09T13:37:10.205349+00:00,2026-09-09T18:37:10.205349+05:00,8,0,157.0,9,,,,,
2026-09-09T13:38:10.637629+00:00,2026-09-09T18:38:10.637629+05:00,,,,9,92,26,248,127,4
2026-09-09T13:39:10.264068+00:00,2026-09-09T18:39:10.264068+05:00,,,,9,,,,,
2026-09-09T13:40:10.268681+00:00,2026-09-09T18:40:10.268681+05:00,,,,9,,,,,
2026-09-09T13:41:10.257338+00:00,2026-09-09T18:41:10.257338+05:00,8,0,151.9,9,,,,,
2026-09-09T13:42:10.169925+00:00,2026-09-09T18:42:10.169925+05:00,,,,9,,,,,
2026-09-09T13:43:38.098546+00:00,2026-09-09T18:43:38.098546+05:00,8,0,153.4,9,88,26,247,127,4
2026-09-09T13:44:34.109327+00:00,2026-09-09T18:44:34.109327+05:00,,,,8,,,,,
2026-09-09T13:45:34.079042+00:00,2026-09-09T18:45:34.079042+05:00,,,,8,,,,,
2026-09-09T13:46:34.215404+00:00,2026-09-09T18:46:34.215404+05:00,,,,9,,,,,
2026-09-09T13:47:37.442387+00:00,2026-09-09T18:47:37.442387+05:00,7,0,153.8,9,,,,,
2026-09-09T13:48:34.829126+00:00,2026-09-09T18:48:34.829126+05:00,,,,9,91,27,245,129,4
2026-09-09T13:49:34.551355+00:00,2026-09-09T18:49:34.551355+05:00,,,,8,,,,,
2026-09-09T13:50:34.449541+00:00,2026-09-09T18:50:34.449541+05:00,,,,8,,,,,
2026-09-09T13:51:35.101626+00:00,2026-09-09T18:51:35.101626+05:00,7,0,154.0,8,,,,,
2026-09-09T13:52:34.427700+00:00,2026-09-09T18:52:34.427700+05:00,,,,8,,,,,
2026-09-09T13:53:34.843780+00:00,2026-09-09T18:53:34.843780+05:00,,,,8,90,29,245,133,3
2026-09-09T13:54:34.075618+00:00,2026-09-09T18:54:34.075618+05:00,,,,8,,,,,
2026-09-09T13:55:34.457641+00:00,2026-09-09T18:55:34.457641+05:00,7,0,151.8,8,,,,,
2026-09-09T13:56:34.416642+00:00,2026-09-09T18:56:34.416642+05:00,,,,8,,,,,
2026-09-09T13:57:34.575613+00:00,2026-09-09T18:57:34.575613+05:00,,,,8,,,,,
2026-09-09T13:58:34.894290+00:00,2026-09-09T18:58:34.894290+05:00,,,,8,89,29,247,137,3
2026-09-09T13:59:34.611638+00:00,2026-09-09T18:59:34.611638+05:00,7,0,146.2,8,,,,,
2026-09-09T14:00:34.479787+00:00,2026-09-09T19:00:34.479787+05:00,,,,7,,,,,
2026-09-09T14:01:34.437382+00:00,2026-09-09T19:01:34.437382+05:00,,,,7,,,,,
2026-09-09T14:02:34.526800+00:00,2026-09-09T19:02:34.526800+05:00,,,,7,,,,,
2026-09-09T14:03:35.058770+00:00,2026-09-09T19:03:35.058770+05:00,7,0,145.1,7,91,30,247,137,3
2026-09-09T14:04:34.495824+00:00,2026-09-09T19:04:34.495824+05:00,,,,7,,,,,
2026-09-09T14:05:34.540987+00:00,2026-09-09T19:05:34.540987+05:00,,,,7,,,,,
2026-09-09T14:06:34.483160+00:00,2026-09-09T19:06:34.483160+05:00,,,,7,,,,,
2026-09-09T14:07:34.545727+00:00,2026-09-09T19:07:34.545727+05:00,7,0,140.1,7,,,,,
2026-09-09T14:08:34.913439+00:00,2026-09-09T19:08:34.913439+05:00,,,,7,90,29,244,139,3
2026-09-09T14:09:34.408315+00:00,2026-09-09T19:09:34.408315+05:00,,,,7,,,,,
2026-09-09T14:10:34.550243+00:00,2026-09-09T19:10:34.550243+05:00,,,,7,,,,,
2026-09-09T14:11:34.495736+00:00,2026-09-09T19:11:34.495736+05:00,7,0,139.1,7,,,,,
2026-09-09T14:12:34.338404+00:00,2026-09-09T19:12:34.338404+05:00,,,,7,,,,,
2026-09-09T14:13:34.632675+00:00,2026-09-09T19:13:34.632675+05:00,,,,7,87,30,244,143,3
2026-09-09T14:14:34.408280+00:00,2026-09-09T19:14:34.408280+05:00,,,,7,,,,,
2026-09-09T14:15:34.555561+00:00,2026-09-09T19:15:34.555561+05:00,7,0,133.5,7,,,,,
2026-09-09T14:16:34.415483+00:00,2026-09-09T19:16:34.415483+05:00,,,,7,,,,,
2026-09-09T14:17:34.435430+00:00,2026-09-09T19:17:34.435430+05:00,,,,7,,,,,
2026-09-09T14:18:34.886399+00:00,2026-09-09T19:18:34.886399+05:00,,,,7,92,29,244,147,3
2026-09-09T14:19:34.472846+00:00,2026-09-09T19:19:34.472846+05:00,7,0,137.1,7,,,,,
2026-09-09T14:20:34.093147+00:00,2026-09-09T19:20:34.093147+05:00,,,,6,,,,,
2026-09-09T14:21:34.483423+00:00,2026-09-09T19:21:34.483423+05:00,,,,6,,,,,
2026-09-09T14:22:34.467265+00:00,2026-09-09T19:22:34.467265+05:00,,,,6,,,,,
2026-09-09T14:23:34.860902+00:00,2026-09-09T19:23:34.860902+05:00,7,0,132.8,6,98,28,243,148,3
2026-09-09T14:24:34.461459+00:00,2026-09-09T19:24:34.461459+05:00,,,,6,,,,,
2026-09-09T14:25:34.470191+00:00,2026-09-09T19:25:34.470191+05:00,,,,6,,,,,
2026-09-09T14:26:34.422052+00:00,2026-09-09T19:26:34.422052+05:00,,,,6,,,,,
2026-09-09T14:27:34.636834+00:00,2026-09-09T19:27:34.636834+05:00,7,0,128.4,6,,,,,
2026-09-09T14:28:34.964835+00:00,2026-09-09T19:28:34.964835+05:00,,,,6,103,30,247,148,3
2026-09-09T14:29:34.271298+00:00,2026-09-09T19:29:34.271298+05:00,,,,6,,,,,
2026-09-09T14:30:34.221784+00:00,2026-09-09T19:30:34.221784+05:00,,,,6,,,,,
2026-09-09T14:31:34.508239+00:00,2026-09-09T19:31:34.508239+05:00,7,0,127.6,6,,,,,
2026-09-09T14:32:34.264698+00:00,2026-09-09T19:32:34.264698+05:00,,,,6,,,,,
2026-09-09T14:33:34.701676+00:00,2026-09-09T19:33:34.701676+05:00,,,,6,105,30,247,144,3
2026-09-09T14:34:34.469065+00:00,2026-09-09T19:34:34.469065+05:00,,,,6,,,,,
2026-09-09T14:35:34.377981+00:00,2026-09-09T19:35:34.377981+05:00,7,0,120.9,6,,,,,
2026-09-09T14:36:34.265099+00:00,2026-09-09T19:36:34.265099+05:00,,,,6,,,,,
2026-09-09T14:37:34.483423+00:00,2026-09-09T19:37:34.483423+05:00,,,,6,,,,,
2026-09-09T14:38:34.876465+00:00,2026-09-09T19:38:34.876465+05:00,,,,6,103,28,247,146,3
2026-09-09T14:39:34.541752+00:00,2026-09-09T19:39:34.541752+05:00,6,0,125.0,6,,,,,
2026-09-09T14:40:34.524709+00:00,2026-09-09T19:40:34.524709+05:00,,,,6,,,,,
2026-09-09T14:41:34.346738+00:00,2026-09-09T19:41:34.346738+05:00,,,,5,,,,,
2026-09-09T14:42:34.478106+00:00,2026-09-09T19:42:34.478106+05:00,,,,5,,,,,
2026-09-09T14:43:34.891403+00:00,2026-09-09T19:43:34.891403+05:00,6,0,121.8,5,106,27,249,145,3
2026-09-09T14:44:34.230056+00:00,2026-09-09T19:44:34.230056+05:00,,,,5,,,,,
2026-09-09T14:45:34.418451+00:00,2026-09-09T19:45:34.418451+05:00,,,,5,,,,,
2026-09-09T14:46:34.468327+00:00,2026-09-09T19:46:34.468327+05:00,,,,5,,,,,
2026-09-09T14:47:37.741885+00:00,2026-09-09T19:47:37.741885+05:00,6,0,117.2,5,,,,,
2026-09-09T14:48:34.903655+00:00,2026-09-09T19:48:34.903655+05:00,,,,5,101,25,245,142,3
2026-09-09T14:49:34.411238+00:00,2026-09-09T19:49:34.411238+05:00,,,,5,,,,,
2026-09-09T14:50:34.434503+00:00,2026-09-09T19:50:34.434503+05:00,,,,5,,,,,
2026-09-09T14:51:34.579518+00:00,2026-09-09T19:51:34.579518+05:00,5,0,112.7,5,,,,,
2026-09-09T14:52:34.480495+00:00,2026-09-09T19:52:34.480495+05:00,,,,5,,,,,
2026-09-09T14:53:34.918259+00:00,2026-09-09T19:53:34.918259+05:00,,,,5,99,25,245,146,3
2026-09-09T14:54:34.427864+00:00,2026-09-09T19:54:34.427864+05:00,,,,5,,,,,
2026-09-09T14:55:34.532302+00:00,2026-09-09T19:55:34.532302+05:00,5,0,110.0,5,,,,,
2026-09-09T14:56:34.518363+00:00,2026-09-09T19:56:34.518363+05:00,,,,4,,,,,
2026-09-09T14:57:34.457609+00:00,2026-09-09T19:57:34.457609+05:00,,,,4,,,,,
2026-09-09T14:58:34.842344+00:00,2026-09-09T19:58:34.842344+05:00,,,,4,97,24,240,150,2
2026-09-09T14:59:36.515301+00:00,2026-09-09T19:59:36.515301+05:00,5,0,106.2,4,,,,,
2026-09-09T15:00:34.426132+00:00,2026-09-09T20:00:34.426132+05:00,,,,4,,,,,
2026-09-09T15:01:34.084477+00:00,2026-09-09T20:01:34.084477+05:00,,,,4,,,,,
2026-09-09T15:02:34.581292+00:00,2026-09-09T20:02:34.581292+05:00,,,,4,,,,,
2026-09-09T15:03:34.817918+00:00,2026-09-09T20:03:34.817918+05:00,4,0,104.8,4,93,21,241,148,2
2026-09-09T15:04:34.450817+00:00,2026-09-09T20:04:34.450817+05:00,,,,4,,,,,
2026-09-09T15:05:34.417906+00:00,2026-09-09T20:05:34.417906+05:00,,,,4,,,,,
2026-09-09T15:06:34.448836+00:00,2026-09-09T20:06:34.448836+05:00,,,,4,,,,,
2026-09-09T15:07:34.407267+00:00,2026-09-09T20:07:34.407267+05:00,4,0,104.9,4,,,,,
2026-09-09T15:08:34.597122+00:00,2026-09-09T20:08:34.597122+05:00,,,,4,92,22,241,147,1
2026-09-09T15:09:34.259216+00:00,2026-09-09T20:09:34.259216+05:00,,,,4,,,,,
2026-09-09T15:10:34.257192+00:00,2026-09-09T20:10:34.257192+05:00,,,,4,,,,,
2026-09-09T15:11:34.546483+00:00,2026-09-09T20:11:34.546483+05:00,4,0,,4,,,,,
2026-09-09T15:12:34.418647+00:00,2026-09-09T20:12:34.418647+05:00,,,,4,,,,,
2026-09-09T15:13:34.794857+00:00,2026-09-09T20:13:34.794857+05:00,,,,4,91,21,244,146,1
2026-09-09T15:14:34.431389+00:00,2026-09-09T20:14:34.431389+05:00,,,,4,,,,,
2026-09-09T15:15:35.013988+00:00,2026-09-09T20:15:35.013988+05:00,4,0,,4,,,,,
2026-09-09T15:16:34.402969+00:00,2026-09-09T20:16:34.402969+05:00,,,,4,,,,,
2026-09-09T15:17:34.445303+00:00,2026-09-09T20:17:34.445303+05:00,,,,4,,,,,
2026-09-09T15:18:34.805338+00:00,2026-09-09T20:18:34.805338+05:00,,,,4,88,20,244,147,1
2026-09-09T15:19:34.534954+00:00,2026-09-09T20:19:34.534954+05:00,4,0,,3,,,,,
2026-09-09T15:20:34.433842+00:00,2026-09-09T20:20:34.433842+05:00,,,,3,,,,,
2026-09-09T15:21:34.299921+00:00,2026-09-09T20:21:34.299921+05:00,,,,3,,,,,
2026-09-09T15:22:34.511665+00:00,2026-09-09T20:22:34.511665+05:00,,,,3,,,,,
2026-09-09T15:23:34.651552+00:00,2026-09-09T20:23:34.651552+05:00,4,0,,3,92,19,244,150,1
2026-09-09T15:24:34.323754+00:00,2026-09-09T20:24:34.323754+05:00,,,,3,,,,,
2026-09-09T15:25:34.088547+00:00,2026-09-09T20:25:34.088547+05:00,,,,3,,,,,
2026-09-09T15:26:34.493826+00:00,2026-09-09T20:26:34.493826+05:00,,,,3,,,,,
2026-09-09T15:27:37.753721+00:00,2026-09-09T20:27:37.753721+05:00,4,0,101.0,3,,,,,
2026-09-09T15:28:34.819490+00:00,2026-09-09T20:28:34.819490+05:00,,,,3,92,20,244,146,1
2026-09-09T15:29:34.573188+00:00,2026-09-09T20:29:34.573188+05:00,,,,3,,,,,
2026-09-09T15:30:34.476127+00:00,2026-09-09T20:30:34.476127+05:00,,,,3,,,,,
2026-09-09T15:31:34.447346+00:00,2026-09-09T20:31:34.447346+05:00,4,0,,3,,,,,
2026-09-09T15:32:34.221588+00:00,2026-09-09T20:32:34.221588+05:00,,,,3,,,,,
2026-09-09T15:33:34.916256+00:00,2026-09-09T20:33:34.916256+05:00,,,,3,95,19,244,140,1
2026-09-09T15:34:34.283530+00:00,2026-09-09T20:34:34.283530+05:00,,,,3,,,,,
2026-09-09T15:35:34.569243+00:00,2026-09-09T20:35:34.569243+05:00,4,0,,3,,,,,
2026-09-09T15:36:34.453681+00:00,2026-09-09T20:36:34.453681+05:00,,,,3,,,,,
2026-09-09T15:37:34.066554+00:00,2026-09-09T20:37:34.066554+05:00,,,,3,,,,,
2026-09-09T15:38:34.581605+00:00,2026-09-09T20:38:34.581605+05:00,,,,3,95,20,243,139,1
2026-09-09T15:39:34.485728+00:00,2026-09-09T20:39:34.485728+05:00,4,0,,3,,,,,
2026-09-09T15:40:34.431362+00:00,2026-09-09T20:40:34.431362+05:00,,,,3,,,,,
2026-09-09T15:41:34.428677+00:00,2026-09-09T20:41:34.428677+05:00,,,,3,,,,,
2026-09-09T15:42:34.416506+00:00,2026-09-09T20:42:34.416506+05:00,,,,3,,,,,
2026-09-09T15:43:34.848656+00:00,2026-09-09T20:43:34.848656+05:00,3,0,,3,95,19,243,138,0
2026-09-09T15:44:34.461406+00:00,2026-09-09T20:44:34.461406+05:00,,,,3,,,,,
2026-09-09T15:45:34.427867+00:00,2026-09-09T20:45:34.427867+05:00,,,,3,,,,,
2026-09-09T15:46:34.498567+00:00,2026-09-09T20:46:34.498567+05:00,,,,3,,,,,
2026-09-09T15:47:34.413326+00:00,2026-09-09T20:47:34.413326+05:00,3,0,,3,,,,,
2026-09-09T15:48:34.857080+00:00,2026-09-09T20:48:34.857080+05:00,,,,3,88,17,243,136,0
2026-09-09T15:49:34.406685+00:00,2026-09-09T20:49:34.406685+05:00,,,,2,,,,,
2026-09-09T15:50:34.278137+00:00,2026-09-09T20:50:34.278137+05:00,,,,2,,,,,
2026-09-09T15:51:35.419930+00:00,2026-09-09T20:51:35.419930+05:00,3,0,,2,,,,,
2026-09-09T15:52:34.287127+00:00,2026-09-09T20:52:34.287127+05:00,,,,2,,,,,
2026-09-09T15:53:34.763412+00:00,2026-09-09T20:53:34.763412+05:00,,,,2,86,17,244,136,2
2026-09-09T15:54:34.480803+00:00,2026-09-09T20:54:34.480803+05:00,,,,2,,,,,
2026-09-09T15:55:34.393901+00:00,2026-09-09T20:55:34.393901+05:00,3,0,,2,,,,,
2026-09-09T15:56:34.762044+00:00,2026-09-09T20:56:34.762044+05:00,,,,2,,,,,
2026-09-09T15:57:34.496626+00:00,2026-09-09T20:57:34.496626+05:00,,,,2,,,,,
2026-09-09T15:58:34.828230+00:00,2026-09-09T20:58:34.828230+05:00,,,,2,79,16,243,135,2
2026-09-09T15:59:34.598655+00:00,2026-09-09T20:59:34.598655+05:00,3,0,,2,,,,,
2026-09-09T16:00:34.442811+00:00,2026-09-09T21:00:34.442811+05:00,,,,2,,,,,
2026-09-09T16:01:34.280585+00:00,2026-09-09T21:01:34.280585+05:00,,,,2,,,,,
2026-09-09T16:02:35.587834+00:00,2026-09-09T21:02:35.587834+05:00,,,,2,,,,,
2026-09-09T16:03:37.512822+00:00,2026-09-09T21:03:37.512822+05:00,3,0,,2,80,16,242,139,2
2026-09-09T16:04:34.252944+00:00,2026-09-09T21:04:34.252944+05:00,,,,2,,,,,
2026-09-09T16:05:34.071862+00:00,2026-09-09T21:05:34.071862+05:00,,,,2,,,,,
2026-09-09T16:06:34.240181+00:00,2026-09-09T21:06:34.240181+05:00,,,,2,,,,,
2026-09-09T16:07:34.561154+00:00,2026-09-09T21:07:34.561154+05:00,3,0,,2,,,,,
2026-09-09T16:08:34.603297+00:00,2026-09-09T21:08:34.603297+05:00,,,,2,79,16,241,128,2
2026-09-09T16:09:34.202460+00:00,2026-09-09T21:09:34.202460+05:00,,,,2,,,,,
2026-09-09T16:10:34.498977+00:00,2026-09-09T21:10:34.498977+05:00,,,,2,,,,,
2026-09-09T16:11:34.409586+00:00,2026-09-09T21:11:34.409586+05:00,2,0,,2,,,,,
2026-09-09T16:12:34.286285+00:00,2026-09-09T21:12:34.286285+05:00,,,,2,,,,,
2026-09-09T16:13:34.593803+00:00,2026-09-09T21:13:34.593803+05:00,,,,2,70,16,241,125,2
2026-09-09T16:14:34.444212+00:00,2026-09-09T21:14:34.444212+05:00,,,,2,,,,,
2026-09-09T16:15:34.539108+00:00,2026-09-09T21:15:34.539108+05:00,2,0,,2,,,,,
2026-09-09T16:16:34.665675+00:00,2026-09-09T21:16:34.665675+05:00,,,,2,,,,,
2026-09-09T16:17:34.414796+00:00,2026-09-09T21:17:34.414796+05:00,,,,2,,,,,
2026-09-09T16:18:34.812623+00:00,2026-09-09T21:18:34.812623+05:00,,,,2,71,15,241,123,3
2026-09-09T16:19:34.445918+00:00,2026-09-09T21:19:34.445918+05:00,2,0,,2,,,,,
2026-09-09T16:20:34.523316+00:00,2026-09-09T21:20:34.523316+05:00,,,,2,,,,,
2026-09-09T16:21:34.471703+00:00,2026-09-09T21:21:34.471703+05:00,,,,2,,,,,
2026-09-09T16:22:34.667213+00:00,2026-09-09T21:22:34.667213+05:00,,,,2,,,,,
2026-09-09T16:23:37.635941+00:00,2026-09-09T21:23:37.635941+05:00,2,0,,2,72,14,241,123,2
2026-09-09T16:24:34.212460+00:00,2026-09-09T21:24:34.212460+05:00,,,,2,,,,,
2026-09-09T16:25:34.406310+00:00,2026-09-09T21:25:34.406310+05:00,,,,2,,,,,
2026-09-09T16:26:34.598654+00:00,2026-09-09T21:26:34.598654+05:00,,,,2,,,,,
2026-09-09T16:27:34.605495+00:00,2026-09-09T21:27:34.605495+05:00,2,0,,2,,,,,
2026-09-09T16:28:34.773971+00:00,2026-09-09T21:28:34.773971+05:00,,,,2,69,14,241,115,2
2026-09-09T16:29:34.437934+00:00,2026-09-09T21:29:34.437934+05:00,,,,2,,,,,
2026-09-09T16:30:34.495464+00:00,2026-09-09T21:30:34.495464+05:00,,,,2,,,,,
2026-09-09T16:31:37.680384+00:00,2026-09-09T21:31:37.680384+05:00,2,0,,2,,,,,
2026-09-09T16:32:34.485814+00:00,2026-09-09T21:32:34.485814+05:00,,,,2,,,,,
2026-09-09T16:33:34.615407+00:00,2026-09-09T21:33:34.615407+05:00,,,,2,71,13,240,111,2
2026-09-09T16:34:34.447340+00:00,2026-09-09T21:34:34.447340+05:00,,,,2,,,,,
2026-09-09T16:35:37.513284+00:00,2026-09-09T21:35:37.513284+05:00,2,0,,2,,,,,
2026-09-09T16:36:34.748583+00:00,2026-09-09T21:36:34.748583+05:00,,,,2,,,,,
2026-09-09T16:37:34.496658+00:00,2026-09-09T21:37:34.496658+05:00,,,,2,,,,,
2026-09-09T16:38:48.883470+00:00,2026-09-09T21:38:48.883470+05:00,,,,2,72,13,240,111,2
2026-09-09T16:39:46.985183+00:00,2026-09-09T21:39:46.985183+05:00,2,0,,2,,,,,
2026-09-09T16:40:34.271929+00:00,2026-09-09T21:40:34.271929+05:00,,,,2,,,,,
2026-09-09T16:41:34.527169+00:00,2026-09-09T21:41:34.527169+05:00,,,,2,,,,,
2026-09-09T16:42:34.552595+00:00,2026-09-09T21:42:34.552595+05:00,,,,2,,,,,
2026-09-09T16:43:35.042462+00:00,2026-09-09T21:43:35.042462+05:00,2,0,,2,74,12,240,108,2
2026-09-09T16:44:34.313319+00:00,2026-09-09T21:44:34.313319+05:00,,,,1,,,,,
2026-09-09T16:45:34.531410+00:00,2026-09-09T21:45:34.531410+05:00,,,,1,,,,,
2026-09-09T16:46:34.501433+00:00,2026-09-09T21:46:34.501433+05:00,,,,1,,,,,
2026-09-09T16:47:37.704149+00:00,2026-09-09T21:47:37.704149+05:00,2,0,,1,,,,,
2026-09-09T16:48:34.890700+00:00,2026-09-09T21:48:34.890700+05:00,,,,1,70,11,239,107,2
2026-09-09T16:49:34.308160+00:00,2026-09-09T21:49:34.308160+05:00,,,,1,,,,,
2026-09-09T16:50:34.535938+00:00,2026-09-09T21:50:34.535938+05:00,,,,1,,,,,
2026-09-09T16:51:34.436746+00:00,2026-09-09T21:51:34.436746+05:00,2,0,,1,,,,,
2026-09-09T16:52:34.363473+00:00,2026-09-09T21:52:34.363473+05:00,,,,1,,,,,
2026-09-09T16:53:34.888494+00:00,2026-09-09T21:53:34.888494+05:00,,,,1,66,10,238,103,2
2026-09-09T16:54:34.291986+00:00,2026-09-09T21:54:34.291986+05:00,,,,1,,,,,
2026-09-09T16:55:34.559039+00:00,2026-09-09T21:55:34.559039+05:00,1,0,,1,,,,,
2026-09-09T16:56:34.608159+00:00,2026-09-09T21:56:34.608159+05:00,,,,1,,,,,
2026-09-09T16:57:34.502122+00:00,2026-09-09T21:57:34.502122+05:00,,,,1,,,,,
2026-09-09T16:58:34.632301+00:00,2026-09-09T21:58:34.632301+05:00,,,,1,61,9,238,95,2
2026-09-09T16:59:34.401622+00:00,2026-09-09T21:59:34.401622+05:00,1,0,,1,,,,,
2026-09-09T17:00:34.718722+00:00,2026-09-09T22:00:34.718722+05:00,,,,1,,,,,
2026-09-09T17:01:34.646423+00:00,2026-09-09T22:01:34.646423+05:00,,,,1,,,,,
2026-09-09T17:02:34.457325+00:00,2026-09-09T22:02:34.457325+05:00,,,,1,,,,,
2026-09-09T17:03:37.734122+00:00,2026-09-09T22:03:37.734122+05:00,1,0,,1,57,9,238,92,2
2026-09-09T17:04:34.260151+00:00,2026-09-09T22:04:34.260151+05:00,,,,1,,,,,
2026-09-09T17:05:34.464909+00:00,2026-09-09T22:05:34.464909+05:00,,,,1,,,,,
2026-09-09T17:06:34.657400+00:00,2026-09-09T22:06:34.657400+05:00,,,,1,,,,,
2026-09-09T17:07:35.810850+00:00,2026-09-09T22:07:35.810850+05:00,1,0,,1,,,,,
2026-09-09T17:08:34.907412+00:00,2026-09-09T22:08:34.907412+05:00,,,,1,54,9,238,89,2
2026-09-09T17:09:34.635188+00:00,2026-09-09T22:09:34.635188+05:00,,,,1,,,,,
2026-09-09T17:10:34.457422+00:00,2026-09-09T22:10:34.457422+05:00,,,,1,,,,,
2026-09-09T17:11:35.250791+00:00,2026-09-09T22:11:35.250791+05:00,1,0,,1,,,,,
2026-09-09T17:12:34.491847+00:00,2026-09-09T22:12:34.491847+05:00,,,,1,,,,,
2026-09-09T17:13:34.779160+00:00,2026-09-09T22:13:34.779160+05:00,,,,1,51,8,238,83,2
2026-09-09T17:14:34.536785+00:00,2026-09-09T22:14:34.536785+05:00,,,,1,,,,,
2026-09-09T17:15:34.622959+00:00,2026-09-09T22:15:34.622959+05:00,1,0,,1,,,,,
2026-09-09T17:16:34.473785+00:00,2026-09-09T22:16:34.473785+05:00,,,,1,,,,,
2026-09-09T17:17:34.521728+00:00,2026-09-09T22:17:34.521728+05:00,,,,1,,,,,
2026-09-09T17:18:34.799126+00:00,2026-09-09T22:18:34.799126+05:00,,,,1,51,10,238,76,2
2026-09-09T17:19:34.761217+00:00,2026-09-09T22:19:34.761217+05:00,1,0,,1,,,,,
2026-09-09T17:20:34.554773+00:00,2026-09-09T22:20:34.554773+05:00,,,,1,,,,,
2026-09-09T17:21:34.476172+00:00,2026-09-09T22:21:34.476172+05:00,,,,1,,,,,
2026-09-09T17:22:34.582605+00:00,2026-09-09T22:22:34.582605+05:00,,,,1,,,,,
2026-09-09T17:23:34.757805+00:00,2026-09-09T22:23:34.757805+05:00,1,0,,1,47,9,238,72,1
2026-09-09T17:24:34.500488+00:00,2026-09-09T22:24:34.500488+05:00,,,,1,,,,,
2026-09-09T17:25:34.554628+00:00,2026-09-09T22:25:34.554628+05:00,,,,1,,,,,
2026-09-09T17:26:34.172075+00:00,2026-09-09T22:26:34.172075+05:00,,,,1,,,,,
2026-09-09T17:27:38.333103+00:00,2026-09-09T22:27:38.333103+05:00,1,0,,1,,,,,
2026-09-09T17:28:34.892644+00:00,2026-09-09T22:28:34.892644+05:00,,,,1,49,7,239,64,1
2026-09-09T17:29:34.481058+00:00,2026-09-09T22:29:34.481058+05:00,,,,1,,,,,
2026-09-09T17:30:34.296516+00:00,2026-09-09T22:30:34.296516+05:00,,,,1,,,,,
2026-09-09T17:31:35.471213+00:00,2026-09-09T22:31:35.471213+05:00,1,0,48.6,1,,,,,
2026-09-09T17:32:34.491443+00:00,2026-09-09T22:32:34.491443+05:00,,,,1,,,,,
2026-09-09T17:33:34.590048+00:00,2026-09-09T22:33:34.590048+05:00,,,,1,45,7,239,62,2
2026-09-09T17:34:34.510084+00:00,2026-09-09T22:34:34.510084+05:00,,,,1,,,,,
2026-09-09T17:35:34.610869+00:00,2026-09-09T22:35:34.610869+05:00,1,0,,1,,,,,
2026-09-09T17:36:34.552422+00:00,2026-09-09T22:36:34.552422+05:00,,,,1,,,,,
2026-09-09T17:37:34.614333+00:00,2026-09-09T22:37:34.614333+05:00,,,,1,,,,,
2026-09-09T17:38:34.771428+00:00,2026-09-09T22:38:34.771428+05:00,,,,1,39,7,239,65,2
2026-09-09T17:39:34.419328+00:00,2026-09-09T22:39:34.419328+05:00,1,0,,1,,,,,
2026-09-09T17:40:34.557061+00:00,2026-09-09T22:40:34.557061+05:00,,,,1,,,,,
2026-09-09T17:41:34.484041+00:00,2026-09-09T22:41:34.484041+05:00,,,,1,,,,,
2026-09-09T17:42:34.654982+00:00,2026-09-09T22:42:34.654982+05:00,,,,1,,,,,
2026-09-09T17:43:34.708488+00:00,2026-09-09T22:43:34.708488+05:00,1,0,,1,42,7,238,63,2
2026-09-09T17:44:34.521439+00:00,2026-09-09T22:44:34.521439+05:00,,,,1,,,,,
2026-09-09T17:45:34.160921+00:00,2026-09-09T22:45:34.160921+05:00,,,,1,,,,,
2026-09-09T17:46:34.612998+00:00,2026-09-09T22:46:34.612998+05:00,,,,1,,,,,
2026-09-09T17:47:34.416562+00:00,2026-09-09T22:47:34.416562+05:00,1,0,,1,,,,,
2026-09-09T17:48:34.900678+00:00,2026-09-09T22:48:34.900678+05:00,,,,1,41,7,238,61,1
2026-09-09T17:49:34.528072+00:00,2026-09-09T22:49:34.528072+05:00,,,,1,,,,,
2026-09-09T17:50:34.536376+00:00,2026-09-09T22:50:34.536376+05:00,,,,1,,,,,
2026-09-09T17:51:34.636055+00:00,2026-09-09T22:51:34.636055+05:00,1,0,,1,,,,,
2026-09-09T17:52:34.535545+00:00,2026-09-09T22:52:34.535545+05:00,,,,1,,,,,
2026-09-09T17:53:34.668034+00:00,2026-09-09T22:53:34.668034+05:00,,,,1,41,7,238,61,1
2026-09-09T17:54:34.485665+00:00,2026-09-09T22:54:34.485665+05:00,,,,1,,,,,
2026-09-09T17:55:34.465650+00:00,2026-09-09T22:55:34.465650+05:00,1,0,,1,,,,,
2026-09-09T17:56:34.550843+00:00,2026-09-09T22:56:34.550843+05:00,,,,1,,,,,
2026-09-09T17:57:34.500736+00:00,2026-09-09T22:57:34.500736+05:00,,,,1,,,,,
2026-09-09T17:58:34.945252+00:00,2026-09-09T22:58:34.945252+05:00,,,,1,40,8,238,63,1
2026-09-09T17:59:34.570848+00:00,2026-09-09T22:59:34.570848+05:00,1,0,,1,,,,,
2026-09-09T18:00:34.514548+00:00,2026-09-09T23:00:34.514548+05:00,,,,1,,,,,
2026-09-09T18:01:34.113923+00:00,2026-09-09T23:01:34.113923+05:00,,,,1,,,,,
2026-09-09T18:02:34.550550+00:00,2026-09-09T23:02:34.550550+05:00,,,,1,,,,,
2026-09-09T18:03:34.735317+00:00,2026-09-09T23:03:34.735317+05:00,1,0,,1,38,9,238,64,1
2026-09-09T18:04:34.507238+00:00,2026-09-09T23:04:34.507238+05:00,,,,1,,,,,
2026-09-09T18:05:34.364657+00:00,2026-09-09T23:05:34.364657+05:00,,,,1,,,,,
2026-09-09T18:06:34.509043+00:00,2026-09-09T23:06:34.509043+05:00,,,,1,,,,,
2026-09-09T18:07:34.588174+00:00,2026-09-09T23:07:34.588174+05:00,1,0,,1,,,,,
2026-09-09T18:08:34.669924+00:00,2026-09-09T23:08:34.669924+05:00,,,,1,36,9,238,64,1
2026-09-09T18:09:34.481529+00:00,2026-09-09T23:09:34.481529+05:00,,,,1,,,,,
2026-09-09T18:10:34.556652+00:00,2026-09-09T23:10:34.556652+05:00,,,,1,,,,,
2026-09-09T18:11:38.163036+00:00,2026-09-09T23:11:38.163036+05:00,1,0,,1,,,,,
2026-09-09T18:12:34.532388+00:00,2026-09-09T23:12:34.532388+05:00,,,,1,,,,,
2026-09-09T18:13:34.967940+00:00,2026-09-09T23:13:34.967940+05:00,,,,1,33,11,238,61,1
2026-09-09T18:14:34.549315+00:00,2026-09-09T23:14:34.549315+05:00,,,,1,,,,,
2026-09-09T18:15:34.557164+00:00,2026-09-09T23:15:34.557164+05:00,1,0,36.9,1,,,,,
2026-09-09T18:16:34.287070+00:00,2026-09-09T23:16:34.287070+05:00,,,,1,,,,,
2026-09-09T18:17:34.535680+00:00,2026-09-09T23:17:34.535680+05:00,,,,1,,,,,
2026-09-09T18:18:34.921285+00:00,2026-09-09T23:18:34.921285+05:00,,,,1,32,11,238,60,1
2026-09-09T18:19:34.585004+00:00,2026-09-09T23:19:34.585004+05:00,1,0,,1,,,,,
2026-09-09T18:20:34.659767+00:00,2026-09-09T23:20:34.659767+05:00,,,,1,,,,,
2026-09-09T18:21:34.471979+00:00,2026-09-09T23:21:34.471979+05:00,,,,1,,,,,
2026-09-09T18:22:34.129341+00:00,2026-09-09T23:22:34.129341+05:00,,,,1,,,,,
2026-09-09T18:23:35.113998+00:00,2026-09-09T23:23:35.113998+05:00,1,0,,1,29,12,242,59,1
2026-09-09T18:24:34.465573+00:00,2026-09-09T23:24:34.465573+05:00,,,,1,,,,,
2026-09-09T18:25:34.488221+00:00,2026-09-09T23:25:34.488221+05:00,,,,1,,,,,
2026-09-09T18:26:34.497464+00:00,2026-09-09T23:26:34.497464+05:00,,,,1,,,,,
2026-09-09T18:27:34.520908+00:00,2026-09-09T23:27:34.520908+05:00,1,0,,1,,,,,
2026-09-09T18:28:34.941202+00:00,2026-09-09T23:28:34.941202+05:00,,,,1,30,11,241,61,1
2026-09-09T18:29:34.495144+00:00,2026-09-09T23:29:34.495144+05:00,,,,1,,,,,
2026-09-09T18:30:34.233930+00:00,2026-09-09T23:30:34.233930+05:00,,,,1,,,,,
2026-09-09T18:31:34.562805+00:00,2026-09-09T23:31:34.562805+05:00,1,0,,1,,,,,
2026-09-09T18:32:34.487384+00:00,2026-09-09T23:32:34.487384+05:00,,,,1,,,,,
2026-09-09T18:33:34.701747+00:00,2026-09-09T23:33:34.701747+05:00,,,,1,27,11,241,61,1
2026-09-09T18:34:34.482876+00:00,2026-09-09T23:34:34.482876+05:00,,,,1,,,,,
2026-09-09T18:35:34.479362+00:00,2026-09-09T23:35:34.479362+05:00,0,0,,1,,,,,
2026-09-09T18:36:34.495273+00:00,2026-09-09T23:36:34.495273+05:00,,,,1,,,,,
2026-09-09T18:37:34.504574+00:00,2026-09-09T23:37:34.504574+05:00,,,,1,,,,,
2026-09-09T18:38:34.781874+00:00,2026-09-09T23:38:34.781874+05:00,,,,1,27,10,241,56,1
2026-09-09T18:39:34.562167+00:00,2026-09-09T23:39:34.562167+05:00,0,0,,1,,,,,
2026-09-09T18:40:34.655934+00:00,2026-09-09T23:40:34.655934+05:00,,,,1,,,,,
2026-09-09T18:41:34.133918+00:00,2026-09-09T23:41:34.133918+05:00,,,,1,,,,,
2026-09-09T18:42:34.602741+00:00,2026-09-09T23:42:34.602741+05:00,,,,1,,,,,
2026-09-09T18:43:34.823251+00:00,2026-09-09T23:43:34.823251+05:00,1,0,,1,26,10,241,50,1
2026-09-09T18:44:34.565461+00:00,2026-09-09T23:44:34.565461+05:00,,,,1,,,,,
2026-09-09T18:45:34.473145+00:00,2026-09-09T23:45:34.473145+05:00,,,,1,,,,,
2026-09-09T18:46:34.265911+00:00,2026-09-09T23:46:34.265911+05:00,,,,1,,,,,
2026-09-09T18:47:35.207910+00:00,2026-09-09T23:47:35.207910+05:00,0,0,,1,,,,,
2026-09-09T18:48:34.578500+00:00,2026-09-09T23:48:34.578500+05:00,,,,1,25,10,243,48,1
2026-09-09T18:49:34.579343+00:00,2026-09-09T23:49:34.579343+05:00,,,,1,,,,,
2026-09-09T18:50:34.613885+00:00,2026-09-09T23:50:34.613885+05:00,,,,1,,,,,
2026-09-09T18:51:34.465699+00:00,2026-09-09T23:51:34.465699+05:00,0,0,,1,,,,,
2026-09-09T18:52:34.472068+00:00,2026-09-09T23:52:34.472068+05:00,,,,1,,,,,
2026-09-09T18:53:34.748902+00:00,2026-09-09T23:53:34.748902+05:00,,,,1,25,10,246,45,1
2026-09-09T18:54:34.118559+00:00,2026-09-09T23:54:34.118559+05:00,,,,1,,,,,
2026-09-09T18:55:34.671896+00:00,2026-09-09T23:55:34.671896+05:00,0,0,,1,,,,,
2026-09-09T18:56:34.129284+00:00,2026-09-09T23:56:34.129284+05:00,,,,1,,,,,
2026-09-09T18:57:34.098038+00:00,2026-09-09T23:57:34.098038+05:00,,,,1,,,,,
2026-09-09T18:58:34.512149+00:00,2026-09-09T23:58:34.512149+05:00,,,,1,22,10,248,43,1
2026-09-09T18:59:34.434621+00:00,2026-09-09T23:59:34.434621+05:00,0,0,,1,,,,,
2026-09-09T19:00:34.559175+00:00,2026-09-10T00:00:34.559175+05:00,,,,1,,,,,
2026-09-09T19:01:34.395118+00:00,2026-09-10T00:01:34.395118+05:00,,,,1,,,,,
2026-09-09T19:02:34.431363+00:00,2026-09-10T00:02:34.431363+05:00,,,,1,,,,,
2026-09-09T19:03:34.649051+00:00,2026-09-10T00:03:34.649051+05:00,0,0,,1,25,10,249,42,0
2026-09-09T19:04:34.433371+00:00,2026-09-10T00:04:34.433371+05:00,,,,1,,,,,
2026-09-09T19:05:34.213738+00:00,2026-09-10T00:05:34.213738+05:00,,,,1,,,,,
2026-09-09T19:06:34.105593+00:00,2026-09-10T00:06:34.105593+05:00,,,,1,,,,,
2026-09-09T19:07:34.629791+00:00,2026-09-10T00:07:34.629791+05:00,0,0,,1,,,,,
2026-09-09T19:08:34.812241+00:00,2026-09-10T00:08:34.812241+05:00,,,,1,28,10,249,42,0
2026-09-09T19:09:34.112997+00:00,2026-09-10T00:09:34.112997+05:00,,,,1,,,,,
2026-09-09T19:10:34.406706+00:00,2026-09-10T00:10:34.406706+05:00,,,,1,,,,,
2026-09-09T19:11:34.541786+00:00,2026-09-10T00:11:34.541786+05:00,0,0,,1,,,,,
2026-09-09T19:12:34.594303+00:00,2026-09-10T00:12:34.594303+05:00,,,,1,,,,,
2026-09-09T19:13:58.058884+00:00,2026-09-10T00:13:58.058884+05:00,0,0,,1,27,10,249,39,0
2026-09-09T19:14:57.207640+00:00,2026-09-10T00:14:57.207640+05:00,,,,1,,,,,
2026-09-09T19:15:57.200347+00:00,2026-09-10T00:15:57.200347+05:00,,,,1,,,,,
2026-09-09T19:16:57.193965+00:00,2026-09-10T00:16:57.193965+05:00,,,,1,,,,,
2026-09-09T19:17:57.213025+00:00,2026-09-10T00:17:57.213025+05:00,0,0,,1,,,,,
2026-09-09T19:18:57.528063+00:00,2026-09-10T00:18:57.528063+05:00,,,,1,25,10,249,36,0
2026-09-09T19:19:57.292306+00:00,2026-09-10T00:19:57.292306+05:00,,,,1,,,,,
2026-09-09T19:20:57.346287+00:00,2026-09-10T00:20:57.346287+05:00,,,,1,,,,,
2026-09-09T19:21:57.688789+00:00,2026-09-10T00:21:57.688789+05:00,0,0,,1,,,,,
2026-09-09T19:22:57.299142+00:00,2026-09-10T00:22:57.299142+05:00,,,,1,,,,,
2026-09-09T19:23:57.351998+00:00,2026-09-10T00:23:57.351998+05:00,,,,1,23,10,249,36,0
2026-09-09T19:24:57.253988+00:00,2026-09-10T00:24:57.253988+05:00,,,,1,,,,,
2026-09-09T19:26:00.234867+00:00,2026-09-10T00:26:00.234867+05:00,0,0,,1,,,,,
2026-09-09T19:26:57.389878+00:00,2026-09-10T00:26:57.389878+05:00,,,,1,,,,,
2026-09-09T19:27:57.199711+00:00,2026-09-10T00:27:57.199711+05:00,,,,1,,,,,
2026-09-09T19:28:57.376077+00:00,2026-09-10T00:28:57.376077+05:00,,,,1,22,11,250,37,0
2026-09-09T19:29:57.435688+00:00,2026-09-10T00:29:57.435688+05:00,0,0,,1,,,,,
2026-09-09T19:30:57.295528+00:00,2026-09-10T00:30:57.295528+05:00,,,,1,,,,,
2026-09-09T19:31:57.184582+00:00,2026-09-10T00:31:57.184582+05:00,,,,1,,,,,
2026-09-09T19:32:57.297392+00:00,2026-09-10T00:32:57.297392+05:00,,,,1,,,,,
2026-09-09T19:33:57.469217+00:00,2026-09-10T00:33:57.469217+05:00,0,0,,1,21,11,250,34,0
2026-09-09T19:34:57.194083+00:00,2026-09-10T00:34:57.194083+05:00,,,,1,,,,,
2026-09-09T19:35:57.380866+00:00,2026-09-10T00:35:57.380866+05:00,,,,1,,,,,
2026-09-09T19:36:57.187126+00:00,2026-09-10T00:36:57.187126+05:00,,,,1,,,,,
2026-09-09T19:37:57.303415+00:00,2026-09-10T00:37:57.303415+05:00,0,0,,1,,,,,
2026-09-09T19:38:57.360351+00:00,2026-09-10T00:38:57.360351+05:00,,,,1,21,11,250,35,0
2026-09-09T19:39:57.182769+00:00,2026-09-10T00:39:57.182769+05:00,,,,1,,,,,
2026-09-09T19:40:57.233325+00:00,2026-09-10T00:40:57.233325+05:00,,,,1,,,,,
2026-09-09T19:41:57.282623+00:00,2026-09-10T00:41:57.282623+05:00,0,0,,1,,,,,
2026-09-09T19:42:57.294859+00:00,2026-09-10T00:42:57.294859+05:00,,,,1,,,,,
2026-09-09T19:43:57.456738+00:00,2026-09-10T00:43:57.456738+05:00,,,,1,21,11,250,34,0
2026-09-09T19:44:57.277378+00:00,2026-09-10T00:44:57.277378+05:00,,,,1,,,,,
2026-09-09T19:45:57.316329+00:00,2026-09-10T00:45:57.316329+05:00,0,0,,1,,,,,
2026-09-09T19:46:57.181256+00:00,2026-09-10T00:46:57.181256+05:00,,,,1,,,,,
2026-09-09T19:47:57.420526+00:00,2026-09-10T00:47:57.420526+05:00,,,,1,,,,,
2026-09-09T19:48:57.616343+00:00,2026-09-10T00:48:57.616343+05:00,,,,1,22,11,250,33,0
2026-09-09T19:50:00.309438+00:00,2026-09-10T00:50:00.309438+05:00,0,0,,1,,,,,
2026-09-09T19:50:57.353118+00:00,2026-09-10T00:50:57.353118+05:00,,,,1,,,,,
2026-09-09T19:51:57.081536+00:00,2026-09-10T00:51:57.081536+05:00,,,,1,,,,,
2026-09-09T19:52:57.184598+00:00,2026-09-10T00:52:57.184598+05:00,,,,1,,,,,
2026-09-09T19:53:57.354752+00:00,2026-09-10T00:53:57.354752+05:00,0,0,,1,21,10,251,28,0
2026-09-09T19:54:57.355140+00:00,2026-09-10T00:54:57.355140+05:00,,,,1,,,,,
2026-09-09T19:55:57.199251+00:00,2026-09-10T00:55:57.199251+05:00,,,,1,,,,,
2026-09-09T19:56:57.376873+00:00,2026-09-10T00:56:57.376873+05:00,,,,1,,,,,
2026-09-09T19:57:57.206301+00:00,2026-09-10T00:57:57.206301+05:00,0,0,,1,,,,,
2026-09-09T19:58:57.343591+00:00,2026-09-10T00:58:57.343591+05:00,,,,1,21,10,251,27,0
2026-09-09T19:59:57.281623+00:00,2026-09-10T00:59:57.281623+05:00,,,,1,,,,,
2026-09-09T20:00:57.487480+00:00,2026-09-10T01:00:57.487480+05:00,,,,1,,,,,
2026-09-09T20:01:57.304019+00:00,2026-09-10T01:01:57.304019+05:00,0,0,,1,,,,,
2026-09-09T20:02:57.192258+00:00,2026-09-10T01:02:57.192258+05:00,,,,1,,,,,
2026-09-09T20:03:57.360508+00:00,2026-09-10T01:03:57.360508+05:00,,,,1,22,9,251,25,0
2026-09-09T20:04:57.333969+00:00,2026-09-10T01:04:57.333969+05:00,,,,1,,,,,
2026-09-09T20:06:00.600355+00:00,2026-09-10T01:06:00.600355+05:00,0,0,,1,,,,,
2026-09-09T20:06:57.185252+00:00,2026-09-10T01:06:57.185252+05:00,,,,1,,,,,
2026-09-09T20:07:57.281998+00:00,2026-09-10T01:07:57.281998+05:00,,,,1,,,,,
2026-09-09T20:08:57.484232+00:00,2026-09-10T01:08:57.484232+05:00,,,,1,23,9,251,24,0
2026-09-09T20:09:57.318954+00:00,2026-09-10T01:09:57.318954+05:00,0,0,,1,,,,,
2026-09-09T20:10:57.292566+00:00,2026-09-10T01:10:57.292566+05:00,,,,1,,,,,
2026-09-09T20:11:57.180855+00:00,2026-09-10T01:11:57.180855+05:00,,,,1,,,,,
2026-09-09T20:12:57.294436+00:00,2026-09-10T01:12:57.294436+05:00,,,,1,,,,,
2026-09-09T20:13:57.504514+00:00,2026-09-10T01:13:57.504514+05:00,0,0,,1,22,9,251,24,0
2026-09-09T20:14:57.441958+00:00,2026-09-10T01:14:57.441958+05:00,,,,1,,,,,
2026-09-09T20:15:57.207335+00:00,2026-09-10T01:15:57.207335+05:00,,,,1,,,,,
2026-09-09T20:16:57.187417+00:00,2026-09-10T01:16:57.187417+05:00,,,,1,,,,,
2026-09-09T20:17:57.318238+00:00,2026-09-10T01:17:57.318238+05:00,0,0,,1,,,,,
2026-09-09T20:18:57.444579+00:00,2026-09-10T01:18:57.444579+05:00,,,,1,23,7,251,20,0
2026-09-09T20:19:57.423363+00:00,2026-09-10T01:19:57.423363+05:00,,,,1,,,,,
2026-09-09T20:20:57.446507+00:00,2026-09-10T01:20:57.446507+05:00,,,,1,,,,,
2026-09-09T20:22:00.242334+00:00,2026-09-10T01:22:00.242334+05:00,0,0,,1,,,,,
2026-09-09T20:22:57.186238+00:00,2026-09-10T01:22:57.186238+05:00,,,,1,,,,,
2026-09-09T20:23:57.584016+00:00,2026-09-10T01:23:57.584016+05:00,,,,1,24,7,251,20,0
2026-09-09T20:24:57.389689+00:00,2026-09-10T01:24:57.389689+05:00,,,,1,,,,,
2026-09-09T20:25:57.364303+00:00,2026-09-10T01:25:57.364303+05:00,0,0,,1,,,,,
2026-09-09T20:26:57.186625+00:00,2026-09-10T01:26:57.186625+05:00,,,,1,,,,,
2026-09-09T20:27:57.190742+00:00,2026-09-10T01:27:57.190742+05:00,,,,1,,,,,
2026-09-09T20:28:57.361454+00:00,2026-09-10T01:28:57.361454+05:00,,,,1,22,7,251,21,0
2026-09-09T20:29:57.280967+00:00,2026-09-10T01:29:57.280967+05:00,0,0,,1,,,,,
2026-09-09T20:30:57.454923+00:00,2026-09-10T01:30:57.454923+05:00,,,,1,,,,,
2026-09-09T20:31:57.282576+00:00,2026-09-10T01:31:57.282576+05:00,,,,1,,,,,
2026-09-09T20:32:57.358715+00:00,2026-09-10T01:32:57.358715+05:00,,,,1,,,,,
2026-09-09T20:34:00.428737+00:00,2026-09-10T01:34:00.428737+05:00,0,0,,1,22,7,250,20,0
2026-09-09T20:34:57.501791+00:00,2026-09-10T01:34:57.501791+05:00,,,,1,,,,,
2026-09-09T20:35:57.338001+00:00,2026-09-10T01:35:57.338001+05:00,,,,1,,,,,
2026-09-09T20:36:57.187017+00:00,2026-09-10T01:36:57.187017+05:00,,,,1,,,,,
2026-09-09T20:38:00.315274+00:00,2026-09-10T01:38:00.315274+05:00,0,0,,1,,,,,
2026-09-09T20:38:57.508580+00:00,2026-09-10T01:38:57.508580+05:00,,,,1,21,7,250,18,0
2026-09-09T20:39:57.417548+00:00,2026-09-10T01:39:57.417548+05:00,,,,1,,,,,
2026-09-09T20:40:57.375766+00:00,2026-09-10T01:40:57.375766+05:00,,,,1,,,,,
2026-09-09T20:41:57.300143+00:00,2026-09-10T01:41:57.300143+05:00,0,0,,1,,,,,
2026-09-09T20:42:57.349220+00:00,2026-09-10T01:42:57.349220+05:00,,,,1,,,,,
2026-09-09T20:43:57.525222+00:00,2026-09-10T01:43:57.525222+05:00,,,,1,19,7,249,16,0
2026-09-09T20:44:57.345759+00:00,2026-09-10T01:44:57.345759+05:00,,,,1,,,,,
2026-09-09T20:45:57.357661+00:00,2026-09-10T01:45:57.357661+05:00,0,0,,1,,,,,
2026-09-09T20:46:57.348477+00:00,2026-09-10T01:46:57.348477+05:00,,,,1,,,,,
2026-09-09T20:47:57.360643+00:00,2026-09-10T01:47:57.360643+05:00,,,,1,,,,,
2026-09-09T20:48:57.565834+00:00,2026-09-10T01:48:57.565834+05:00,,,,1,20,7,249,16,0
2026-09-09T20:50:00.568750+00:00,2026-09-10T01:50:00.568750+05:00,0,0,,1,,,,,
2026-09-09T20:50:57.340143+00:00,2026-09-10T01:50:57.340143+05:00,,,,1,,,,,
2026-09-09T20:51:57.379242+00:00,2026-09-10T01:51:57.379242+05:00,,,,1,,,,,
2026-09-09T20:52:57.288394+00:00,2026-09-10T01:52:57.288394+05:00,,,,1,,,,,
2026-09-09T20:53:57.561311+00:00,2026-09-10T01:53:57.561311+05:00,0,0,,1,20,6,249,17,0
2026-09-09T20:54:57.482325+00:00,2026-09-10T01:54:57.482325+05:00,,,,1,,,,,
2026-09-09T20:55:57.374584+00:00,2026-09-10T01:55:57.374584+05:00,,,,1,,,,,
2026-09-09T20:56:57.320371+00:00,2026-09-10T01:56:57.320371+05:00,,,,1,,,,,
2026-09-09T20:58:00.426721+00:00,2026-09-10T01:58:00.426721+05:00,0,0,,1,,,,,
2026-09-09T20:58:57.569608+00:00,2026-09-10T01:58:57.569608+05:00,,,,1,21,5,250,13,0
2026-09-09T20:59:57.296047+00:00,2026-09-10T01:59:57.296047+05:00,,,,1,,,,,
2026-09-09T21:00:57.188716+00:00,2026-09-10T02:00:57.188716+05:00,,,,1,,,,,
2026-09-09T21:01:57.607690+00:00,2026-09-10T02:01:57.607690+05:00,0,0,20.0,1,,,,,
2026-09-09T21:02:57.317542+00:00,2026-09-10T02:02:57.317542+05:00,,,,1,,,,,
2026-09-09T21:03:57.476472+00:00,2026-09-10T02:03:57.476472+05:00,,,,1,20,4,249,14,0
2026-09-09T21:04:57.363101+00:00,2026-09-10T02:04:57.363101+05:00,,,,1,,,,,
2026-09-09T21:06:00.405297+00:00,2026-09-10T02:06:00.405297+05:00,0,0,,1,,,,,
2026-09-09T21:06:57.351799+00:00,2026-09-10T02:06:57.351799+05:00,,,,1,,,,,
2026-09-09T21:07:57.424985+00:00,2026-09-10T02:07:57.424985+05:00,,,,1,,,,,
2026-09-09T21:08:57.607128+00:00,2026-09-10T02:08:57.607128+05:00,,,,1,18,4,249,12,0
2026-09-09T21:09:57.374931+00:00,2026-09-10T02:09:57.374931+05:00,0,0,,1,,,,,
2026-09-09T21:10:57.393941+00:00,2026-09-10T02:10:57.393941+05:00,,,,1,,,,,
2026-09-09T21:11:57.177040+00:00,2026-09-10T02:11:57.177040+05:00,,,,1,,,,,
2026-09-09T21:12:57.184757+00:00,2026-09-10T02:12:57.184757+05:00,,,,1,,,,,
2026-09-09T21:13:57.473666+00:00,2026-09-10T02:13:57.473666+05:00,0,0,,1,17,2,249,12,0
2026-09-09T21:14:57.092325+00:00,2026-09-10T02:14:57.092325+05:00,,,,1,,,,,
2026-09-09T21:15:57.082581+00:00,2026-09-10T02:15:57.082581+05:00,,,,1,,,,,
2026-09-09T21:16:57.388307+00:00,2026-09-10T02:16:57.388307+05:00,,,,1,,,,,
2026-09-09T21:17:57.348885+00:00,2026-09-10T02:17:57.348885+05:00,0,0,,1,,,,,
2026-09-09T21:18:57.583700+00:00,2026-09-10T02:18:57.583700+05:00,,,,1,17,4,249,10,0
2026-09-09T21:19:57.306837+00:00,2026-09-10T02:19:57.306837+05:00,,,,1,,,,,
2026-09-09T21:20:57.291043+00:00,2026-09-10T02:20:57.291043+05:00,,,,1,,,,,
2026-09-09T21:21:57.308813+00:00,2026-09-10T02:21:57.308813+05:00,0,0,,1,,,,,
2026-09-09T21:22:57.184011+00:00,2026-09-10T02:22:57.184011+05:00,,,,1,,,,,
2026-09-09T21:23:57.505109+00:00,2026-09-10T02:23:57.505109+05:00,,,,1,16,3,247,10,1
2026-09-09T21:24:57.185822+00:00,2026-09-10T02:24:57.185822+05:00,,,,1,,,,,
2026-09-09T21:25:57.421577+00:00,2026-09-10T02:25:57.421577+05:00,0,0,,1,,,,,
2026-09-09T21:26:57.313268+00:00,2026-09-10T02:26:57.313268+05:00,,,,1,,,,,
2026-09-09T21:27:57.431763+00:00,2026-09-10T02:27:57.431763+05:00,,,,1,,,,,
2026-09-09T21:28:57.533495+00:00,2026-09-10T02:28:57.533495+05:00,,,,1,16,3,247,10,1
2026-09-09T21:29:57.426060+00:00,2026-09-10T02:29:57.426060+05:00,0,0,,1,,,,,
2026-09-09T21:30:57.615237+00:00,2026-09-10T02:30:57.615237+05:00,,,,1,,,,,
2026-09-09T21:31:57.364695+00:00,2026-09-10T02:31:57.364695+05:00,,,,1,,,,,
2026-09-09T21:32:57.310321+00:00,2026-09-10T02:32:57.310321+05:00,,,,1,,,,,
2026-09-09T21:34:00.302610+00:00,2026-09-10T02:34:00.302610+05:00,0,0,,1,16,3,247,10,1
2026-09-09T21:34:57.320008+00:00,2026-09-10T02:34:57.320008+05:00,,,,1,,,,,
2026-09-09T21:35:57.379384+00:00,2026-09-10T02:35:57.379384+05:00,,,,1,,,,,
2026-09-09T21:36:57.318748+00:00,2026-09-10T02:36:57.318748+05:00,,,,1,,,,,
2026-09-09T21:38:00.338600+00:00,2026-09-10T02:38:00.338600+05:00,0,0,,1,,,,,
2026-09-09T21:38:57.561141+00:00,2026-09-10T02:38:57.561141+05:00,,,,1,16,3,247,10,1
2026-09-09T21:39:57.432858+00:00,2026-09-10T02:39:57.432858+05:00,,,,1,,,,,
2026-09-09T21:40:57.382984+00:00,2026-09-10T02:40:57.382984+05:00,,,,1,,,,,
2026-09-09T21:41:57.380965+00:00,2026-09-10T02:41:57.380965+05:00,0,0,,1,,,,,
2026-09-09T21:42:57.367885+00:00,2026-09-10T02:42:57.367885+05:00,,,,1,,,,,
2026-09-09T21:43:57.587884+00:00,2026-09-10T02:43:57.587884+05:00,,,,1,17,3,248,9,1
2026-09-09T21:44:57.455678+00:00,2026-09-10T02:44:57.455678+05:00,,,,1,,,,,
2026-09-09T21:46:00.393872+00:00,2026-09-10T02:46:00.393872+05:00,0,0,,1,,,,,
2026-09-09T21:46:57.179358+00:00,2026-09-10T02:46:57.179358+05:00,,,,1,,,,,
2026-09-09T21:47:57.450541+00:00,2026-09-10T02:47:57.450541+05:00,,,,1,,,,,
2026-09-09T21:48:57.522141+00:00,2026-09-10T02:48:57.522141+05:00,,,,1,14,4,246,9,1
2026-09-09T21:49:57.388083+00:00,2026-09-10T02:49:57.388083+05:00,0,0,20.9,1,,,,,
2026-09-09T21:50:57.281571+00:00,2026-09-10T02:50:57.281571+05:00,,,,1,,,,,
2026-09-09T21:51:57.083278+00:00,2026-09-10T02:51:57.083278+05:00,,,,1,,,,,
2026-09-09T21:52:57.609886+00:00,2026-09-10T02:52:57.609886+05:00,,,,1,,,,,
2026-09-09T21:53:57.523497+00:00,2026-09-10T02:53:57.523497+05:00,0,0,,1,12,4,242,9,1
2026-09-09T21:54:57.334914+00:00,2026-09-10T02:54:57.334914+05:00,,,,1,,,,,
2026-09-09T21:55:57.173728+00:00,2026-09-10T02:55:57.173728+05:00,,,,1,,,,,
2026-09-09T21:56:57.181870+00:00,2026-09-10T02:56:57.181870+05:00,,,,1,,,,,
2026-09-09T21:57:57.195532+00:00,2026-09-10T02:57:57.195532+05:00,0,0,,1,,,,,
2026-09-09T21:58:57.429448+00:00,2026-09-10T02:58:57.429448+05:00,,,,1,13,4,240,8,1
2026-09-09T21:59:57.356372+00:00,2026-09-10T02:59:57.356372+05:00,,,,1,,,,,
2026-09-09T22:00:57.183815+00:00,2026-09-10T03:00:57.183815+05:00,,,,1,,,,,
2026-09-09T22:02:00.483922+00:00,2026-09-10T03:02:00.483922+05:00,0,0,,1,,,,,
2026-09-09T22:02:57.182889+00:00,2026-09-10T03:02:57.182889+05:00,,,,1,,,,,
2026-09-09T22:03:57.344529+00:00,2026-09-10T03:03:57.344529+05:00,,,,1,11,4,239,7,1
2026-09-09T22:04:57.388086+00:00,2026-09-10T03:04:57.388086+05:00,,,,1,,,,,
2026-09-09T22:05:57.309451+00:00,2026-09-10T03:05:57.309451+05:00,0,0,,1,,,,,
2026-09-09T22:06:57.340974+00:00,2026-09-10T03:06:57.340974+05:00,,,,1,,,,,
2026-09-09T22:07:57.379032+00:00,2026-09-10T03:07:57.379032+05:00,,,,1,,,,,
2026-09-09T22:08:57.340350+00:00,2026-09-10T03:08:57.340350+05:00,,,,1,10,4,239,7,1
2026-09-09T22:09:57.430480+00:00,2026-09-10T03:09:57.430480+05:00,0,0,,1,,,,,
2026-09-09T22:10:57.367798+00:00,2026-09-10T03:10:57.367798+05:00,,,,1,,,,,
2026-09-09T22:11:57.176487+00:00,2026-09-10T03:11:57.176487+05:00,,,,1,,,,,
2026-09-09T22:12:57.390005+00:00,2026-09-10T03:12:57.390005+05:00,,,,1,,,,,
2026-09-09T22:13:57.451132+00:00,2026-09-10T03:13:57.451132+05:00,0,0,,1,11,4,239,7,1
2026-09-09T22:14:57.360496+00:00,2026-09-10T03:14:57.360496+05:00,,,,1,,,,,
2026-09-09T22:15:57.335586+00:00,2026-09-10T03:15:57.335586+05:00,,,,1,,,,,
2026-09-09T22:16:57.430908+00:00,2026-09-10T03:16:57.430908+05:00,,,,1,,,,,
2026-09-09T22:17:57.310038+00:00,2026-09-10T03:17:57.310038+05:00,0,0,,1,,,,,
2026-09-09T22:18:57.362626+00:00,2026-09-10T03:18:57.362626+05:00,,,,1,10,4,239,7,1
2026-09-09T22:19:57.438622+00:00,2026-09-10T03:19:57.438622+05:00,,,,1,,,,,
2026-09-09T22:20:57.311977+00:00,2026-09-10T03:20:57.311977+05:00,,,,1,,,,,
2026-09-09T22:21:57.388376+00:00,2026-09-10T03:21:57.388376+05:00,0,0,,1,,,,,
2026-09-09T22:22:57.339353+00:00,2026-09-10T03:22:57.339353+05:00,,,,1,,,,,
2026-09-09T22:23:57.526154+00:00,2026-09-10T03:23:57.526154+05:00,,,,1,10,4,239,5,1
2026-09-09T22:24:57.436813+00:00,2026-09-10T03:24:57.436813+05:00,,,,1,,,,,
2026-09-09T22:25:57.468604+00:00,2026-09-10T03:25:57.468604+05:00,0,0,,1,,,,,
2026-09-09T22:26:57.384715+00:00,2026-09-10T03:26:57.384715+05:00,,,,1,,,,,
2026-09-09T22:27:57.374058+00:00,2026-09-10T03:27:57.374058+05:00,,,,1,,,,,
2026-09-09T22:28:57.514832+00:00,2026-09-10T03:28:57.514832+05:00,,,,1,10,3,238,5,1
2026-09-09T22:30:00.318766+00:00,2026-09-10T03:30:00.318766+05:00,0,0,,1,,,,,
2026-09-09T22:30:57.319561+00:00,2026-09-10T03:30:57.319561+05:00,,,,1,,,,,
2026-09-09T22:31:57.341219+00:00,2026-09-10T03:31:57.341219+05:00,,,,1,,,,,
2026-09-09T22:32:57.389941+00:00,2026-09-10T03:32:57.389941+05:00,,,,1,,,,,
2026-09-09T22:33:57.685124+00:00,2026-09-10T03:33:57.685124+05:00,0,0,,1,10,3,238,4,1
2026-09-09T22:34:57.192506+00:00,2026-09-10T03:34:57.192506+05:00,,,,1,,,,,
2026-09-09T22:35:57.184357+00:00,2026-09-10T03:35:57.184357+05:00,,,,1,,,,,
2026-09-09T22:36:57.313627+00:00,2026-09-10T03:36:57.313627+05:00,,,,1,,,,,
2026-09-09T22:37:57.194349+00:00,2026-09-10T03:37:57.194349+05:00,0,0,,1,,,,,
2026-09-09T22:38:57.386747+00:00,2026-09-10T03:38:57.386747+05:00,,,,1,10,3,238,4,1
2026-09-09T22:39:57.347724+00:00,2026-09-10T03:39:57.347724+05:00,,,,1,,,,,
2026-09-09T22:40:57.177879+00:00,2026-09-10T03:40:57.177879+05:00,,,,1,,,,,
2026-09-09T22:42:00.521244+00:00,2026-09-10T03:42:00.521244+05:00,0,0,,1,,,,,
2026-09-09T22:42:57.437758+00:00,2026-09-10T03:42:57.437758+05:00,,,,1,,,,,
2026-09-09T22:43:57.561841+00:00,2026-09-10T03:43:57.561841+05:00,,,,1,11,3,238,4,1
2026-09-09T22:44:57.442262+00:00,2026-09-10T03:44:57.442262+05:00,,,,1,,,,,
2026-09-09T22:45:57.200941+00:00,2026-09-10T03:45:57.200941+05:00,0,0,,1,,,,,
2026-09-09T22:46:57.334751+00:00,2026-09-10T03:46:57.334751+05:00,,,,1,,,,,
2026-09-09T22:47:57.167800+00:00,2026-09-10T03:47:57.167800+05:00,,,,1,,,,,
2026-09-09T22:48:57.342645+00:00,2026-09-10T03:48:57.342645+05:00,,,,1,10,3,238,3,1
2026-09-09T22:50:00.544695+00:00,2026-09-10T03:50:00.544695+05:00,0,0,,1,,,,,
2026-09-09T22:50:57.341673+00:00,2026-09-10T03:50:57.341673+05:00,,,,1,,,,,
2026-09-09T22:51:57.176127+00:00,2026-09-10T03:51:57.176127+05:00,,,,1,,,,,
2026-09-09T22:52:57.352573+00:00,2026-09-10T03:52:57.352573+05:00,,,,1,,,,,
2026-09-09T22:54:00.324056+00:00,2026-09-10T03:54:00.324056+05:00,0,0,,1,10,4,237,3,0
2026-09-09T22:54:57.388568+00:00,2026-09-10T03:54:57.388568+05:00,,,,1,,,,,
2026-09-09T22:55:57.175834+00:00,2026-09-10T03:55:57.175834+05:00,,,,1,,,,,
2026-09-09T22:56:57.333159+00:00,2026-09-10T03:56:57.333159+05:00,,,,1,,,,,
2026-09-09T22:57:57.417711+00:00,2026-09-10T03:57:57.417711+05:00,0,0,,1,,,,,
2026-09-09T22:58:57.350704+00:00,2026-09-10T03:58:57.350704+05:00,,,,1,9,5,237,3,0
2026-09-09T22:59:57.163025+00:00,2026-09-10T03:59:57.163025+05:00,,,,1,,,,,
2026-09-09T23:00:57.350818+00:00,2026-09-10T04:00:57.350818+05:00,,,,1,,,,,
2026-09-09T23:01:57.367416+00:00,2026-09-10T04:01:57.367416+05:00,0,0,,1,,,,,
2026-09-09T23:02:57.436413+00:00,2026-09-10T04:02:57.436413+05:00,,,,1,,,,,
2026-09-09T23:03:57.326976+00:00,2026-09-10T04:03:57.326976+05:00,,,,1,8,6,237,3,0
2026-09-09T23:04:57.204839+00:00,2026-09-10T04:04:57.204839+05:00,,,,1,,,,,
2026-09-09T23:06:00.455456+00:00,2026-09-10T04:06:00.455456+05:00,0,0,18.3,1,,,,,
2026-09-09T23:06:57.362468+00:00,2026-09-10T04:06:57.362468+05:00,,,,1,,,,,
2026-09-09T23:07:57.529372+00:00,2026-09-10T04:07:57.529372+05:00,,,,1,,,,,
2026-09-09T23:08:57.439374+00:00,2026-09-10T04:08:57.439374+05:00,,,,1,6,6,237,3,0
2026-09-09T23:09:57.193965+00:00,2026-09-10T04:09:57.193965+05:00,0,0,,1,,,,,
2026-09-09T23:10:57.381950+00:00,2026-09-10T04:10:57.381950+05:00,,,,1,,,,,
2026-09-09T23:11:57.265601+00:00,2026-09-10T04:11:57.265601+05:00,,,,1,,,,,
2026-09-09T23:12:57.369124+00:00,2026-09-10T04:12:57.369124+05:00,,,,1,,,,,
2026-09-09T23:14:00.444968+00:00,2026-09-10T04:14:00.444968+05:00,0,0,,1,5,6,237,3,0
2026-09-09T23:14:57.184630+00:00,2026-09-10T04:14:57.184630+05:00,,,,1,,,,,
2026-09-09T23:15:57.322426+00:00,2026-09-10T04:15:57.322426+05:00,,,,1,,,,,
2026-09-09T23:16:57.440227+00:00,2026-09-10T04:16:57.440227+05:00,,,,1,,,,,
2026-09-09T23:18:00.341873+00:00,2026-09-10T04:18:00.341873+05:00,0,0,,1,,,,,
2026-09-09T23:18:57.336944+00:00,2026-09-10T04:18:57.336944+05:00,,,,1,5,6,237,3,0
2026-09-09T23:19:57.301934+00:00,2026-09-10T04:19:57.301934+05:00,,,,1,,,,,
2026-09-09T23:20:57.389770+00:00,2026-09-10T04:20:57.389770+05:00,,,,1,,,,,
2026-09-09T23:21:57.359926+00:00,2026-09-10T04:21:57.359926+05:00,0,0,,1,,,,,
2026-09-09T23:22:57.318795+00:00,2026-09-10T04:22:57.318795+05:00,,,,1,,,,,
2026-09-09T23:23:57.557678+00:00,2026-09-10T04:23:57.557678+05:00,,,,1,6,6,237,3,0
2026-09-09T23:24:57.366950+00:00,2026-09-10T04:24:57.366950+05:00,,,,1,,,,,
2026-09-09T23:25:57.359696+00:00,2026-09-10T04:25:57.359696+05:00,0,0,,1,,,,,
2026-09-09T23:26:57.166416+00:00,2026-09-10T04:26:57.166416+05:00,,,,1,,,,,
2026-09-09T23:27:57.162535+00:00,2026-09-10T04:27:57.162535+05:00,,,,1,,,,,
2026-09-09T23:28:57.505355+00:00,2026-09-10T04:28:57.505355+05:00,,,,1,5,6,237,3,0
2026-09-09T23:29:57.378060+00:00,2026-09-10T04:29:57.378060+05:00,0,0,,1,,,,,
2026-09-09T23:30:57.430386+00:00,2026-09-10T04:30:57.430386+05:00,,,,1,,,,,
2026-09-09T23:31:57.332710+00:00,2026-09-10T04:31:57.332710+05:00,,,,1,,,,,
2026-09-09T23:32:57.090098+00:00,2026-09-10T04:32:57.090098+05:00,,,,1,,,,,
2026-09-09T23:33:57.494457+00:00,2026-09-10T04:33:57.494457+05:00,0,0,,1,4,6,237,3,0
2026-09-09T23:34:57.318616+00:00,2026-09-10T04:34:57.318616+05:00,,,,1,,,,,
2026-09-09T23:35:57.420214+00:00,2026-09-10T04:35:57.420214+05:00,,,,1,,,,,
2026-09-09T23:36:57.619271+00:00,2026-09-10T04:36:57.619271+05:00,,,,1,,,,,
2026-09-09T23:37:57.338243+00:00,2026-09-10T04:37:57.338243+05:00,0,0,,1,,,,,
2026-09-09T23:38:57.345709+00:00,2026-09-10T04:38:57.345709+05:00,,,,1,4,6,237,3,0
2026-09-09T23:39:57.355252+00:00,2026-09-10T04:39:57.355252+05:00,,,,1,,,,,
2026-09-09T23:40:57.471951+00:00,2026-09-10T04:40:57.471951+05:00,,,,1,,,,,
2026-09-09T23:42:00.365558+00:00,2026-09-10T04:42:00.365558+05:00,0,0,,1,,,,,
2026-09-09T23:42:57.516837+00:00,2026-09-10T04:42:57.516837+05:00,,,,1,,,,,
2026-09-09T23:43:57.517966+00:00,2026-09-10T04:43:57.517966+05:00,,,,1,3,6,237,2,0
2026-09-09T23:44:57.368869+00:00,2026-09-10T04:44:57.368869+05:00,,,,1,,,,,
2026-09-09T23:46:00.416425+00:00,2026-09-10T04:46:00.416425+05:00,0,0,,1,,,,,
2026-09-09T23:46:57.353468+00:00,2026-09-10T04:46:57.353468+05:00,,,,1,,,,,
2026-09-09T23:47:57.364309+00:00,2026-09-10T04:47:57.364309+05:00,,,,1,,,,,
2026-09-09T23:48:57.315754+00:00,2026-09-10T04:48:57.315754+05:00,,,,1,3,6,237,2,0
2026-09-09T23:50:00.234311+00:00,2026-09-10T04:50:00.234311+05:00,0,0,,1,,,,,
2026-09-09T23:50:57.182627+00:00,2026-09-10T04:50:57.182627+05:00,,,,1,,,,,
2026-09-09T23:51:57.350796+00:00,2026-09-10T04:51:57.350796+05:00,,,,1,,,,,
2026-09-09T23:52:57.183818+00:00,2026-09-10T04:52:57.183818+05:00,,,,1,,,,,
2026-09-09T23:53:57.532190+00:00,2026-09-10T04:53:57.532190+05:00,0,0,,1,5,6,237,1,0
2026-09-09T23:54:57.339449+00:00,2026-09-10T04:54:57.339449+05:00,,,,1,,,,,
2026-09-09T23:55:57.338735+00:00,2026-09-10T04:55:57.338735+05:00,,,,1,,,,,
2026-09-09T23:56:57.070274+00:00,2026-09-10T04:56:57.070274+05:00,,,,1,,,,,
2026-09-09T23:58:00.314538+00:00,2026-09-10T04:58:00.314538+05:00,0,0,,1,,,,,
2026-09-09T23:58:57.318009+00:00,2026-09-10T04:58:57.318009+05:00,,,,1,4,6,236,1,0
2026-09-09T23:59:57.365626+00:00,2026-09-10T04:59:57.365626+05:00,,,,1,,,,,
2026-09-10T00:00:57.174789+00:00,2026-09-10T05:00:57.174789+05:00,,,,1,,,,,
2026-09-10T00:01:57.300962+00:00,2026-09-10T05:01:57.300962+05:00,0,0,,1,,,,,
2026-09-10T00:02:57.258439+00:00,2026-09-10T05:02:57.258439+05:00,,,,1,,,,,
2026-09-10T00:03:57.532596+00:00,2026-09-10T05:03:57.532596+05:00,,,,1,4,6,234,1,0
2026-09-10T00:04:57.180354+00:00,2026-09-10T05:04:57.180354+05:00,,,,1,,,,,
2026-09-10T00:06:00.304947+00:00,2026-09-10T05:06:00.304947+05:00,0,0,,1,,,,,
2026-09-10T00:06:57.272558+00:00,2026-09-10T05:06:57.272558+05:00,,,,1,,,,,
2026-09-10T00:07:57.176409+00:00,2026-09-10T05:07:57.176409+05:00,,,,1,,,,,
2026-09-10T00:08:57.454620+00:00,2026-09-10T05:08:57.454620+05:00,,,,1,5,6,234,1,0
2026-09-10T00:09:57.588937+00:00,2026-09-10T05:09:57.588937+05:00,0,0,,1,,,,,
2026-09-10T00:10:57.322767+00:00,2026-09-10T05:10:57.322767+05:00,,,,1,,,,,
2026-09-10T00:11:57.174881+00:00,2026-09-10T05:11:57.174881+05:00,,,,1,,,,,
2026-09-10T00:12:57.184385+00:00,2026-09-10T05:12:57.184385+05:00,,,,1,,,,,
2026-09-10T00:14:00.308692+00:00,2026-09-10T05:14:00.308692+05:00,0,0,,1,4,6,234,1,0
2026-09-10T00:14:57.177551+00:00,2026-09-10T05:14:57.177551+05:00,,,,1,,,,,
2026-09-10T00:15:57.260671+00:00,2026-09-10T05:15:57.260671+05:00,,,,1,,,,,
2026-09-10T00:16:57.178533+00:00,2026-09-10T05:16:57.178533+05:00,,,,1,,,,,
2026-09-10T00:17:57.290803+00:00,2026-09-10T05:17:57.290803+05:00,0,0,,1,,,,,
2026-09-10T00:18:57.486648+00:00,2026-09-10T05:18:57.486648+05:00,,,,1,5,4,233,1,0
2026-09-10T00:19:57.170469+00:00,2026-09-10T05:19:57.170469+05:00,,,,1,,,,,
2026-09-10T00:20:57.188164+00:00,2026-09-10T05:20:57.188164+05:00,,,,1,,,,,
2026-09-10T00:22:00.317038+00:00,2026-09-10T05:22:00.317038+05:00,0,0,,1,,,,,
2026-09-10T00:22:57.266548+00:00,2026-09-10T05:22:57.266548+05:00,,,,1,,,,,
2026-09-10T00:23:57.401552+00:00,2026-09-10T05:23:57.401552+05:00,,,,1,5,4,233,1,0
2026-09-10T00:24:57.542382+00:00,2026-09-10T05:24:57.542382+05:00,,,,1,,,,,
2026-09-10T00:25:57.287060+00:00,2026-09-10T05:25:57.287060+05:00,0,0,,1,,,,,
2026-09-10T00:26:57.264619+00:00,2026-09-10T05:26:57.264619+05:00,,,,1,,,,,
2026-09-10T00:27:57.211344+00:00,2026-09-10T05:27:57.211344+05:00,,,,1,,,,,
2026-09-10T00:28:57.349076+00:00,2026-09-10T05:28:57.349076+05:00,,,,1,6,5,233,1,0
2026-09-10T00:30:00.347603+00:00,2026-09-10T05:30:00.347603+05:00,0,0,17.5,1,,,,,
2026-09-10T00:30:57.318844+00:00,2026-09-10T05:30:57.318844+05:00,,,,1,,,,,
2026-09-10T00:31:57.259291+00:00,2026-09-10T05:31:57.259291+05:00,,,,1,,,,,
2026-09-10T00:32:57.208000+00:00,2026-09-10T05:32:57.208000+05:00,,,,1,,,,,
2026-09-10T00:33:57.426663+00:00,2026-09-10T05:33:57.426663+05:00,0,0,16.8,1,6,5,233,1,0
2026-09-10T00:34:57.271338+00:00,2026-09-10T05:34:57.271338+05:00,,,,1,,,,,
2026-09-10T00:35:57.364927+00:00,2026-09-10T05:35:57.364927+05:00,,,,1,,,,,
2026-09-10T00:36:57.198340+00:00,2026-09-10T05:36:57.198340+05:00,,,,1,,,,,
2026-09-10T00:38:00.345776+00:00,2026-09-10T05:38:00.345776+05:00,0,0,,1,,,,,
2026-09-10T00:38:57.505619+00:00,2026-09-10T05:38:57.505619+05:00,,,,1,7,5,233,1,0
2026-09-10T00:39:57.265693+00:00,2026-09-10T05:39:57.265693+05:00,,,,1,,,,,
2026-09-10T00:40:57.321945+00:00,2026-09-10T05:40:57.321945+05:00,,,,1,,,,,
2026-09-10T00:41:57.296727+00:00,2026-09-10T05:41:57.296727+05:00,0,0,,1,,,,,
2026-09-10T00:42:57.324452+00:00,2026-09-10T05:42:57.324452+05:00,,,,1,,,,,
2026-09-10T00:44:18.921815+00:00,2026-09-10T05:44:18.921815+05:00,0,0,,1,7,5,232,1,0
2026-09-10T00:45:18.212554+00:00,2026-09-10T05:45:18.212554+05:00,,,,1,,,,,
2026-09-10T00:46:18.202369+00:00,2026-09-10T05:46:18.202369+05:00,,,,1,,,,,
2026-09-10T00:47:18.339906+00:00,2026-09-10T05:47:18.339906+05:00,,,,1,,,,,
2026-09-10T00:48:21.170034+00:00,2026-09-10T05:48:21.170034+05:00,0,0,,1,,,,,
2026-09-10T00:49:18.418856+00:00,2026-09-10T05:49:18.418856+05:00,,,,1,7,4,232,1,0
2026-09-10T00:50:18.211870+00:00,2026-09-10T05:50:18.211870+05:00,,,,1,,,,,
2026-09-10T00:51:18.245365+00:00,2026-09-10T05:51:18.245365+05:00,,,,1,,,,,
2026-09-10T00:52:18.248091+00:00,2026-09-10T05:52:18.248091+05:00,0,0,,1,,,,,
2026-09-10T00:53:17.884826+00:00,2026-09-10T05:53:17.884826+05:00,,,,1,,,,,
2026-09-10T00:54:18.418676+00:00,2026-09-10T05:54:18.418676+05:00,,,,1,6,4,232,1,0
2026-09-10T00:55:18.234997+00:00,2026-09-10T05:55:18.234997+05:00,,,,1,,,,,
2026-09-10T00:56:18.246530+00:00,2026-09-10T05:56:18.246530+05:00,0,0,,1,,,,,
2026-09-10T00:57:18.294195+00:00,2026-09-10T05:57:18.294195+05:00,,,,1,,,,,
2026-09-10T00:58:17.883534+00:00,2026-09-10T05:58:17.883534+05:00,,,,1,,,,,
2026-09-10T00:59:18.482023+00:00,2026-09-10T05:59:18.482023+05:00,,,,1,6,4,232,1,0
2026-09-10T01:00:18.746485+00:00,2026-09-10T06:00:18.746485+05:00,0,0,,1,,,,,
2026-09-10T01:01:18.100962+00:00,2026-09-10T06:01:18.100962+05:00,,,,1,,,,,
2026-09-10T01:02:18.379160+00:00,2026-09-10T06:02:18.379160+05:00,,,,1,,,,,
2026-09-10T01:03:18.358010+00:00,2026-09-10T06:03:18.358010+05:00,,,,1,,,,,
2026-09-10T01:04:18.272954+00:00,2026-09-10T06:04:18.272954+05:00,0,0,,1,6,4,232,1,0
2026-09-10T01:05:17.888267+00:00,2026-09-10T06:05:17.888267+05:00,,,,1,,,,,
2026-09-10T01:06:18.204548+00:00,2026-09-10T06:06:18.204548+05:00,,,,1,,,,,
2026-09-10T01:07:17.885777+00:00,2026-09-10T06:07:17.885777+05:00,,,,1,,,,,
2026-09-10T01:08:21.390776+00:00,2026-09-10T06:08:21.390776+05:00,0,0,,1,,,,,
2026-09-10T01:09:18.287746+00:00,2026-09-10T06:09:18.287746+05:00,,,,1,7,4,232,1,0
2026-09-10T01:10:18.213683+00:00,2026-09-10T06:10:18.213683+05:00,,,,1,,,,,
2026-09-10T01:11:18.029773+00:00,2026-09-10T06:11:18.029773+05:00,,,,1,,,,,
2026-09-10T01:12:21.200736+00:00,2026-09-10T06:12:21.200736+05:00,0,0,,1,,,,,
2026-09-10T01:13:18.016989+00:00,2026-09-10T06:13:18.016989+05:00,,,,1,,,,,
2026-09-10T01:14:18.443006+00:00,2026-09-10T06:14:18.443006+05:00,,,,1,8,5,232,1,0
2026-09-10T01:15:18.387032+00:00,2026-09-10T06:15:18.387032+05:00,,,,1,,,,,
2026-09-10T01:16:18.304227+00:00,2026-09-10T06:16:18.304227+05:00,0,0,,1,,,,,
2026-09-10T01:17:18.059091+00:00,2026-09-10T06:17:18.059091+05:00,,,,1,,,,,
2026-09-10T01:18:18.226345+00:00,2026-09-10T06:18:18.226345+05:00,,,,1,,,,,
2026-09-10T01:19:18.431598+00:00,2026-09-10T06:19:18.431598+05:00,,,,1,9,5,232,2,0
2026-09-10T01:20:18.108097+00:00,2026-09-10T06:20:18.108097+05:00,0,0,24.7,1,,,,,
2026-09-10T01:21:18.250860+00:00,2026-09-10T06:21:18.250860+05:00,,,,1,,,,,
2026-09-10T01:22:18.031465+00:00,2026-09-10T06:22:18.031465+05:00,,,,1,,,,,
2026-09-10T01:23:18.117442+00:00,2026-09-10T06:23:18.117442+05:00,,,,1,,,,,
2026-09-10T01:24:21.314359+00:00,2026-09-10T06:24:21.314359+05:00,0,0,,1,8,5,232,4,0
2026-09-10T01:25:17.893075+00:00,2026-09-10T06:25:17.893075+05:00,,,,1,,,,,
2026-09-10T01:26:18.053222+00:00,2026-09-10T06:26:18.053222+05:00,,,,1,,,,,
2026-09-10T01:27:18.192599+00:00,2026-09-10T06:27:18.192599+05:00,,,,1,,,,,
2026-09-10T01:28:21.210157+00:00,2026-09-10T06:28:21.210157+05:00,0,0,,1,,,,,
2026-09-10T01:29:18.245687+00:00,2026-09-10T06:29:18.245687+05:00,,,,1,7,5,232,6,0
2026-09-10T01:30:18.218089+00:00,2026-09-10T06:30:18.218089+05:00,,,,1,,,,,
2026-09-10T01:31:18.014843+00:00,2026-09-10T06:31:18.014843+05:00,,,,1,,,,,
2026-09-10T01:32:18.238281+00:00,2026-09-10T06:32:18.238281+05:00,0,0,38.4,1,,,,,
2026-09-10T01:33:17.887366+00:00,2026-09-10T06:33:17.887366+05:00,,,,1,,,,,
2026-09-10T01:34:18.221405+00:00,2026-09-10T06:34:18.221405+05:00,,,,1,8,5,232,9,0
2026-09-10T01:35:18.378129+00:00,2026-09-10T06:35:18.378129+05:00,,,,1,,,,,
2026-09-10T01:36:18.249586+00:00,2026-09-10T06:36:18.249586+05:00,0,0,,1,,,,,
2026-09-10T01:37:18.215560+00:00,2026-09-10T06:37:18.215560+05:00,,,,1,,,,,
2026-09-10T01:38:18.049641+00:00,2026-09-10T06:38:18.049641+05:00,,,,1,,,,,
2026-09-10T01:39:18.593492+00:00,2026-09-10T06:39:18.593492+05:00,,,,1,14,5,232,12,0
2026-09-10T01:40:18.238196+00:00,2026-09-10T06:40:18.238196+05:00,0,0,,1,,,,,
2026-09-10T01:41:18.073269+00:00,2026-09-10T06:41:18.073269+05:00,,,,1,,,,,
2026-09-10T01:42:18.255477+00:00,2026-09-10T06:42:18.255477+05:00,,,,1,,,,,
2026-09-10T01:43:18.357567+00:00,2026-09-10T06:43:18.357567+05:00,,,,1,,,,,
2026-09-10T01:44:18.246900+00:00,2026-09-10T06:44:18.246900+05:00,1,0,,1,14,5,232,14,0
2026-09-10T01:45:17.884948+00:00,2026-09-10T06:45:17.884948+05:00,,,,1,,,,,
2026-09-10T01:46:18.187903+00:00,2026-09-10T06:46:18.187903+05:00,,,,1,,,,,
2026-09-10T01:47:18.026541+00:00,2026-09-10T06:47:18.026541+05:00,,,,1,,,,,
2026-09-10T01:48:18.245538+00:00,2026-09-10T06:48:18.245538+05:00,1,0,,1,,,,,
2026-09-10T01:49:18.471770+00:00,2026-09-10T06:49:18.471770+05:00,,,,1,14,5,232,20,0
2026-09-10T01:50:18.018942+00:00,2026-09-10T06:50:18.018942+05:00,,,,1,,,,,
2026-09-10T01:51:18.038892+00:00,2026-09-10T06:51:18.038892+05:00,,,,1,,,,,
2026-09-10T01:52:18.205663+00:00,2026-09-10T06:52:18.205663+05:00,1,0,,1,,,,,
2026-09-10T01:53:18.214214+00:00,2026-09-10T06:53:18.214214+05:00,,,,1,,,,,
2026-09-10T01:54:18.233267+00:00,2026-09-10T06:54:18.233267+05:00,,,,1,17,5,232,25,0
2026-09-10T01:55:18.208855+00:00,2026-09-10T06:55:18.208855+05:00,,,,1,,,,,
2026-09-10T01:56:21.399468+00:00,2026-09-10T06:56:21.399468+05:00,2,0,,1,,,,,
2026-09-10T01:57:18.201846+00:00,2026-09-10T06:57:18.201846+05:00,,,,1,,,,,
2026-09-10T01:58:18.193477+00:00,2026-09-10T06:58:18.193477+05:00,,,,1,,,,,
2026-09-10T01:59:18.397987+00:00,2026-09-10T06:59:18.397987+05:00,,,,1,23,4,233,26,0
2026-09-10T02:00:18.337473+00:00,2026-09-10T07:00:18.337473+05:00,2,0,,1,,,,,
2026-09-10T02:01:17.885333+00:00,2026-09-10T07:01:17.885333+05:00,,,,1,,,,,
2026-09-10T02:02:18.352797+00:00,2026-09-10T07:02:18.352797+05:00,,,,1,,,,,
2026-09-10T02:03:18.238102+00:00,2026-09-10T07:03:18.238102+05:00,,,,2,,,,,
2026-09-10T02:04:18.570785+00:00,2026-09-10T07:04:18.570785+05:00,2,0,75.8,2,25,3,233,34,0
2026-09-10T02:05:18.068873+00:00,2026-09-10T07:05:18.068873+05:00,,,,2,,,,,
2026-09-10T02:06:18.023875+00:00,2026-09-10T07:06:18.023875+05:00,,,,2,,,,,
2026-09-10T02:07:18.222395+00:00,2026-09-10T07:07:18.222395+05:00,,,,2,,,,,
2026-09-10T02:08:18.226876+00:00,2026-09-10T07:08:18.226876+05:00,3,0,,2,,,,,
2026-09-10T02:09:18.413687+00:00,2026-09-10T07:09:18.413687+05:00,,,,2,29,3,233,33,0
2026-09-10T02:10:18.010490+00:00,2026-09-10T07:10:18.010490+05:00,,,,2,,,,,
2026-09-10T02:11:18.242210+00:00,2026-09-10T07:11:18.242210+05:00,,,,2,,,,,
2026-09-10T02:12:18.282626+00:00,2026-09-10T07:12:18.282626+05:00,3,0,,2,,,,,
2026-09-10T02:13:18.206687+00:00,2026-09-10T07:13:18.206687+05:00,,,,3,,,,,
2026-09-10T02:14:18.426737+00:00,2026-09-10T07:14:18.426737+05:00,,,,3,31,3,233,38,0
2026-09-10T02:15:18.014224+00:00,2026-09-10T07:15:18.014224+05:00,,,,3,,,,,
2026-09-10T02:16:18.238595+00:00,2026-09-10T07:16:18.238595+05:00,4,0,,3,,,,,
2026-09-10T02:17:18.231444+00:00,2026-09-10T07:17:18.231444+05:00,,,,3,,,,,
2026-09-10T02:18:17.884821+00:00,2026-09-10T07:18:17.884821+05:00,,,,3,,,,,
2026-09-10T02:19:18.434484+00:00,2026-09-10T07:19:18.434484+05:00,,,,3,34,4,233,45,0
2026-09-10T02:20:21.369741+00:00,2026-09-10T07:20:21.369741+05:00,5,0,,3,,,,,
2026-09-10T02:21:18.257487+00:00,2026-09-10T07:21:18.257487+05:00,,,,4,,,,,
2026-09-10T02:22:18.192924+00:00,2026-09-10T07:22:18.192924+05:00,,,,4,,,,,
2026-09-10T02:23:18.210192+00:00,2026-09-10T07:23:18.210192+05:00,,,,4,,,,,
2026-09-10T02:24:21.246849+00:00,2026-09-10T07:24:21.246849+05:00,5,0,,4,37,4,234,58,0
2026-09-10T02:25:17.885391+00:00,2026-09-10T07:25:17.885391+05:00,,,,4,,,,,
2026-09-10T02:26:18.245370+00:00,2026-09-10T07:26:18.245370+05:00,,,,4,,,,,
2026-09-10T02:27:18.263671+00:00,2026-09-10T07:27:18.263671+05:00,,,,4,,,,,
2026-09-10T02:28:19.374861+00:00,2026-09-10T07:28:19.374861+05:00,6,0,104.4,4,,,,,
2026-09-10T02:29:18.475368+00:00,2026-09-10T07:29:18.475368+05:00,,,,5,42,4,235,67,0
2026-09-10T02:30:18.191873+00:00,2026-09-10T07:30:18.191873+05:00,,,,5,,,,,
2026-09-10T02:31:18.216302+00:00,2026-09-10T07:31:18.216302+05:00,,,,5,,,,,
2026-09-10T02:32:18.112386+00:00,2026-09-10T07:32:18.112386+05:00,7,0,109.0,5,,,,,
2026-09-10T02:33:18.280721+00:00,2026-09-10T07:33:18.280721+05:00,,,,5,,,,,
2026-09-10T02:34:18.640755+00:00,2026-09-10T07:34:18.640755+05:00,,,,5,45,5,235,75,0
2026-09-10T02:35:18.020798+00:00,2026-09-10T07:35:18.020798+05:00,,,,5,,,,,
2026-09-10T02:36:21.863632+00:00,2026-09-10T07:36:21.863632+05:00,7,0,114.1,5,,,,,
2026-09-10T02:37:18.332644+00:00,2026-09-10T07:37:18.332644+05:00,,,,5,,,,,
2026-09-10T02:38:18.342420+00:00,2026-09-10T07:38:18.342420+05:00,,,,5,,,,,
2026-09-10T02:39:18.462703+00:00,2026-09-10T07:39:18.462703+05:00,,,,5,48,10,237,86,0
2026-09-10T02:40:18.099536+00:00,2026-09-10T07:40:18.099536+05:00,7,0,126.1,6,,,,,
2026-09-10T02:41:17.885829+00:00,2026-09-10T07:41:17.885829+05:00,,,,6,,,,,
2026-09-10T02:42:18.205655+00:00,2026-09-10T07:42:18.205655+05:00,,,,6,,,,,
2026-09-10T02:43:18.256077+00:00,2026-09-10T07:43:18.256077+05:00,,,,6,,,,,
2026-09-10T02:44:18.703601+00:00,2026-09-10T07:44:18.703601+05:00,7,0,128.9,6,48,10,237,95,0
2026-09-10T02:45:18.308036+00:00,2026-09-10T07:45:18.308036+05:00,,,,6,,,,,
2026-09-10T02:46:18.317704+00:00,2026-09-10T07:46:18.317704+05:00,,,,6,,,,,
2026-09-10T02:47:18.118230+00:00,2026-09-10T07:47:18.118230+05:00,,,,6,,,,,
2026-09-10T02:48:21.164612+00:00,2026-09-10T07:48:21.164612+05:00,7,0,134.2,6,,,,,
2026-09-10T02:49:18.606275+00:00,2026-09-10T07:49:18.606275+05:00,,,,6,49,11,238,101,0
2026-09-10T02:50:18.236563+00:00,2026-09-10T07:50:18.236563+05:00,,,,6,,,,,
2026-09-10T02:51:18.222711+00:00,2026-09-10T07:51:18.222711+05:00,,,,6,,,,,
2026-09-10T02:52:18.754623+00:00,2026-09-10T07:52:18.754623+05:00,7,0,133.7,6,,,,,
2026-09-10T02:53:18.191955+00:00,2026-09-10T07:53:18.191955+05:00,,,,6,,,,,
2026-09-10T02:54:18.500946+00:00,2026-09-10T07:54:18.500946+05:00,,,,6,52,11,238,105,0
2026-09-10T02:55:18.229581+00:00,2026-09-10T07:55:18.229581+05:00,,,,6,,,,,
2026-09-10T02:56:18.254599+00:00,2026-09-10T07:56:18.254599+05:00,7,0,137.4,6,,,,,
2026-09-10T02:57:18.025828+00:00,2026-09-10T07:57:18.025828+05:00,,,,6,,,,,
2026-09-10T02:58:18.349872+00:00,2026-09-10T07:58:18.349872+05:00,,,,6,,,,,
2026-09-10T02:59:18.529221+00:00,2026-09-10T07:59:18.529221+05:00,,,,6,61,13,239,113,0
2026-09-10T03:00:18.400165+00:00,2026-09-10T08:00:18.400165+05:00,7,0,141.6,6,,,,,
2026-09-10T03:01:20.731811+00:00,2026-09-10T08:01:20.731811+05:00,,,,7,,,,,
2026-09-10T03:02:18.236045+00:00,2026-09-10T08:02:18.236045+05:00,,,,7,,,,,
2026-09-10T03:03:18.242215+00:00,2026-09-10T08:03:18.242215+05:00,,,,7,,,,,
2026-09-10T03:04:19.098001+00:00,2026-09-10T08:04:19.098001+05:00,7,0,142.4,7,64,14,240,120,1
2026-09-10T03:05:18.011201+00:00,2026-09-10T08:05:18.011201+05:00,,,,7,,,,,
2026-09-10T03:06:17.884266+00:00,2026-09-10T08:06:17.884266+05:00,,,,7,,,,,
2026-09-10T03:07:18.196460+00:00,2026-09-10T08:07:18.196460+05:00,,,,7,,,,,
2026-09-10T03:08:18.371449+00:00,2026-09-10T08:08:18.371449+05:00,7,0,140.5,7,,,,,
2026-09-10T03:09:18.390446+00:00,2026-09-10T08:09:18.390446+05:00,,,,7,62,13,241,121,1
2026-09-10T03:10:18.200944+00:00,2026-09-10T08:10:18.200944+05:00,,,,7,,,,,
2026-09-10T03:11:18.121790+00:00,2026-09-10T08:11:18.121790+05:00,,,,7,,,,,
2026-09-10T03:12:18.230884+00:00,2026-09-10T08:12:18.230884+05:00,7,0,142.3,7,,,,,
2026-09-10T03:13:18.251293+00:00,2026-09-10T08:13:18.251293+05:00,,,,7,,,,,
2026-09-10T03:14:18.495691+00:00,2026-09-10T08:14:18.495691+05:00,,,,7,61,13,241,126,1
2026-09-10T03:15:18.010407+00:00,2026-09-10T08:15:18.010407+05:00,,,,7,,,,,
2026-09-10T03:16:21.813472+00:00,2026-09-10T08:16:21.813472+05:00,7,0,143.8,7,,,,,
2026-09-10T03:17:18.013181+00:00,2026-09-10T08:17:18.013181+05:00,,,,7,,,,,
2026-09-10T03:18:18.375585+00:00,2026-09-10T08:18:18.375585+05:00,,,,7,,,,,
2026-09-10T03:19:18.550921+00:00,2026-09-10T08:19:18.550921+05:00,,,,7,65,13,243,129,1
2026-09-10T03:20:18.247313+00:00,2026-09-10T08:20:18.247313+05:00,7,0,142.6,7,,,,,
2026-09-10T03:21:18.302951+00:00,2026-09-10T08:21:18.302951+05:00,,,,7,,,,,
2026-09-10T03:22:17.885675+00:00,2026-09-10T08:22:17.885675+05:00,,,,7,,,,,
2026-09-10T03:23:17.887623+00:00,2026-09-10T08:23:17.887623+05:00,,,,7,,,,,
2026-09-10T03:24:18.539946+00:00,2026-09-10T08:24:18.539946+05:00,7,0,143.2,7,64,15,243,132,1
2026-09-10T03:25:18.259815+00:00,2026-09-10T08:25:18.259815+05:00,,,,7,,,,,
2026-09-10T03:26:18.008980+00:00,2026-09-10T08:26:18.008980+05:00,,,,7,,,,,
2026-09-10T03:27:18.245703+00:00,2026-09-10T08:27:18.245703+05:00,,,,7,,,,,
2026-09-10T03:28:18.106564+00:00,2026-09-10T08:28:18.106564+05:00,7,0,141.0,7,,,,,
2026-09-10T03:29:18.698733+00:00,2026-09-10T08:29:18.698733+05:00,,,,7,62,14,243,138,1
2026-09-10T03:30:18.192182+00:00,2026-09-10T08:30:18.192182+05:00,,,,7,,,,,
2026-09-10T03:31:17.888069+00:00,2026-09-10T08:31:17.888069+05:00,,,,7,,,,,
2026-09-10T03:32:18.227413+00:00,2026-09-10T08:32:18.227413+05:00,7,0,144.0,7,,,,,
2026-09-10T03:33:18.024623+00:00,2026-09-10T08:33:18.024623+05:00,,,,7,,,,,
2026-09-10T03:34:18.341920+00:00,2026-09-10T08:34:18.341920+05:00,,,,7,64,14,243,142,1
2026-09-10T03:35:18.227583+00:00,2026-09-10T08:35:18.227583+05:00,,,,7,,,,,
2026-09-10T03:36:18.191949+00:00,2026-09-10T08:36:18.191949+05:00,7,0,147.0,7,,,,,
2026-09-10T03:37:18.217417+00:00,2026-09-10T08:37:18.217417+05:00,,,,7,,,,,
2026-09-10T03:38:17.884985+00:00,2026-09-10T08:38:17.884985+05:00,,,,7,,,,,
2026-09-10T03:39:18.372473+00:00,2026-09-10T08:39:18.372473+05:00,,,,7,66,14,243,149,1
2026-09-10T03:40:21.361294+00:00,2026-09-10T08:40:21.361294+05:00,7,0,143.7,7,,,,,
2026-09-10T03:41:18.317041+00:00,2026-09-10T08:41:18.317041+05:00,,,,7,,,,,
2026-09-10T03:42:18.249260+00:00,2026-09-10T08:42:18.249260+05:00,,,,7,,,,,
2026-09-10T03:43:17.884949+00:00,2026-09-10T08:43:17.884949+05:00,,,,7,,,,,
2026-09-10T03:44:21.144521+00:00,2026-09-10T08:44:21.144521+05:00,7,0,146.7,7,68,14,244,157,1
2026-09-10T03:45:18.223494+00:00,2026-09-10T08:45:18.223494+05:00,,,,7,,,,,
2026-09-10T03:46:18.222090+00:00,2026-09-10T08:46:18.222090+05:00,,,,7,,,,,
2026-09-10T03:47:17.888721+00:00,2026-09-10T08:47:17.888721+05:00,,,,7,,,,,
2026-09-10T03:48:18.246999+00:00,2026-09-10T08:48:18.246999+05:00,7,0,147.7,7,,,,,
2026-09-10T03:49:18.731143+00:00,2026-09-10T08:49:18.731143+05:00,,,,7,68,15,246,157,1
2026-09-10T03:50:17.884520+00:00,2026-09-10T08:50:17.884520+05:00,,,,7,,,,,
2026-09-10T03:51:18.205422+00:00,2026-09-10T08:51:18.205422+05:00,,,,7,,,,,
2026-09-10T03:52:18.324316+00:00,2026-09-10T08:52:18.324316+05:00,7,0,145.9,7,,,,,
2026-09-10T03:53:18.243888+00:00,2026-09-10T08:53:18.243888+05:00,,,,7,,,,,
2026-09-10T03:54:18.565964+00:00,2026-09-10T08:54:18.565964+05:00,,,,7,67,15,246,152,1
2026-09-10T03:55:18.022296+00:00,2026-09-10T08:55:18.022296+05:00,,,,7,,,,,
2026-09-10T03:56:18.261912+00:00,2026-09-10T08:56:18.261912+05:00,7,0,140.7,7,,,,,
2026-09-10T03:57:18.273866+00:00,2026-09-10T08:57:18.273866+05:00,,,,7,,,,,
2026-09-10T03:58:18.219165+00:00,2026-09-10T08:58:18.219165+05:00,,,,7,,,,,
2026-09-10T03:59:18.601284+00:00,2026-09-10T08:59:18.601284+05:00,,,,7,64,18,248,153,1
2026-09-10T04:00:18.213683+00:00,2026-09-10T09:00:18.213683+05:00,7,0,145.1,7,,,,,
2026-09-10T04:01:18.222788+00:00,2026-09-10T09:01:18.222788+05:00,,,,7,,,,,
2026-09-10T04:02:18.225499+00:00,2026-09-10T09:02:18.225499+05:00,,,,7,,,,,
2026-09-10T04:03:18.256056+00:00,2026-09-10T09:03:18.256056+05:00,,,,7,,,,,
2026-09-10T04:04:18.656149+00:00,2026-09-10T09:04:18.656149+05:00,7,0,137.4,7,65,18,248,150,1
2026-09-10T04:05:18.219452+00:00,2026-09-10T09:05:18.219452+05:00,,,,7,,,,,
2026-09-10T04:06:18.213390+00:00,2026-09-10T09:06:18.213390+05:00,,,,6,,,,,
2026-09-10T04:07:18.198181+00:00,2026-09-10T09:07:18.198181+05:00,,,,6,,,,,
2026-09-10T04:08:18.364014+00:00,2026-09-10T09:08:18.364014+05:00,7,0,139.1,6,,,,,
2026-09-10T04:09:18.597343+00:00,2026-09-10T09:09:18.597343+05:00,,,,6,66,21,248,151,1
2026-09-10T04:10:17.886831+00:00,2026-09-10T09:10:17.886831+05:00,,,,6,,,,,
2026-09-10T04:11:18.026275+00:00,2026-09-10T09:11:18.026275+05:00,,,,6,,,,,
2026-09-10T04:12:18.273551+00:00,2026-09-10T09:12:18.273551+05:00,7,0,134.1,6,,,,,
2026-09-10T04:13:18.192561+00:00,2026-09-10T09:13:18.192561+05:00,,,,6,,,,,
2026-09-10T04:14:18.421994+00:00,2026-09-10T09:14:18.421994+05:00,,,,6,70,21,248,153,2
2026-09-10T04:15:18.238747+00:00,2026-09-10T09:15:18.238747+05:00,,,,6,,,,,
2026-09-10T04:16:18.208991+00:00,2026-09-10T09:16:18.208991+05:00,7,0,132.2,6,,,,,
2026-09-10T04:17:18.362068+00:00,2026-09-10T09:17:18.362068+05:00,,,,6,,,,,
2026-09-10T04:18:18.378278+00:00,2026-09-10T09:18:18.378278+05:00,,,,6,,,,,
2026-09-10T04:19:18.437008+00:00,2026-09-10T09:19:18.437008+05:00,,,,6,74,22,248,152,3
2026-09-10T04:20:18.718685+00:00,2026-09-10T09:20:18.718685+05:00,7,0,132.4,6,,,,,
2026-09-10T04:21:17.892944+00:00,2026-09-10T09:21:17.892944+05:00,,,,6,,,,,
2026-09-10T04:22:17.883872+00:00,2026-09-10T09:22:17.883872+05:00,,,,6,,,,,
2026-09-10T04:23:17.891626+00:00,2026-09-10T09:23:17.891626+05:00,,,,6,,,,,
2026-09-10T04:24:18.600867+00:00,2026-09-10T09:24:18.600867+05:00,6,0,129.6,6,72,22,250,143,3
2026-09-10T04:25:18.244879+00:00,2026-09-10T09:25:18.244879+05:00,,,,6,,,,,
2026-09-10T04:26:18.203062+00:00,2026-09-10T09:26:18.203062+05:00,,,,6,,,,,
2026-09-10T04:27:18.205916+00:00,2026-09-10T09:27:18.205916+05:00,,,,6,,,,,
2026-09-10T04:28:18.251632+00:00,2026-09-10T09:28:18.251632+05:00,6,0,133.5,6,,,,,
2026-09-10T04:29:18.621975+00:00,2026-09-10T09:29:18.621975+05:00,,,,6,66,25,251,140,3
2026-09-10T04:30:18.323929+00:00,2026-09-10T09:30:18.323929+05:00,,,,6,,,,,
2026-09-10T04:31:18.248510+00:00,2026-09-10T09:31:18.248510+05:00,,,,6,,,,,
2026-09-10T04:32:21.192990+00:00,2026-09-10T09:32:21.192990+05:00,6,0,131.2,6,,,,,
2026-09-10T04:33:18.356645+00:00,2026-09-10T09:33:18.356645+05:00,,,,6,,,,,
2026-09-10T04:34:18.593353+00:00,2026-09-10T09:34:18.593353+05:00,,,,6,66,26,251,133,2
2026-09-10T04:35:18.251928+00:00,2026-09-10T09:35:18.251928+05:00,,,,6,,,,,
2026-09-10T04:36:18.380922+00:00,2026-09-10T09:36:18.380922+05:00,6,0,127.8,5,,,,,
2026-09-10T04:37:18.084043+00:00,2026-09-10T09:37:18.084043+05:00,,,,5,,,,,
2026-09-10T04:38:18.267606+00:00,2026-09-10T09:38:18.267606+05:00,,,,5,,,,,
2026-09-10T04:39:18.571521+00:00,2026-09-10T09:39:18.571521+05:00,,,,6,67,26,251,129,2
2026-09-10T04:40:18.085900+00:00,2026-09-10T09:40:18.085900+05:00,6,0,126.3,6,,,,,
2026-09-10T04:41:18.220497+00:00,2026-09-10T09:41:18.220497+05:00,,,,6,,,,,
2026-09-10T04:42:18.255060+00:00,2026-09-10T09:42:18.255060+05:00,,,,6,,,,,
2026-09-10T04:43:18.247528+00:00,2026-09-10T09:43:18.247528+05:00,,,,5,,,,,
2026-09-10T04:44:18.706862+00:00,2026-09-10T09:44:18.706862+05:00,6,0,125.5,5,70,29,252,123,2
2026-09-10T04:45:17.889609+00:00,2026-09-10T09:45:17.889609+05:00,,,,5,,,,,
2026-09-10T04:46:18.208985+00:00,2026-09-10T09:46:18.208985+05:00,,,,5,,,,,
2026-09-10T04:47:18.051758+00:00,2026-09-10T09:47:18.051758+05:00,,,,5,,,,,
2026-09-10T04:48:18.244285+00:00,2026-09-10T09:48:18.244285+05:00,6,0,123.3,5,,,,,
2026-09-10T04:49:18.619837+00:00,2026-09-10T09:49:18.619837+05:00,,,,5,67,31,256,122,2
2026-09-10T04:50:18.200810+00:00,2026-09-10T09:50:18.200810+05:00,,,,5,,,,,
2026-09-10T04:51:18.237393+00:00,2026-09-10T09:51:18.237393+05:00,,,,5,,,,,
2026-09-10T04:52:18.248682+00:00,2026-09-10T09:52:18.248682+05:00,6,0,122.4,5,,,,,
2026-09-10T04:53:18.257753+00:00,2026-09-10T09:53:18.257753+05:00,,,,5,,,,,
2026-09-10T04:54:18.705102+00:00,2026-09-10T09:54:18.705102+05:00,,,,5,66,31,256,120,2
2026-09-10T04:55:18.103020+00:00,2026-09-10T09:55:18.103020+05:00,,,,5,,,,,
2026-09-10T04:56:18.086025+00:00,2026-09-10T09:56:18.086025+05:00,6,0,121.7,5,,,,,
2026-09-10T04:57:18.344771+00:00,2026-09-10T09:57:18.344771+05:00,,,,5,,,,,
2026-09-10T04:58:18.228708+00:00,2026-09-10T09:58:18.228708+05:00,,,,5,,,,,
2026-09-10T04:59:18.365503+00:00,2026-09-10T09:59:18.365503+05:00,,,,5,66,33,263,119,1
2026-09-10T05:00:18.706170+00:00,2026-09-10T10:00:18.706170+05:00,5,0,116.2,5,,,,,
2026-09-10T05:01:18.072808+00:00,2026-09-10T10:01:18.072808+05:00,,,,5,,,,,
2026-09-10T05:02:18.191942+00:00,2026-09-10T10:02:18.191942+05:00,,,,5,,,,,
2026-09-10T05:03:18.245559+00:00,2026-09-10T10:03:18.245559+05:00,,,,5,,,,,
2026-09-10T05:04:18.685430+00:00,2026-09-10T10:04:18.685430+05:00,5,0,115.3,5,64,34,263,123,2
2026-09-10T05:05:18.249672+00:00,2026-09-10T10:05:18.249672+05:00,,,,5,,,,,
2026-09-10T05:06:18.008803+00:00,2026-09-10T10:06:18.008803+05:00,,,,5,,,,,
2026-09-10T05:07:18.285446+00:00,2026-09-10T10:07:18.285446+05:00,,,,5,,,,,
2026-09-10T05:08:18.375988+00:00,2026-09-10T10:08:18.375988+05:00,5,0,115.0,5,,,,,
2026-09-10T05:09:18.439315+00:00,2026-09-10T10:09:18.439315+05:00,,,,5,64,35,265,122,3
2026-09-10T05:10:18.001270+00:00,2026-09-10T10:10:18.001270+05:00,,,,5,,,,,
2026-09-10T05:11:18.221820+00:00,2026-09-10T10:11:18.221820+05:00,,,,5,,,,,
2026-09-10T05:12:21.165025+00:00,2026-09-10T10:12:21.165025+05:00,5,0,109.2,5,,,,,
2026-09-10T05:13:18.251870+00:00,2026-09-10T10:13:18.251870+05:00,,,,5,,,,,
2026-09-10T05:14:18.738778+00:00,2026-09-10T10:14:18.738778+05:00,,,,5,67,35,266,114,3
2026-09-10T05:15:18.228602+00:00,2026-09-10T10:15:18.228602+05:00,,,,5,,,,,
2026-09-10T05:16:18.224950+00:00,2026-09-10T10:16:18.224950+05:00,5,0,108.2,5,,,,,
2026-09-10T05:17:18.006355+00:00,2026-09-10T10:17:18.006355+05:00,,,,5,,,,,
2026-09-10T05:18:18.341829+00:00,2026-09-10T10:18:18.341829+05:00,,,,5,,,,,
2026-09-10T05:19:18.835255+00:00,2026-09-10T10:19:18.835255+05:00,,,,5,66,34,266,114,3
2026-09-10T05:20:18.213728+00:00,2026-09-10T10:20:18.213728+05:00,5,0,103.1,5,,,,,
2026-09-10T05:21:18.246718+00:00,2026-09-10T10:21:18.246718+05:00,,,,5,,,,,
2026-09-10T05:22:18.249401+00:00,2026-09-10T10:22:18.249401+05:00,,,,5,,,,,
2026-09-10T05:23:18.221031+00:00,2026-09-10T10:23:18.221031+05:00,,,,5,,,,,
2026-09-10T05:24:18.360686+00:00,2026-09-10T10:24:18.360686+05:00,5,0,105.4,5,70,35,268,110,3
2026-09-10T05:25:18.198441+00:00,2026-09-10T10:25:18.198441+05:00,,,,5,,,,,
2026-09-10T05:26:18.222128+00:00,2026-09-10T10:26:18.222128+05:00,,,,5,,,,,
2026-09-10T05:27:18.224755+00:00,2026-09-10T10:27:18.224755+05:00,,,,5,,,,,
2026-09-10T05:28:18.184681+00:00,2026-09-10T10:28:18.184681+05:00,5,0,102.4,4,,,,,
2026-09-10T05:29:18.590084+00:00,2026-09-10T10:29:18.590084+05:00,,,,4,75,35,268,102,3
2026-09-10T05:30:18.103351+00:00,2026-09-10T10:30:18.103351+05:00,,,,5,,,,,
2026-09-10T05:31:18.008892+00:00,2026-09-10T10:31:18.008892+05:00,,,,5,,,,,
2026-09-10T05:32:18.241298+00:00,2026-09-10T10:32:18.241298+05:00,5,0,102.2,4,,,,,
2026-09-10T05:33:18.213061+00:00,2026-09-10T10:33:18.213061+05:00,,,,4,,,,,
2026-09-10T05:34:18.403502+00:00,2026-09-10T10:34:18.403502+05:00,,,,4,74,34,268,97,3
2026-09-10T05:35:18.011214+00:00,2026-09-10T10:35:18.011214+05:00,,,,4,,,,,
2026-09-10T05:36:18.235564+00:00,2026-09-10T10:36:18.235564+05:00,5,0,105.1,4,,,,,
2026-09-10T05:37:18.048328+00:00,2026-09-10T10:37:18.048328+05:00,,,,4,,,,,
2026-09-10T05:38:18.074603+00:00,2026-09-10T10:38:18.074603+05:00,,,,4,,,,,
2026-09-10T05:39:18.346392+00:00,2026-09-10T10:39:18.346392+05:00,,,,4,82,32,266,87,3
2026-09-10T05:40:18.232873+00:00,2026-09-10T10:40:18.232873+05:00,5,0,103.2,4,,,,,
2026-09-10T05:41:18.229269+00:00,2026-09-10T10:41:18.229269+05:00,,,,4,,,,,
2026-09-10T05:42:18.295315+00:00,2026-09-10T10:42:18.295315+05:00,,,,4,,,,,
2026-09-10T05:43:18.358738+00:00,2026-09-10T10:43:18.358738+05:00,,,,4,,,,,
2026-09-10T05:44:18.559816+00:00,2026-09-10T10:44:18.559816+05:00,5,0,104.6,4,84,32,268,87,3
2026-09-10T05:45:18.212825+00:00,2026-09-10T10:45:18.212825+05:00,,,,4,,,,,
2026-09-10T05:46:18.003946+00:00,2026-09-10T10:46:18.003946+05:00,,,,5,,,,,
2026-09-10T05:47:18.247256+00:00,2026-09-10T10:47:18.247256+05:00,,,,4,,,,,
2026-09-10T05:48:18.350818+00:00,2026-09-10T10:48:18.350818+05:00,5,0,104.5,4,,,,,
2026-09-10T05:49:18.519181+00:00,2026-09-10T10:49:18.519181+05:00,,,,5,84,32,267,77,2
2026-09-10T05:50:18.070090+00:00,2026-09-10T10:50:18.070090+05:00,,,,5,,,,,
2026-09-10T05:51:18.276073+00:00,2026-09-10T10:51:18.276073+05:00,,,,5,,,,,
2026-09-10T05:52:21.147077+00:00,2026-09-10T10:52:21.147077+05:00,5,0,104.6,4,,,,,
2026-09-10T05:53:17.901546+00:00,2026-09-10T10:53:17.901546+05:00,,,,4,,,,,
2026-09-10T05:54:18.594697+00:00,2026-09-10T10:54:18.594697+05:00,,,,4,88,32,271,78,2
2026-09-10T05:55:17.892353+00:00,2026-09-10T10:55:17.892353+05:00,,,,4,,,,,
2026-09-10T05:56:18.231284+00:00,2026-09-10T10:56:18.231284+05:00,5,0,105.3,4,,,,,
2026-09-10T05:57:18.228226+00:00,2026-09-10T10:57:18.228226+05:00,,,,4,,,,,
2026-09-10T05:58:18.012376+00:00,2026-09-10T10:58:18.012376+05:00,,,,4,,,,,
2026-09-10T05:59:18.334846+00:00,2026-09-10T10:59:18.334846+05:00,,,,4,91,31,270,77,2
2026-09-10T06:00:18.217024+00:00,2026-09-10T11:00:18.217024+05:00,5,0,107.1,4,,,,,
2026-09-10T06:01:17.898108+00:00,2026-09-10T11:01:17.898108+05:00,,,,5,,,,,
2026-09-10T06:02:18.031963+00:00,2026-09-10T11:02:18.031963+05:00,,,,5,,,,,
2026-09-10T06:03:18.214552+00:00,2026-09-10T11:03:18.214552+05:00,,,,4,,,,,
2026-09-10T06:04:21.340100+00:00,2026-09-10T11:04:21.340100+05:00,5,0,104.5,4,88,31,270,76,2
2026-09-10T06:05:17.891143+00:00,2026-09-10T11:05:17.891143+05:00,,,,4,,,,,
2026-09-10T06:06:18.067151+00:00,2026-09-10T11:06:18.067151+05:00,,,,4,,,,,
2026-09-10T06:07:18.012829+00:00,2026-09-10T11:07:18.012829+05:00,,,,4,,,,,
2026-09-10T06:08:18.087268+00:00,2026-09-10T11:08:18.087268+05:00,5,0,100.5,4,,,,,
2026-09-10T06:09:18.535270+00:00,2026-09-10T11:09:18.535270+05:00,,,,4,92,31,269,73,2
2026-09-10T06:10:18.021423+00:00,2026-09-10T11:10:18.021423+05:00,,,,4,,,,,
2026-09-10T06:11:18.006053+00:00,2026-09-10T11:11:18.006053+05:00,,,,4,,,,,
2026-09-10T06:12:18.670164+00:00,2026-09-10T11:12:18.670164+05:00,4,0,105.6,4,,,,,
2026-09-10T06:13:18.107266+00:00,2026-09-10T11:13:18.107266+05:00,,,,4,,,,,
2026-09-10T06:14:40.748258+00:00,2026-09-10T11:14:40.748258+05:00,4,0,101.7,4,95,30,269,69,3
2026-09-10T06:15:40.081094+00:00,2026-09-10T11:15:40.081094+05:00,,,,4,,,,,
2026-09-10T06:16:40.032349+00:00,2026-09-10T11:16:40.032349+05:00,,,,4,,,,,
2026-09-10T06:17:40.022906+00:00,2026-09-10T11:17:40.022906+05:00,,,,4,,,,,
2026-09-10T06:18:43.057677+00:00,2026-09-10T11:18:43.057677+05:00,4,0,103.2,4,,,,,
2026-09-10T06:19:40.305672+00:00,2026-09-10T11:19:40.305672+05:00,,,,4,94,30,268,68,4
2026-09-10T06:20:40.015254+00:00,2026-09-10T11:20:40.015254+05:00,,,,4,,,,,
2026-09-10T06:21:39.828215+00:00,2026-09-10T11:21:39.828215+05:00,,,,4,,,,,
2026-09-10T06:22:40.081514+00:00,2026-09-10T11:22:40.081514+05:00,4,0,105.2,4,,,,,
2026-09-10T06:23:40.021790+00:00,2026-09-10T11:23:40.021790+05:00,,,,4,,,,,
2026-09-10T06:24:40.263434+00:00,2026-09-10T11:24:40.263434+05:00,,,,4,94,29,266,68,4
2026-09-10T06:25:40.011635+00:00,2026-09-10T11:25:40.011635+05:00,,,,4,,,,,
2026-09-10T06:26:40.199964+00:00,2026-09-10T11:26:40.199964+05:00,4,0,108.6,4,,,,,
2026-09-10T06:27:40.014080+00:00,2026-09-10T11:27:40.014080+05:00,,,,4,,,,,
2026-09-10T06:28:40.018765+00:00,2026-09-10T11:28:40.018765+05:00,,,,4,,,,,
2026-09-10T06:29:40.248561+00:00,2026-09-10T11:29:40.248561+05:00,,,,4,95,30,268,70,5
2026-09-10T06:30:40.104832+00:00,2026-09-10T11:30:40.104832+05:00,4,0,,4,,,,,
2026-09-10T06:31:40.083989+00:00,2026-09-10T11:31:40.083989+05:00,,,,4,,,,,
2026-09-10T06:32:40.042245+00:00,2026-09-10T11:32:40.042245+05:00,,,,4,,,,,
2026-09-10T06:33:40.015789+00:00,2026-09-10T11:33:40.015789+05:00,,,,4,,,,,
2026-09-10T06:34:40.299506+00:00,2026-09-10T11:34:40.299506+05:00,4,0,104.7,4,94,31,268,73,4
2026-09-10T06:35:40.015190+00:00,2026-09-10T11:35:40.015190+05:00,,,,4,,,,,
2026-09-10T06:36:40.018154+00:00,2026-09-10T11:36:40.018154+05:00,,,,4,,,,,
2026-09-10T06:37:40.024735+00:00,2026-09-10T11:37:40.024735+05:00,,,,4,,,,,
2026-09-10T06:38:40.090157+00:00,2026-09-10T11:38:40.090157+05:00,4,0,103.1,4,,,,,
2026-09-10T06:39:40.295139+00:00,2026-09-10T11:39:40.295139+05:00,,,,4,101,32,268,75,6
2026-09-10T06:40:40.026864+00:00,2026-09-10T11:40:40.026864+05:00,,,,4,,,,,
2026-09-10T06:41:40.049915+00:00,2026-09-10T11:41:40.049915+05:00,,,,4,,,,,
2026-09-10T06:42:40.024779+00:00,2026-09-10T11:42:40.024779+05:00,4,0,102.3,4,,,,,
2026-09-10T06:43:40.163083+00:00,2026-09-10T11:43:40.163083+05:00,,,,4,,,,,
2026-09-10T06:44:40.399091+00:00,2026-09-10T11:44:40.399091+05:00,,,,4,99,31,267,72,6
2026-09-10T06:45:40.031298+00:00,2026-09-10T11:45:40.031298+05:00,,,,4,,,,,
2026-09-10T06:46:40.524210+00:00,2026-09-10T11:46:40.524210+05:00,4,0,99.2,4,,,,,
2026-09-10T06:47:39.978850+00:00,2026-09-10T11:47:39.978850+05:00,,,,4,,,,,
2026-09-10T06:48:40.016658+00:00,2026-09-10T11:48:40.016658+05:00,,,,4,,,,,
2026-09-10T06:49:40.329791+00:00,2026-09-10T11:49:40.329791+05:00,,,,4,97,31,265,75,6
2026-09-10T06:50:40.113568+00:00,2026-09-10T11:50:40.113568+05:00,4,0,101.4,4,,,,,
2026-09-10T06:51:40.117363+00:00,2026-09-10T11:51:40.117363+05:00,,,,4,,,,,
2026-09-10T06:52:40.018491+00:00,2026-09-10T11:52:40.018491+05:00,,,,4,,,,,
2026-09-10T06:53:40.033784+00:00,2026-09-10T11:53:40.033784+05:00,,,,4,,,,,
2026-09-10T06:54:40.268729+00:00,2026-09-10T11:54:40.268729+05:00,4,0,108.9,4,97,32,265,77,6
2026-09-10T06:55:40.042362+00:00,2026-09-10T11:55:40.042362+05:00,,,,4,,,,,
2026-09-10T06:56:40.015261+00:00,2026-09-10T11:56:40.015261+05:00,,,,4,,,,,
2026-09-10T06:57:40.074799+00:00,2026-09-10T11:57:40.074799+05:00,,,,4,,,,,
2026-09-10T06:58:40.014211+00:00,2026-09-10T11:58:40.014211+05:00,4,0,102.1,4,,,,,
2026-09-10T06:59:40.326378+00:00,2026-09-10T11:59:40.326378+05:00,,,,4,99,29,255,73,6
2026-09-10T07:00:40.066169+00:00,2026-09-10T12:00:40.066169+05:00,,,,4,,,,,
2026-09-10T07:01:40.038381+00:00,2026-09-10T12:01:40.038381+05:00,,,,4,,,,,
2026-09-10T07:02:40.111896+00:00,2026-09-10T12:02:40.111896+05:00,4,0,,4,,,,,
2026-09-10T07:03:40.038607+00:00,2026-09-10T12:03:40.038607+05:00,,,,4,,,,,
2026-09-10T07:04:40.297602+00:00,2026-09-10T12:04:40.297602+05:00,,,,4,104,32,255,72,6
2026-09-10T07:05:40.019864+00:00,2026-09-10T12:05:40.019864+05:00,,,,4,,,,,
2026-09-10T07:06:40.022162+00:00,2026-09-10T12:06:40.022162+05:00,4,0,103.6,4,,,,,
2026-09-10T07:07:39.844179+00:00,2026-09-10T12:07:39.844179+05:00,,,,4,,,,,
2026-09-10T07:08:40.010280+00:00,2026-09-10T12:08:40.010280+05:00,,,,4,,,,,
2026-09-10T07:09:40.276036+00:00,2026-09-10T12:09:40.276036+05:00,,,,4,104,32,246,72,6
2026-09-10T07:10:40.484669+00:00,2026-09-10T12:10:40.484669+05:00,4,0,101.5,4,,,,,
2026-09-10T07:11:39.832407+00:00,2026-09-10T12:11:39.832407+05:00,,,,4,,,,,
2026-09-10T07:12:40.014912+00:00,2026-09-10T12:12:40.014912+05:00,,,,4,,,,,
2026-09-10T07:13:40.025882+00:00,2026-09-10T12:13:40.025882+05:00,,,,4,,,,,
2026-09-10T07:14:40.287608+00:00,2026-09-10T12:14:40.287608+05:00,4,0,103.1,4,101,33,246,73,6
2026-09-10T07:15:40.028093+00:00,2026-09-10T12:15:40.028093+05:00,,,,4,,,,,
2026-09-10T07:16:40.018262+00:00,2026-09-10T12:16:40.018262+05:00,,,,4,,,,,
2026-09-10T07:17:40.062692+00:00,2026-09-10T12:17:40.062692+05:00,,,,4,,,,,
2026-09-10T07:18:40.138894+00:00,2026-09-10T12:18:40.138894+05:00,4,0,102.1,4,,,,,
2026-09-10T07:19:40.346650+00:00,2026-09-10T12:19:40.346650+05:00,,,,4,101,32,248,72,6
2026-09-10T07:20:40.017797+00:00,2026-09-10T12:20:40.017797+05:00,,,,4,,,,,
2026-09-10T07:21:40.096609+00:00,2026-09-10T12:21:40.096609+05:00,,,,4,,,,,
2026-09-10T07:22:40.013545+00:00,2026-09-10T12:22:40.013545+05:00,4,0,103.6,4,,,,,
2026-09-10T07:23:40.040000+00:00,2026-09-10T12:23:40.040000+05:00,,,,4,,,,,
2026-09-10T07:24:40.509461+00:00,2026-09-10T12:24:40.509461+05:00,,,,4,99,32,246,69,6
2026-09-10T07:25:39.843009+00:00,2026-09-10T12:25:39.843009+05:00,,,,4,,,,,
2026-09-10T07:26:40.475142+00:00,2026-09-10T12:26:40.475142+05:00,4,0,102.3,4,,,,,
2026-09-10T07:27:40.019975+00:00,2026-09-10T12:27:40.019975+05:00,,,,4,,,,,
2026-09-10T07:28:39.927386+00:00,2026-09-10T12:28:39.927386+05:00,,,,4,,,,,
2026-09-10T07:29:40.256227+00:00,2026-09-10T12:29:40.256227+05:00,,,,4,98,29,245,67,7
2026-09-10T07:30:40.110086+00:00,2026-09-10T12:30:40.110086+05:00,4,0,102.0,4,,,,,
2026-09-10T07:31:40.028759+00:00,2026-09-10T12:31:40.028759+05:00,,,,4,,,,,
2026-09-10T07:32:40.037803+00:00,2026-09-10T12:32:40.037803+05:00,,,,4,,,,,
2026-09-10T07:33:40.023614+00:00,2026-09-10T12:33:40.023614+05:00,,,,4,,,,,
2026-09-10T07:34:40.250039+00:00,2026-09-10T12:34:40.250039+05:00,4,0,103.8,4,99,28,246,64,7
2026-09-10T07:35:40.035386+00:00,2026-09-10T12:35:40.035386+05:00,,,,4,,,,,
2026-09-10T07:36:40.019058+00:00,2026-09-10T12:36:40.019058+05:00,,,,4,,,,,
2026-09-10T07:37:40.223560+00:00,2026-09-10T12:37:40.223560+05:00,,,,4,,,,,
2026-09-10T07:38:40.002806+00:00,2026-09-10T12:38:40.002806+05:00,4,0,105.6,4,,,,,
2026-09-10T07:39:40.340258+00:00,2026-09-10T12:39:40.340258+05:00,,,,4,96,28,246,61,7
2026-09-10T07:40:40.153307+00:00,2026-09-10T12:40:40.153307+05:00,,,,4,,,,,
2026-09-10T07:41:40.014594+00:00,2026-09-10T12:41:40.014594+05:00,,,,4,,,,,
2026-09-10T07:42:40.088261+00:00,2026-09-10T12:42:40.088261+05:00,4,0,107.2,4,,,,,
2026-09-10T07:43:40.027791+00:00,2026-09-10T12:43:40.027791+05:00,,,,4,,,,,
2026-09-10T07:44:40.231005+00:00,2026-09-10T12:44:40.231005+05:00,,,,4,98,25,245,63,6
2026-09-10T07:45:40.071319+00:00,2026-09-10T12:45:40.071319+05:00,,,,4,,,,,
2026-09-10T07:46:40.023786+00:00,2026-09-10T12:46:40.023786+05:00,4,0,102.2,4,,,,,
2026-09-10T07:47:40.035222+00:00,2026-09-10T12:47:40.035222+05:00,,,,4,,,,,
2026-09-10T07:48:40.135251+00:00,2026-09-10T12:48:40.135251+05:00,,,,4,,,,,
2026-09-10T07:49:40.343815+00:00,2026-09-10T12:49:40.343815+05:00,,,,4,105,23,241,65,5
2026-09-10T07:50:43.216190+00:00,2026-09-10T12:50:43.216190+05:00,4,0,101.5,4,,,,,
2026-09-10T07:51:40.023655+00:00,2026-09-10T12:51:40.023655+05:00,,,,4,,,,,
2026-09-10T07:52:39.944710+00:00,2026-09-10T12:52:39.944710+05:00,,,,4,,,,,
2026-09-10T07:53:39.967081+00:00,2026-09-10T12:53:39.967081+05:00,,,,4,,,,,
2026-09-10T07:54:40.357126+00:00,2026-09-10T12:54:40.357126+05:00,4,0,100.8,4,108,23,241,63,5
2026-09-10T07:55:40.047041+00:00,2026-09-10T12:55:40.047041+05:00,,,,5,,,,,
2026-09-10T07:56:40.019363+00:00,2026-09-10T12:56:40.019363+05:00,,,,4,,,,,
2026-09-10T07:57:40.024347+00:00,2026-09-10T12:57:40.024347+05:00,,,,4,,,,,
2026-09-10T07:58:40.091681+00:00,2026-09-10T12:58:40.091681+05:00,4,0,100.1,4,,,,,
2026-09-10T07:59:40.257285+00:00,2026-09-10T12:59:40.257285+05:00,,,,4,111,22,240,64,5
2026-09-10T08:00:40.066684+00:00,2026-09-10T13:00:40.066684+05:00,,,,4,,,,,
2026-09-10T08:01:40.023308+00:00,2026-09-10T13:01:40.023308+05:00,,,,4,,,,,
2026-09-10T08:02:40.094273+00:00,2026-09-10T13:02:40.094273+05:00,4,0,101.9,4,,,,,
2026-09-10T08:03:40.028077+00:00,2026-09-10T13:03:40.028077+05:00,,,,4,,,,,
2026-09-10T08:04:40.296468+00:00,2026-09-10T13:04:40.296468+05:00,,,,4,111,21,240,67,5
2026-09-10T08:05:40.014392+00:00,2026-09-10T13:05:40.014392+05:00,,,,4,,,,,
2026-09-10T08:06:40.100633+00:00,2026-09-10T13:06:40.100633+05:00,5,0,,4,,,,,
2026-09-10T08:07:39.952980+00:00,2026-09-10T13:07:39.952980+05:00,,,,5,,,,,
2026-09-10T08:08:40.019988+00:00,2026-09-10T13:08:40.019988+05:00,,,,4,,,,,
2026-09-10T08:09:40.316606+00:00,2026-09-10T13:09:40.316606+05:00,,,,4,104,20,238,66,3
2026-09-10T08:10:40.038411+00:00,2026-09-10T13:10:40.038411+05:00,5,0,102.9,4,,,,,
2026-09-10T08:11:40.017344+00:00,2026-09-10T13:11:40.017344+05:00,,,,4,,,,,
2026-09-10T08:12:40.191469+00:00,2026-09-10T13:12:40.191469+05:00,,,,5,,,,,
2026-09-10T08:13:40.024762+00:00,2026-09-10T13:13:40.024762+05:00,,,,5,,,,,
2026-09-10T08:14:41.280868+00:00,2026-09-10T13:14:41.280868+05:00,5,0,,5,108,20,238,64,3
2026-09-10T08:15:40.021970+00:00,2026-09-10T13:15:40.021970+05:00,,,,5,,,,,
2026-09-10T08:16:40.030933+00:00,2026-09-10T13:16:40.030933+05:00,,,,5,,,,,
2026-09-10T08:17:40.096652+00:00,2026-09-10T13:17:40.096652+05:00,,,,5,,,,,
2026-09-10T08:18:40.108005+00:00,2026-09-10T13:18:40.108005+05:00,5,0,103.3,5,,,,,
2026-09-10T08:19:40.313999+00:00,2026-09-10T13:19:40.313999+05:00,,,,5,108,20,238,67,3
2026-09-10T08:20:40.030354+00:00,2026-09-10T13:20:40.030354+05:00,,,,5,,,,,
2026-09-10T08:21:40.084500+00:00,2026-09-10T13:21:40.084500+05:00,,,,5,,,,,
2026-09-10T08:22:40.103493+00:00,2026-09-10T13:22:40.103493+05:00,5,0,101.4,5,,,,,
2026-09-10T08:23:40.080312+00:00,2026-09-10T13:23:40.080312+05:00,,,,5,,,,,
2026-09-10T08:24:40.300298+00:00,2026-09-10T13:24:40.300298+05:00,,,,5,106,20,238,67,4
2026-09-10T08:25:40.082069+00:00,2026-09-10T13:25:40.082069+05:00,,,,5,,,,,
2026-09-10T08:26:39.993710+00:00,2026-09-10T13:26:39.993710+05:00,5,0,101.8,5,,,,,
2026-09-10T08:27:40.186609+00:00,2026-09-10T13:27:40.186609+05:00,,,,5,,,,,
2026-09-10T08:28:40.019403+00:00,2026-09-10T13:28:40.019403+05:00,,,,5,,,,,
2026-09-10T08:29:40.224960+00:00,2026-09-10T13:29:40.224960+05:00,,,,5,101,20,238,70,4
2026-09-10T08:30:40.312276+00:00,2026-09-10T13:30:40.312276+05:00,5,0,102.7,5,,,,,
2026-09-10T08:31:39.986615+00:00,2026-09-10T13:31:39.986615+05:00,,,,5,,,,,
2026-09-10T08:32:40.179333+00:00,2026-09-10T13:32:40.179333+05:00,,,,5,,,,,
2026-09-10T08:33:40.170223+00:00,2026-09-10T13:33:40.170223+05:00,,,,5,,,,,
2026-09-10T08:34:40.317740+00:00,2026-09-10T13:34:40.317740+05:00,5,0,,5,97,20,238,67,4
2026-09-10T08:35:40.021714+00:00,2026-09-10T13:35:40.021714+05:00,,,,5,,,,,
2026-09-10T08:36:40.078432+00:00,2026-09-10T13:36:40.078432+05:00,,,,5,,,,,
2026-09-10T08:37:40.036070+00:00,2026-09-10T13:37:40.036070+05:00,,,,5,,,,,
2026-09-10T08:38:40.101601+00:00,2026-09-10T13:38:40.101601+05:00,5,0,102.7,5,,,,,
2026-09-10T08:39:40.240094+00:00,2026-09-10T13:39:40.240094+05:00,,,,5,90,18,238,68,4
2026-09-10T08:40:40.131128+00:00,2026-09-10T13:40:40.131128+05:00,,,,5,,,,,
2026-09-10T08:41:40.024610+00:00,2026-09-10T13:41:40.024610+05:00,,,,5,,,,,
2026-09-10T08:42:43.611255+00:00,2026-09-10T13:42:43.611255+05:00,5,0,107.1,5,,,,,
2026-09-10T08:43:40.124089+00:00,2026-09-10T13:43:40.124089+05:00,,,,5,,,,,
2026-09-10T08:44:40.454282+00:00,2026-09-10T13:44:40.454282+05:00,,,,5,93,18,241,67,4
2026-09-10T08:45:39.942508+00:00,2026-09-10T13:45:39.942508+05:00,,,,5,,,,,
2026-09-10T08:46:40.102190+00:00,2026-09-10T13:46:40.102190+05:00,5,0,102.5,5,,,,,
2026-09-10T08:47:40.162020+00:00,2026-09-10T13:47:40.162020+05:00,,,,5,,,,,
2026-09-10T08:48:39.833861+00:00,2026-09-10T13:48:39.833861+05:00,,,,5,,,,,
2026-09-10T08:49:40.181603+00:00,2026-09-10T13:49:40.181603+05:00,,,,5,97,17,241,71,4
2026-09-10T08:50:40.132203+00:00,2026-09-10T13:50:40.132203+05:00,5,0,103.7,5,,,,,
2026-09-10T08:51:40.152527+00:00,2026-09-10T13:51:40.152527+05:00,,,,5,,,,,
2026-09-10T08:52:40.104025+00:00,2026-09-10T13:52:40.104025+05:00,,,,5,,,,,
2026-09-10T08:53:40.079631+00:00,2026-09-10T13:53:40.079631+05:00,,,,5,,,,,
2026-09-10T08:54:40.465272+00:00,2026-09-10T13:54:40.465272+05:00,5,0,108.4,5,99,19,242,69,4
2026-09-10T08:55:40.088861+00:00,2026-09-10T13:55:40.088861+05:00,,,,5,,,,,
2026-09-10T08:56:40.097733+00:00,2026-09-10T13:56:40.097733+05:00,,,,5,,,,,
2026-09-10T08:57:40.188422+00:00,2026-09-10T13:57:40.188422+05:00,,,,5,,,,,
2026-09-10T08:58:40.189223+00:00,2026-09-10T13:58:40.189223+05:00,5,0,110.2,5,,,,,
2026-09-10T08:59:40.344378+00:00,2026-09-10T13:59:40.344378+05:00,,,,5,100,19,242,68,3
2026-09-10T09:00:40.118788+00:00,2026-09-10T14:00:40.118788+05:00,,,,5,,,,,
2026-09-10T09:01:39.845510+00:00,2026-09-10T14:01:39.845510+05:00,,,,5,,,,,
2026-09-10T09:02:40.083291+00:00,2026-09-10T14:02:40.083291+05:00,5,0,107.6,5,,,,,
2026-09-10T09:03:40.038175+00:00,2026-09-10T14:03:40.038175+05:00,,,,5,,,,,
2026-09-10T09:04:40.261490+00:00,2026-09-10T14:04:40.261490+05:00,,,,5,97,19,241,67,2
2026-09-10T09:05:40.026285+00:00,2026-09-10T14:05:40.026285+05:00,,,,5,,,,,
2026-09-10T09:06:40.017526+00:00,2026-09-10T14:06:40.017526+05:00,5,0,105.8,5,,,,,
2026-09-10T09:07:40.383993+00:00,2026-09-10T14:07:40.383993+05:00,,,,5,,,,,
2026-09-10T09:08:40.058494+00:00,2026-09-10T14:08:40.058494+05:00,,,,5,,,,,
2026-09-10T09:09:40.242519+00:00,2026-09-10T14:09:40.242519+05:00,,,,5,94,20,241,67,1
2026-09-10T09:10:40.192044+00:00,2026-09-10T14:10:40.192044+05:00,5,0,106.1,5,,,,,
2026-09-10T09:11:40.037761+00:00,2026-09-10T14:11:40.037761+05:00,,,,5,,,,,
2026-09-10T09:12:40.184781+00:00,2026-09-10T14:12:40.184781+05:00,,,,5,,,,,
2026-09-10T09:13:40.035595+00:00,2026-09-10T14:13:40.035595+05:00,,,,5,,,,,
2026-09-10T09:14:40.226549+00:00,2026-09-10T14:14:40.226549+05:00,5,0,105.9,5,91,20,242,64,1
2026-09-10T09:15:40.106128+00:00,2026-09-10T14:15:40.106128+05:00,,,,5,,,,,
2026-09-10T09:16:40.116506+00:00,2026-09-10T14:16:40.116506+05:00,,,,5,,,,,
2026-09-10T09:17:40.027533+00:00,2026-09-10T14:17:40.027533+05:00,,,,5,,,,,
2026-09-10T09:18:40.179421+00:00,2026-09-10T14:18:40.179421+05:00,5,0,104.5,5,,,,,
2026-09-10T09:19:40.233998+00:00,2026-09-10T14:19:40.233998+05:00,,,,5,88,21,242,64,1
2026-09-10T09:20:40.154890+00:00,2026-09-10T14:20:40.154890+05:00,,,,5,,,,,
2026-09-10T09:21:40.146435+00:00,2026-09-10T14:21:40.146435+05:00,,,,5,,,,,
2026-09-10T09:22:40.000162+00:00,2026-09-10T14:22:40.000162+05:00,5,0,111.6,5,,,,,
2026-09-10T09:23:40.117271+00:00,2026-09-10T14:23:40.117271+05:00,,,,5,,,,,
2026-09-10T09:24:40.456420+00:00,2026-09-10T14:24:40.456420+05:00,,,,5,86,22,242,64,1
2026-09-10T09:25:40.212629+00:00,2026-09-10T14:25:40.212629+05:00,,,,5,,,,,
2026-09-10T09:26:40.097007+00:00,2026-09-10T14:26:40.097007+05:00,5,0,107.9,5,,,,,
2026-09-10T09:27:40.025133+00:00,2026-09-10T14:27:40.025133+05:00,,,,5,,,,,
2026-09-10T09:28:40.031815+00:00,2026-09-10T14:28:40.031815+05:00,,,,5,,,,,
2026-09-10T09:29:40.242808+00:00,2026-09-10T14:29:40.242808+05:00,,,,4,85,19,240,63,1
2026-09-10T09:30:40.037813+00:00,2026-09-10T14:30:40.037813+05:00,5,0,108.7,4,,,,,
2026-09-10T09:31:40.118876+00:00,2026-09-10T14:31:40.118876+05:00,,,,4,,,,,
2026-09-10T09:32:39.854370+00:00,2026-09-10T14:32:39.854370+05:00,,,,5,,,,,
2026-09-10T09:33:40.078204+00:00,2026-09-10T14:33:40.078204+05:00,,,,5,,,,,
2026-09-10T09:34:40.279959+00:00,2026-09-10T14:34:40.279959+05:00,5,0,110.5,5,86,16,239,65,3
2026-09-10T09:35:40.088489+00:00,2026-09-10T14:35:40.088489+05:00,,,,5,,,,,
2026-09-10T09:36:40.032625+00:00,2026-09-10T14:36:40.032625+05:00,,,,5,,,,,
2026-09-10T09:37:40.139704+00:00,2026-09-10T14:37:40.139704+05:00,,,,5,,,,,
2026-09-10T09:38:40.021819+00:00,2026-09-10T14:38:40.021819+05:00,5,0,114.0,5,,,,,
2026-09-10T09:39:40.501996+00:00,2026-09-10T14:39:40.501996+05:00,,,,5,93,15,235,68,3
2026-09-10T09:40:40.081781+00:00,2026-09-10T14:40:40.081781+05:00,,,,5,,,,,
2026-09-10T09:41:40.081343+00:00,2026-09-10T14:41:40.081343+05:00,,,,5,,,,,
2026-09-10T09:42:40.102906+00:00,2026-09-10T14:42:40.102906+05:00,5,0,108.5,5,,,,,
2026-09-10T09:43:40.020215+00:00,2026-09-10T14:43:40.020215+05:00,,,,5,,,,,
2026-09-10T09:44:40.265133+00:00,2026-09-10T14:44:40.265133+05:00,,,,5,91,15,235,69,4
2026-09-10T09:45:40.166542+00:00,2026-09-10T14:45:40.166542+05:00,,,,5,,,,,
2026-09-10T09:46:40.153100+00:00,2026-09-10T14:46:40.153100+05:00,5,0,110.0,5,,,,,
2026-09-10T09:47:39.939738+00:00,2026-09-10T14:47:39.939738+05:00,,,,5,,,,,
2026-09-10T09:48:40.115729+00:00,2026-09-10T14:48:40.115729+05:00,,,,5,,,,,
2026-09-10T09:49:40.291575+00:00,2026-09-10T14:49:40.291575+05:00,,,,5,91,15,235,67,3
2026-09-10T09:50:40.112817+00:00,2026-09-10T14:50:40.112817+05:00,5,0,107.5,5,,,,,
2026-09-10T09:51:40.025370+00:00,2026-09-10T14:51:40.025370+05:00,,,,5,,,,,
2026-09-10T09:52:39.967517+00:00,2026-09-10T14:52:39.967517+05:00,,,,5,,,,,
2026-09-10T09:53:40.160990+00:00,2026-09-10T14:53:40.160990+05:00,,,,5,,,,,
2026-09-10T09:54:40.280980+00:00,2026-09-10T14:54:40.280980+05:00,5,0,104.7,5,88,15,235,68,3
2026-09-10T09:55:40.064359+00:00,2026-09-10T14:55:40.064359+05:00,,,,5,,,,,
2026-09-10T09:56:39.967866+00:00,2026-09-10T14:56:39.967866+05:00,,,,5,,,,,
2026-09-10T09:57:40.100029+00:00,2026-09-10T14:57:40.100029+05:00,,,,5,,,,,
2026-09-10T09:58:40.105304+00:00,2026-09-10T14:58:40.105304+05:00,5,0,111.6,5,,,,,
2026-09-10T09:59:40.373484+00:00,2026-09-10T14:59:40.373484+05:00,,,,5,96,15,238,72,3
2026-09-10T10:00:40.077447+00:00,2026-09-10T15:00:40.077447+05:00,,,,5,,,,,
2026-09-10T10:01:39.927565+00:00,2026-09-10T15:01:39.927565+05:00,,,,5,,,,,
2026-09-10T10:02:40.100591+00:00,2026-09-10T15:02:40.100591+05:00,5,0,106.5,5,,,,,
2026-09-10T10:03:40.092672+00:00,2026-09-10T15:03:40.092672+05:00,,,,5,,,,,
2026-09-10T10:04:40.341044+00:00,2026-09-10T15:04:40.341044+05:00,,,,5,102,13,238,74,4
2026-09-10T10:05:40.031506+00:00,2026-09-10T15:05:40.031506+05:00,,,,5,,,,,
2026-09-10T10:06:42.120681+00:00,2026-09-10T15:06:42.120681+05:00,5,0,101.1,5,,,,,
2026-09-10T10:07:40.137630+00:00,2026-09-10T15:07:40.137630+05:00,,,,5,,,,,
2026-09-10T10:08:40.144675+00:00,2026-09-10T15:08:40.144675+05:00,,,,5,,,,,
2026-09-10T10:09:40.262005+00:00,2026-09-10T15:09:40.262005+05:00,,,,5,106,13,237,72,4
2026-09-10T10:10:40.068868+00:00,2026-09-10T15:10:40.068868+05:00,5,0,107.5,5,,,,,
2026-09-10T10:11:40.014929+00:00,2026-09-10T15:11:40.014929+05:00,,,,5,,,,,
2026-09-10T10:12:40.211690+00:00,2026-09-10T15:12:40.211690+05:00,,,,5,,,,,
2026-09-10T10:13:39.855396+00:00,2026-09-10T15:13:39.855396+05:00,,,,5,,,,,
2026-09-10T10:14:41.503322+00:00,2026-09-10T15:14:41.503322+05:00,6,0,102.5,5,104,13,237,74,6
2026-09-10T10:15:39.947775+00:00,2026-09-10T15:15:39.947775+05:00,,,,5,,,,,
2026-09-10T10:16:39.965646+00:00,2026-09-10T15:16:39.965646+05:00,,,,5,,,,,
2026-09-10T10:17:40.018116+00:00,2026-09-10T15:17:40.018116+05:00,,,,5,,,,,
2026-09-10T10:18:40.039402+00:00,2026-09-10T15:18:40.039402+05:00,6,0,107.6,5,,,,,
2026-09-10T10:19:40.246207+00:00,2026-09-10T15:19:40.246207+05:00,,,,5,99,13,237,74,6
2026-09-10T10:20:40.120482+00:00,2026-09-10T15:20:40.120482+05:00,,,,5,,,,,
2026-09-10T10:21:39.977582+00:00,2026-09-10T15:21:39.977582+05:00,,,,5,,,,,
2026-09-10T10:22:40.101410+00:00,2026-09-10T15:22:40.101410+05:00,6,0,107.4,5,,,,,
2026-09-10T10:23:39.927883+00:00,2026-09-10T15:23:39.927883+05:00,,,,5,,,,,
2026-09-10T10:24:40.314741+00:00,2026-09-10T15:24:40.314741+05:00,,,,5,97,15,236,75,6
2026-09-10T10:25:40.122743+00:00,2026-09-10T15:25:40.122743+05:00,,,,5,,,,,
2026-09-10T10:26:40.343424+00:00,2026-09-10T15:26:40.343424+05:00,6,0,113.4,5,,,,,
2026-09-10T10:27:40.037493+00:00,2026-09-10T15:27:40.037493+05:00,,,,5,,,,,
2026-09-10T10:28:40.130230+00:00,2026-09-10T15:28:40.130230+05:00,,,,5,,,,,
2026-09-10T10:29:40.437735+00:00,2026-09-10T15:29:40.437735+05:00,,,,5,97,18,237,77,6
2026-09-10T10:30:40.097730+00:00,2026-09-10T15:30:40.097730+05:00,5,0,106.6,5,,,,,
2026-09-10T10:31:40.122363+00:00,2026-09-10T15:31:40.122363+05:00,,,,5,,,,,
2026-09-10T10:32:39.937750+00:00,2026-09-10T15:32:39.937750+05:00,,,,5,,,,,
2026-09-10T10:33:40.070640+00:00,2026-09-10T15:33:40.070640+05:00,,,,5,,,,,
2026-09-10T10:34:40.398096+00:00,2026-09-10T15:34:40.398096+05:00,6,0,113.4,5,103,18,238,79,7
2026-09-10T10:35:40.189504+00:00,2026-09-10T15:35:40.189504+05:00,,,,5,,,,,
2026-09-10T10:36:40.025827+00:00,2026-09-10T15:36:40.025827+05:00,,,,5,,,,,
2026-09-10T10:37:40.174845+00:00,2026-09-10T15:37:40.174845+05:00,,,,5,,,,,
2026-09-10T10:38:43.173588+00:00,2026-09-10T15:38:43.173588+05:00,6,0,112.4,5,,,,,
2026-09-10T10:39:40.856278+00:00,2026-09-10T15:39:40.856278+05:00,,,,5,106,23,238,81,8
2026-09-10T10:40:40.140684+00:00,2026-09-10T15:40:40.140684+05:00,,,,5,,,,,
2026-09-10T10:41:40.182482+00:00,2026-09-10T15:41:40.182482+05:00,,,,5,,,,,
2026-09-10T10:42:40.119748+00:00,2026-09-10T15:42:40.119748+05:00,6,0,115.5,5,,,,,
2026-09-10T10:43:40.016426+00:00,2026-09-10T15:43:40.016426+05:00,,,,5,,,,,
2026-09-10T10:44:40.271187+00:00,2026-09-10T15:44:40.271187+05:00,,,,5,104,24,238,78,9
2026-09-10T10:45:40.149010+00:00,2026-09-10T15:45:40.149010+05:00,,,,5,,,,,
2026-09-10T10:46:40.109372+00:00,2026-09-10T15:46:40.109372+05:00,6,0,118.3,5,,,,,
2026-09-10T10:47:40.019256+00:00,2026-09-10T15:47:40.019256+05:00,,,,5,,,,,
2026-09-10T10:48:40.081313+00:00,2026-09-10T15:48:40.081313+05:00,,,,5,,,,,
2026-09-10T10:49:40.433726+00:00,2026-09-10T15:49:40.433726+05:00,,,,5,106,24,238,79,9
2026-09-10T10:50:40.101347+00:00,2026-09-10T15:50:40.101347+05:00,6,0,110.4,5,,,,,
2026-09-10T10:51:40.089868+00:00,2026-09-10T15:51:40.089868+05:00,,,,5,,,,,
2026-09-10T10:52:40.187722+00:00,2026-09-10T15:52:40.187722+05:00,,,,5,,,,,
2026-09-10T10:53:40.073730+00:00,2026-09-10T15:53:40.073730+05:00,,,,5,,,,,
2026-09-10T10:54:43.154681+00:00,2026-09-10T15:54:43.154681+05:00,6,0,113.5,5,106,26,237,81,10
2026-09-10T10:55:40.072681+00:00,2026-09-10T15:55:40.072681+05:00,,,,5,,,,,
2026-09-10T10:56:40.031974+00:00,2026-09-10T15:56:40.031974+05:00,,,,5,,,,,
2026-09-10T10:57:40.129993+00:00,2026-09-10T15:57:40.129993+05:00,,,,5,,,,,
2026-09-10T10:58:39.996773+00:00,2026-09-10T15:58:39.996773+05:00,6,0,117.2,5,,,,,
2026-09-10T10:59:40.299561+00:00,2026-09-10T15:59:40.299561+05:00,,,,5,103,26,237,83,10
2026-09-10T11:00:40.027103+00:00,2026-09-10T16:00:40.027103+05:00,,,,5,,,,,
2026-09-10T11:01:40.106760+00:00,2026-09-10T16:01:40.106760+05:00,,,,5,,,,,
2026-09-10T11:02:42.149025+00:00,2026-09-10T16:02:42.149025+05:00,6,0,113.3,5,,,,,
2026-09-10T11:03:40.016503+00:00,2026-09-10T16:03:40.016503+05:00,,,,5,,,,,
2026-09-10T11:04:40.320520+00:00,2026-09-10T16:04:40.320520+05:00,,,,5,105,28,237,82,9
2026-09-10T11:05:40.021906+00:00,2026-09-10T16:05:40.021906+05:00,,,,5,,,,,
2026-09-10T11:06:40.016569+00:00,2026-09-10T16:06:40.016569+05:00,6,0,117.0,5,,,,,
2026-09-10T11:07:40.159731+00:00,2026-09-10T16:07:40.159731+05:00,,,,5,,,,,
2026-09-10T11:08:40.141340+00:00,2026-09-10T16:08:40.141340+05:00,,,,5,,,,,
2026-09-10T11:09:40.528244+00:00,2026-09-10T16:09:40.528244+05:00,,,,5,101,29,241,79,9
2026-09-10T11:10:40.135986+00:00,2026-09-10T16:10:40.135986+05:00,6,0,113.6,5,,,,,
2026-09-10T11:11:39.970218+00:00,2026-09-10T16:11:39.970218+05:00,,,,5,,,,,
2026-09-10T11:12:40.019109+00:00,2026-09-10T16:12:40.019109+05:00,,,,5,,,,,
2026-09-10T11:13:40.186281+00:00,2026-09-10T16:13:40.186281+05:00,,,,5,,,,,
2026-09-10T11:14:40.310781+00:00,2026-09-10T16:14:40.310781+05:00,6,0,114.8,5,103,30,243,82,9
2026-09-10T11:15:40.050916+00:00,2026-09-10T16:15:40.050916+05:00,,,,5,,,,,
2026-09-10T11:16:40.149078+00:00,2026-09-10T16:16:40.149078+05:00,,,,5,,,,,
2026-09-10T11:17:40.039701+00:00,2026-09-10T16:17:40.039701+05:00,,,,5,,,,,
2026-09-10T11:18:40.100798+00:00,2026-09-10T16:18:40.100798+05:00,6,0,117.9,6,,,,,
2026-09-10T11:19:40.402488+00:00,2026-09-10T16:19:40.402488+05:00,,,,6,103,32,243,85,8
2026-09-10T11:20:40.179133+00:00,2026-09-10T16:20:40.179133+05:00,,,,6,,,,,
2026-09-10T11:21:40.026445+00:00,2026-09-10T16:21:40.026445+05:00,,,,6,,,,,
2026-09-10T11:22:40.000242+00:00,2026-09-10T16:22:40.000242+05:00,6,0,117.8,6,,,,,
2026-09-10T11:23:40.136800+00:00,2026-09-10T16:23:40.136800+05:00,,,,6,,,,,
2026-09-10T11:24:40.376391+00:00,2026-09-10T16:24:40.376391+05:00,,,,6,103,34,247,87,8
2026-09-10T11:25:40.134908+00:00,2026-09-10T16:25:40.134908+05:00,,,,6,,,,,
2026-09-10T11:26:40.203026+00:00,2026-09-10T16:26:40.203026+05:00,6,0,113.4,6,,,,,
2026-09-10T11:27:40.087636+00:00,2026-09-10T16:27:40.087636+05:00,,,,6,,,,,
2026-09-10T11:28:39.835763+00:00,2026-09-10T16:28:39.835763+05:00,,,,6,,,,,
2026-09-10T11:29:40.402100+00:00,2026-09-10T16:29:40.402100+05:00,,,,6,102,34,247,86,8
2026-09-10T11:30:40.124540+00:00,2026-09-10T16:30:40.124540+05:00,7,0,120.3,6,,,,,
2026-09-10T11:31:40.124101+00:00,2026-09-10T16:31:40.124101+05:00,,,,6,,,,,
2026-09-10T11:32:40.018115+00:00,2026-09-10T16:32:40.018115+05:00,,,,6,,,,,
2026-09-10T11:33:40.154773+00:00,2026-09-10T16:33:40.154773+05:00,,,,6,,,,,
2026-09-10T11:34:40.412145+00:00,2026-09-10T16:34:40.412145+05:00,7,0,116.7,6,102,34,247,88,8
2026-09-10T11:35:39.934115+00:00,2026-09-10T16:35:39.934115+05:00,,,,6,,,,,
2026-09-10T11:36:40.016102+00:00,2026-09-10T16:36:40.016102+05:00,,,,6,,,,,
2026-09-10T11:37:40.083338+00:00,2026-09-10T16:37:40.083338+05:00,,,,6,,,,,
2026-09-10T11:38:39.994852+00:00,2026-09-10T16:38:39.994852+05:00,7,0,123.8,6,,,,,
2026-09-10T11:39:40.293619+00:00,2026-09-10T16:39:40.293619+05:00,,,,6,104,34,248,86,7
2026-09-10T11:40:39.961037+00:00,2026-09-10T16:40:39.961037+05:00,,,,6,,,,,
2026-09-10T11:41:40.088838+00:00,2026-09-10T16:41:40.088838+05:00,,,,6,,,,,
2026-09-10T11:42:40.142726+00:00,2026-09-10T16:42:40.142726+05:00,7,0,123.4,6,,,,,
2026-09-10T11:43:40.141123+00:00,2026-09-10T16:43:40.141123+05:00,,,,6,,,,,
2026-09-10T11:45:03.497522+00:00,2026-09-10T16:45:03.497522+05:00,7,0,123.0,6,105,34,245,83,6
2026-09-10T11:46:02.652444+00:00,2026-09-10T16:46:02.652444+05:00,,,,6,,,,,
2026-09-10T11:47:02.686386+00:00,2026-09-10T16:47:02.686386+05:00,,,,6,,,,,
2026-09-10T11:48:02.690817+00:00,2026-09-10T16:48:02.690817+05:00,,,,6,,,,,
2026-09-10T11:49:02.687952+00:00,2026-09-10T16:49:02.687952+05:00,7,0,126.9,6,,,,,
2026-09-10T11:50:03.037079+00:00,2026-09-10T16:50:03.037079+05:00,,,,6,105,36,245,85,6
2026-09-10T11:51:02.567602+00:00,2026-09-10T16:51:02.567602+05:00,,,,6,,,,,
2026-09-10T11:52:02.743342+00:00,2026-09-10T16:52:02.743342+05:00,,,,6,,,,,
2026-09-10T11:53:02.730989+00:00,2026-09-10T16:53:02.730989+05:00,7,0,124.3,6,,,,,
2026-09-10T11:54:02.582565+00:00,2026-09-10T16:54:02.582565+05:00,,,,6,,,,,
2026-09-10T11:55:02.905796+00:00,2026-09-10T16:55:02.905796+05:00,,,,6,106,35,245,82,6
2026-09-10T11:56:02.740660+00:00,2026-09-10T16:56:02.740660+05:00,,,,6,,,,,
2026-09-10T11:57:05.775434+00:00,2026-09-10T16:57:05.775434+05:00,7,0,125.7,6,,,,,
2026-09-10T11:58:02.711616+00:00,2026-09-10T16:58:02.711616+05:00,,,,6,,,,,
2026-09-10T11:59:02.642647+00:00,2026-09-10T16:59:02.642647+05:00,,,,6,,,,,
2026-09-10T12:00:03.524668+00:00,2026-09-10T17:00:03.524668+05:00,,,,6,104,36,244,85,6
2026-09-10T12:01:02.721835+00:00,2026-09-10T17:01:02.721835+05:00,7,0,127.3,6,,,,,
2026-09-10T12:02:02.678090+00:00,2026-09-10T17:02:02.678090+05:00,,,,6,,,,,
2026-09-10T12:03:02.585016+00:00,2026-09-10T17:03:02.585016+05:00,,,,6,,,,,
2026-09-10T12:04:02.830300+00:00,2026-09-10T17:04:02.830300+05:00,,,,6,,,,,
2026-09-10T12:05:03.073486+00:00,2026-09-10T17:05:03.073486+05:00,7,0,122.6,6,103,35,247,83,6
2026-09-10T12:06:02.773762+00:00,2026-09-10T17:06:02.773762+05:00,,,,6,,,,,
2026-09-10T12:07:02.650196+00:00,2026-09-10T17:07:02.650196+05:00,,,,6,,,,,
2026-09-10T12:08:02.666250+00:00,2026-09-10T17:08:02.666250+05:00,,,,6,,,,,
2026-09-10T12:09:02.738531+00:00,2026-09-10T17:09:02.738531+05:00,7,0,127.2,6,,,,,
2026-09-10T12:10:02.938271+00:00,2026-09-10T17:10:02.938271+05:00,,,,7,103,35,248,81,4
2026-09-10T12:11:02.496013+00:00,2026-09-10T17:11:02.496013+05:00,,,,7,,,,,
2026-09-10T12:12:02.489266+00:00,2026-09-10T17:12:02.489266+05:00,,,,7,,,,,
2026-09-10T12:13:02.650110+00:00,2026-09-10T17:13:02.650110+05:00,7,0,139.3,7,,,,,
2026-09-10T12:14:02.501482+00:00,2026-09-10T17:14:02.501482+05:00,,,,7,,,,,
2026-09-10T12:15:02.966430+00:00,2026-09-10T17:15:02.966430+05:00,,,,7,110,35,247,80,4
2026-09-10T12:16:02.712716+00:00,2026-09-10T17:16:02.712716+05:00,,,,7,,,,,
2026-09-10T12:17:02.718511+00:00,2026-09-10T17:17:02.718511+05:00,7,0,138.1,7,,,,,
2026-09-10T12:18:02.587460+00:00,2026-09-10T17:18:02.587460+05:00,,,,8,,,,,
2026-09-10T12:19:03.420470+00:00,2026-09-10T17:19:03.420470+05:00,,,,8,,,,,
2026-09-10T12:20:02.842018+00:00,2026-09-10T17:20:02.842018+05:00,,,,8,107,35,247,82,5
2026-09-10T12:21:02.617092+00:00,2026-09-10T17:21:02.617092+05:00,7,0,143.9,8,,,,,
2026-09-10T12:22:02.732461+00:00,2026-09-10T17:22:02.732461+05:00,,,,8,,,,,
2026-09-10T12:23:02.796979+00:00,2026-09-10T17:23:02.796979+05:00,,,,8,,,,,
2026-09-10T12:24:02.675649+00:00,2026-09-10T17:24:02.675649+05:00,,,,8,,,,,
2026-09-10T12:25:02.942190+00:00,2026-09-10T17:25:02.942190+05:00,7,0,147.2,8,106,35,247,87,4
2026-09-10T12:26:02.677892+00:00,2026-09-10T17:26:02.677892+05:00,,,,8,,,,,
2026-09-10T12:27:02.645995+00:00,2026-09-10T17:27:02.645995+05:00,,,,8,,,,,
2026-09-10T12:28:02.687006+00:00,2026-09-10T17:28:02.687006+05:00,,,,8,,,,,
2026-09-10T12:29:02.695512+00:00,2026-09-10T17:29:02.695512+05:00,7,0,146.1,8,,,,,
2026-09-10T12:30:02.962432+00:00,2026-09-10T17:30:02.962432+05:00,,,,8,110,35,248,90,4
2026-09-10T12:31:02.590224+00:00,2026-09-10T17:31:02.590224+05:00,,,,8,,,,,
2026-09-10T12:32:02.650819+00:00,2026-09-10T17:32:02.650819+05:00,,,,8,,,,,
2026-09-10T12:33:02.743669+00:00,2026-09-10T17:33:02.743669+05:00,7,0,148.5,8,,,,,
2026-09-10T12:34:02.747117+00:00,2026-09-10T17:34:02.747117+05:00,,,,8,,,,,
2026-09-10T12:35:03.989247+00:00,2026-09-10T17:35:03.989247+05:00,,,,8,108,36,248,90,4
2026-09-10T12:36:02.819689+00:00,2026-09-10T17:36:02.819689+05:00,,,,8,,,,,
2026-09-10T12:37:02.629555+00:00,2026-09-10T17:37:02.629555+05:00,7,0,146.6,8,,,,,
2026-09-10T12:38:02.650034+00:00,2026-09-10T17:38:02.650034+05:00,,,,8,,,,,
2026-09-10T12:39:02.696051+00:00,2026-09-10T17:39:02.696051+05:00,,,,8,,,,,
2026-09-10T12:40:02.820969+00:00,2026-09-10T17:40:02.820969+05:00,,,,8,109,36,246,91,4
2026-09-10T12:41:02.726869+00:00,2026-09-10T17:41:02.726869+05:00,7,0,152.0,8,,,,,
2026-09-10T12:42:02.587965+00:00,2026-09-10T17:42:02.587965+05:00,,,,8,,,,,
2026-09-10T12:43:02.497632+00:00,2026-09-10T17:43:02.497632+05:00,,,,8,,,,,
2026-09-10T12:44:02.517100+00:00,2026-09-10T17:44:02.517100+05:00,,,,8,,,,,
2026-09-10T12:45:02.927563+00:00,2026-09-10T17:45:02.927563+05:00,7,0,148.9,8,103,35,246,95,4
2026-09-10T12:46:02.669498+00:00,2026-09-10T17:46:02.669498+05:00,,,,8,,,,,
2026-09-10T12:47:02.705822+00:00,2026-09-10T17:47:02.705822+05:00,,,,8,,,,,
2026-09-10T12:48:02.437940+00:00,2026-09-10T17:48:02.437940+05:00,,,,8,,,,,
2026-09-10T12:49:03.745642+00:00,2026-09-10T17:49:03.745642+05:00,7,0,149.9,8,,,,,
2026-09-10T12:50:02.992072+00:00,2026-09-10T17:50:02.992072+05:00,,,,8,104,36,246,101,5
2026-09-10T12:51:03.050857+00:00,2026-09-10T17:51:03.050857+05:00,,,,8,,,,,
2026-09-10T12:52:02.505183+00:00,2026-09-10T17:52:02.505183+05:00,,,,8,,,,,
2026-09-10T12:53:02.748121+00:00,2026-09-10T17:53:02.748121+05:00,7,0,146.9,8,,,,,
2026-09-10T12:54:02.633329+00:00,2026-09-10T17:54:02.633329+05:00,,,,8,,,,,
2026-09-10T12:55:03.120170+00:00,2026-09-10T17:55:03.120170+05:00,,,,8,105,36,246,105,4
2026-09-10T12:56:02.514236+00:00,2026-09-10T17:56:02.514236+05:00,,,,8,,,,,
2026-09-10T12:57:02.723640+00:00,2026-09-10T17:57:02.723640+05:00,7,0,144.3,8,,,,,
2026-09-10T12:58:02.666057+00:00,2026-09-10T17:58:02.666057+05:00,,,,8,,,,,
2026-09-10T12:59:02.516356+00:00,2026-09-10T17:59:02.516356+05:00,,,,8,,,,,
2026-09-10T13:00:02.787252+00:00,2026-09-10T18:00:02.787252+05:00,,,,8,108,35,246,104,4
2026-09-10T13:01:02.621926+00:00,2026-09-10T18:01:02.621926+05:00,7,0,145.7,8,,,,,
2026-09-10T13:02:02.504434+00:00,2026-09-10T18:02:02.504434+05:00,,,,8,,,,,
2026-09-10T13:03:02.690727+00:00,2026-09-10T18:03:02.690727+05:00,,,,8,,,,,
2026-09-10T13:04:02.888863+00:00,2026-09-10T18:04:02.888863+05:00,,,,8,,,,,
2026-09-10T13:05:05.783036+00:00,2026-09-10T18:05:05.783036+05:00,7,0,147.3,8,108,35,246,105,4
2026-09-10T13:06:02.617632+00:00,2026-09-10T18:06:02.617632+05:00,,,,8,,,,,
2026-09-10T13:07:02.596359+00:00,2026-09-10T18:07:02.596359+05:00,,,,8,,,,,
2026-09-10T13:08:02.516425+00:00,2026-09-10T18:08:02.516425+05:00,,,,8,,,,,
2026-09-10T13:09:02.662255+00:00,2026-09-10T18:09:02.662255+05:00,7,0,147.0,8,,,,,
2026-09-10T13:10:02.909052+00:00,2026-09-10T18:10:02.909052+05:00,,,,8,102,33,246,109,5
2026-09-10T13:11:02.763152+00:00,2026-09-10T18:11:02.763152+05:00,,,,8,,,,,
2026-09-10T13:12:02.505268+00:00,2026-09-10T18:12:02.505268+05:00,,,,9,,,,,
2026-09-10T13:13:02.722478+00:00,2026-09-10T18:13:02.722478+05:00,7,0,150.4,9,,,,,
2026-09-10T13:14:02.701791+00:00,2026-09-10T18:14:02.701791+05:00,,,,9,,,,,
2026-09-10T13:15:02.846791+00:00,2026-09-10T18:15:02.846791+05:00,,,,9,102,33,247,108,4
2026-09-10T13:16:02.721328+00:00,2026-09-10T18:16:02.721328+05:00,,,,9,,,,,
2026-09-10T13:17:03.098390+00:00,2026-09-10T18:17:03.098390+05:00,7,0,152.1,9,,,,,
2026-09-10T13:18:02.686958+00:00,2026-09-10T18:18:02.686958+05:00,,,,9,,,,,
2026-09-10T13:19:02.538908+00:00,2026-09-10T18:19:02.538908+05:00,,,,9,,,,,
2026-09-10T13:20:02.997471+00:00,2026-09-10T18:20:02.997471+05:00,,,,9,103,31,247,113,4
2026-09-10T13:21:02.726088+00:00,2026-09-10T18:21:02.726088+05:00,8,0,151.5,9,,,,,
2026-09-10T13:22:02.527598+00:00,2026-09-10T18:22:02.527598+05:00,,,,9,,,,,
2026-09-10T13:23:02.670882+00:00,2026-09-10T18:23:02.670882+05:00,,,,9,,,,,
2026-09-10T13:24:02.602618+00:00,2026-09-10T18:24:02.602618+05:00,,,,9,,,,,
2026-09-10T13:25:06.220261+00:00,2026-09-10T18:25:06.220261+05:00,8,0,157.1,9,101,29,248,118,4
2026-09-10T13:26:02.601427+00:00,2026-09-10T18:26:02.601427+05:00,,,,9,,,,,
2026-09-10T13:27:02.706986+00:00,2026-09-10T18:27:02.706986+05:00,,,,9,,,,,
2026-09-10T13:28:02.568734+00:00,2026-09-10T18:28:02.568734+05:00,,,,9,,,,,
2026-09-10T13:29:02.723272+00:00,2026-09-10T18:29:02.723272+05:00,8,0,159.4,9,,,,,
2026-09-10T13:30:02.899835+00:00,2026-09-10T18:30:02.899835+05:00,,,,9,100,27,247,119,4
2026-09-10T13:31:02.512831+00:00,2026-09-10T18:31:02.512831+05:00,,,,9,,,,,
2026-09-10T13:32:02.731783+00:00,2026-09-10T18:32:02.731783+05:00,,,,9,,,,,
2026-09-10T13:33:02.709331+00:00,2026-09-10T18:33:02.709331+05:00,8,0,153.3,9,,,,,
2026-09-10T13:34:02.658556+00:00,2026-09-10T18:34:02.658556+05:00,,,,9,,,,,
2026-09-10T13:35:03.066930+00:00,2026-09-10T18:35:03.066930+05:00,,,,9,101,28,246,120,5
2026-09-10T13:36:02.710813+00:00,2026-09-10T18:36:02.710813+05:00,,,,9,,,,,
2026-09-10T13:37:02.722671+00:00,2026-09-10T18:37:02.722671+05:00,8,0,156.8,9,,,,,
2026-09-10T13:38:02.712918+00:00,2026-09-10T18:38:02.712918+05:00,,,,9,,,,,
2026-09-10T13:39:02.795325+00:00,2026-09-10T18:39:02.795325+05:00,,,,9,,,,,
2026-09-10T13:40:03.000918+00:00,2026-09-10T18:40:03.000918+05:00,,,,9,99,23,246,122,5
2026-09-10T13:41:02.735981+00:00,2026-09-10T18:41:02.735981+05:00,8,0,156.1,9,,,,,
2026-09-10T13:42:02.497937+00:00,2026-09-10T18:42:02.497937+05:00,,,,9,,,,,
2026-09-10T13:43:02.786085+00:00,2026-09-10T18:43:02.786085+05:00,,,,9,,,,,
2026-09-10T13:44:02.745405+00:00,2026-09-10T18:44:02.745405+05:00,,,,9,,,,,
2026-09-10T13:45:04.776123+00:00,2026-09-10T18:45:04.776123+05:00,8,0,157.2,9,95,21,245,123,5
2026-09-10T13:46:02.706154+00:00,2026-09-10T18:46:02.706154+05:00,,,,9,,,,,
2026-09-10T13:47:02.488436+00:00,2026-09-10T18:47:02.488436+05:00,,,,9,,,,,
2026-09-10T13:48:02.652712+00:00,2026-09-10T18:48:02.652712+05:00,,,,9,,,,,
2026-09-10T13:49:02.646621+00:00,2026-09-10T18:49:02.646621+05:00,8,0,158.8,9,,,,,
2026-09-10T13:50:02.789572+00:00,2026-09-10T18:50:02.789572+05:00,,,,9,90,21,244,127,4
2026-09-10T13:51:02.661031+00:00,2026-09-10T18:51:02.661031+05:00,,,,9,,,,,
2026-09-10T13:52:02.640369+00:00,2026-09-10T18:52:02.640369+05:00,,,,9,,,,,
2026-09-10T13:53:05.854693+00:00,2026-09-10T18:53:05.854693+05:00,7,0,155.7,9,,,,,
2026-09-10T13:54:02.665039+00:00,2026-09-10T18:54:02.665039+05:00,,,,8,,,,,
2026-09-10T13:55:03.788240+00:00,2026-09-10T18:55:03.788240+05:00,,,,8,89,20,248,119,5
2026-09-10T13:56:02.759497+00:00,2026-09-10T18:56:02.759497+05:00,,,,8,,,,,
2026-09-10T13:57:02.748785+00:00,2026-09-10T18:57:02.748785+05:00,7,0,156.9,8,,,,,
2026-09-10T13:58:02.731892+00:00,2026-09-10T18:58:02.731892+05:00,,,,8,,,,,
2026-09-10T13:59:02.792773+00:00,2026-09-10T18:59:02.792773+05:00,,,,8,,,,,
2026-09-10T14:00:02.856778+00:00,2026-09-10T19:00:02.856778+05:00,,,,8,88,18,248,120,3
2026-09-10T14:01:05.857363+00:00,2026-09-10T19:01:05.857363+05:00,7,0,154.5,8,,,,,
2026-09-10T14:02:02.737789+00:00,2026-09-10T19:02:02.737789+05:00,,,,8,,,,,
2026-09-10T14:03:02.405244+00:00,2026-09-10T19:03:02.405244+05:00,,,,8,,,,,
2026-09-10T14:04:02.777464+00:00,2026-09-10T19:04:02.777464+05:00,,,,8,,,,,
2026-09-10T14:05:06.786579+00:00,2026-09-10T19:05:06.786579+05:00,7,0,146.3,7,89,16,249,119,3
2026-09-10T14:06:02.721288+00:00,2026-09-10T19:06:02.721288+05:00,,,,7,,,,,
2026-09-10T14:07:02.585619+00:00,2026-09-10T19:07:02.585619+05:00,,,,7,,,,,
2026-09-10T14:08:03.767078+00:00,2026-09-10T19:08:03.767078+05:00,,,,7,,,,,
2026-09-10T14:09:02.716898+00:00,2026-09-10T19:09:02.716898+05:00,7,0,143.4,7,,,,,
2026-09-10T14:10:02.952496+00:00,2026-09-10T19:10:02.952496+05:00,,,,7,89,16,246,119,3
2026-09-10T14:11:02.717855+00:00,2026-09-10T19:11:02.717855+05:00,,,,7,,,,,
2026-09-10T14:12:02.865171+00:00,2026-09-10T19:12:02.865171+05:00,,,,7,,,,,
2026-09-10T14:13:02.633307+00:00,2026-09-10T19:13:02.633307+05:00,7,0,141.6,7,,,,,
2026-09-10T14:14:02.593690+00:00,2026-09-10T19:14:02.593690+05:00,,,,7,,,,,
2026-09-10T14:15:02.797718+00:00,2026-09-10T19:15:02.797718+05:00,,,,7,91,16,245,123,3
2026-09-10T14:16:02.885582+00:00,2026-09-10T19:16:02.885582+05:00,,,,7,,,,,
2026-09-10T14:17:02.740795+00:00,2026-09-10T19:17:02.740795+05:00,7,0,141.7,7,,,,,
2026-09-10T14:18:02.739871+00:00,2026-09-10T19:18:02.739871+05:00,,,,7,,,,,
2026-09-10T14:19:02.547853+00:00,2026-09-10T19:19:02.547853+05:00,,,,7,,,,,
2026-09-10T14:20:02.972637+00:00,2026-09-10T19:20:02.972637+05:00,,,,7,94,16,245,125,4
2026-09-10T14:21:05.835801+00:00,2026-09-10T19:21:05.835801+05:00,7,0,140.9,7,,,,,
2026-09-10T14:22:02.898320+00:00,2026-09-10T19:22:02.898320+05:00,,,,7,,,,,
2026-09-10T14:23:02.455562+00:00,2026-09-10T19:23:02.455562+05:00,,,,7,,,,,
2026-09-10T14:24:02.889851+00:00,2026-09-10T19:24:02.889851+05:00,,,,6,,,,,
2026-09-10T14:25:06.381126+00:00,2026-09-10T19:25:06.381126+05:00,7,0,137.5,6,96,15,245,132,4
2026-09-10T14:26:03.733178+00:00,2026-09-10T19:26:03.733178+05:00,,,,6,,,,,
2026-09-10T14:27:02.712004+00:00,2026-09-10T19:27:02.712004+05:00,,,,6,,,,,
2026-09-10T14:28:02.861017+00:00,2026-09-10T19:28:02.861017+05:00,,,,6,,,,,
2026-09-10T14:29:03.242789+00:00,2026-09-10T19:29:03.242789+05:00,7,0,127.5,6,,,,,
2026-09-10T14:30:03.140033+00:00,2026-09-10T19:30:03.140033+05:00,,,,6,93,17,245,128,4
2026-09-10T14:31:02.742795+00:00,2026-09-10T19:31:02.742795+05:00,,,,6,,,,,
2026-09-10T14:32:02.782708+00:00,2026-09-10T19:32:02.782708+05:00,,,,6,,,,,
2026-09-10T14:33:02.734185+00:00,2026-09-10T19:33:02.734185+05:00,7,0,129.7,6,,,,,
2026-09-10T14:34:02.860603+00:00,2026-09-10T19:34:02.860603+05:00,,,,6,,,,,
2026-09-10T14:35:02.846591+00:00,2026-09-10T19:35:02.846591+05:00,,,,6,84,17,246,127,4
2026-09-10T14:36:02.819236+00:00,2026-09-10T19:36:02.819236+05:00,,,,6,,,,,
2026-09-10T14:37:02.632247+00:00,2026-09-10T19:37:02.632247+05:00,7,0,125.9,6,,,,,
2026-09-10T14:38:03.770665+00:00,2026-09-10T19:38:03.770665+05:00,,,,6,,,,,
2026-09-10T14:39:02.430256+00:00,2026-09-10T19:39:02.430256+05:00,,,,6,,,,,
2026-09-10T14:40:02.783859+00:00,2026-09-10T19:40:02.783859+05:00,,,,6,85,17,245,130,4
2026-09-10T14:41:05.888181+00:00,2026-09-10T19:41:05.888181+05:00,7,0,123.6,6,,,,,
2026-09-10T14:42:03.995260+00:00,2026-09-10T19:42:03.995260+05:00,,,,6,,,,,
2026-09-10T14:43:02.553872+00:00,2026-09-10T19:43:02.553872+05:00,,,,6,,,,,
2026-09-10T14:44:02.595776+00:00,2026-09-10T19:44:02.595776+05:00,,,,6,,,,,
2026-09-10T14:45:02.899909+00:00,2026-09-10T19:45:02.899909+05:00,7,0,120.0,6,86,17,245,131,5
2026-09-10T14:46:02.724649+00:00,2026-09-10T19:46:02.724649+05:00,,,,6,,,,,
2026-09-10T14:47:02.818805+00:00,2026-09-10T19:47:02.818805+05:00,,,,5,,,,,
2026-09-10T14:48:02.659522+00:00,2026-09-10T19:48:02.659522+05:00,,,,5,,,,,
2026-09-10T14:49:02.755384+00:00,2026-09-10T19:49:02.755384+05:00,6,0,114.8,5,,,,,
2026-09-10T14:50:03.040093+00:00,2026-09-10T19:50:03.040093+05:00,,,,5,82,15,245,129,4
2026-09-10T14:51:02.755529+00:00,2026-09-10T19:51:02.755529+05:00,,,,5,,,,,
2026-09-10T14:52:02.800673+00:00,2026-09-10T19:52:02.800673+05:00,,,,5,,,,,
2026-09-10T14:53:02.642517+00:00,2026-09-10T19:53:02.642517+05:00,6,0,111.7,5,,,,,
2026-09-10T14:54:02.892144+00:00,2026-09-10T19:54:02.892144+05:00,,,,5,,,,,
2026-09-10T14:55:03.115732+00:00,2026-09-10T19:55:03.115732+05:00,,,,5,85,15,245,123,4
2026-09-10T14:56:02.533333+00:00,2026-09-10T19:56:02.533333+05:00,,,,5,,,,,
2026-09-10T14:57:02.737101+00:00,2026-09-10T19:57:02.737101+05:00,6,0,106.7,5,,,,,
2026-09-10T14:58:02.647232+00:00,2026-09-10T19:58:02.647232+05:00,,,,5,,,,,
2026-09-10T14:59:02.748341+00:00,2026-09-10T19:59:02.748341+05:00,,,,5,,,,,
2026-09-10T15:00:02.882182+00:00,2026-09-10T20:00:02.882182+05:00,,,,5,85,14,233,121,4
2026-09-10T15:01:05.835977+00:00,2026-09-10T20:01:05.835977+05:00,5,0,104.4,4,,,,,
2026-09-10T15:02:02.534350+00:00,2026-09-10T20:02:02.534350+05:00,,,,4,,,,,
2026-09-10T15:03:02.722701+00:00,2026-09-10T20:03:02.722701+05:00,,,,4,,,,,
2026-09-10T15:04:02.714948+00:00,2026-09-10T20:04:02.714948+05:00,,,,4,,,,,
2026-09-10T15:05:03.022092+00:00,2026-09-10T20:05:03.022092+05:00,5,0,109.1,4,84,14,230,122,3
2026-09-10T15:06:02.564847+00:00,2026-09-10T20:06:02.564847+05:00,,,,4,,,,,
2026-09-10T15:07:02.715554+00:00,2026-09-10T20:07:02.715554+05:00,,,,4,,,,,
2026-09-10T15:08:02.745695+00:00,2026-09-10T20:08:02.745695+05:00,,,,4,,,,,
2026-09-10T15:09:02.782958+00:00,2026-09-10T20:09:02.782958+05:00,5,0,104.7,4,,,,,
2026-09-10T15:10:02.876352+00:00,2026-09-10T20:10:02.876352+05:00,,,,4,83,14,230,123,3
2026-09-10T15:11:02.613413+00:00,2026-09-10T20:11:02.613413+05:00,,,,4,,,,,
2026-09-10T15:12:02.804950+00:00,2026-09-10T20:12:02.804950+05:00,,,,4,,,,,
2026-09-10T15:13:02.779266+00:00,2026-09-10T20:13:02.779266+05:00,5,0,101.7,4,,,,,
2026-09-10T15:14:02.744484+00:00,2026-09-10T20:14:02.744484+05:00,,,,4,,,,,
2026-09-10T15:15:02.996442+00:00,2026-09-10T20:15:02.996442+05:00,,,,4,84,14,229,124,4
2026-09-10T15:16:02.741974+00:00,2026-09-10T20:16:02.741974+05:00,,,,4,,,,,
2026-09-10T15:17:05.704780+00:00,2026-09-10T20:17:05.704780+05:00,5,0,105.6,4,,,,,
2026-09-10T15:18:02.633696+00:00,2026-09-10T20:18:02.633696+05:00,,,,4,,,,,
2026-09-10T15:19:02.826556+00:00,2026-09-10T20:19:02.826556+05:00,,,,4,,,,,
2026-09-10T15:20:02.816022+00:00,2026-09-10T20:20:02.816022+05:00,,,,4,84,14,229,125,5
2026-09-10T15:21:02.742531+00:00,2026-09-10T20:21:02.742531+05:00,4,0,,4,,,,,
2026-09-10T15:22:02.918479+00:00,2026-09-10T20:22:02.918479+05:00,,,,4,,,,,
2026-09-10T15:23:02.671909+00:00,2026-09-10T20:23:02.671909+05:00,,,,4,,,,,
2026-09-10T15:24:02.863759+00:00,2026-09-10T20:24:02.863759+05:00,,,,4,,,,,
2026-09-10T15:25:03.444579+00:00,2026-09-10T20:25:03.444579+05:00,4,0,102.1,4,87,15,230,126,4
2026-09-10T15:26:02.739445+00:00,2026-09-10T20:26:02.739445+05:00,,,,4,,,,,
2026-09-10T15:27:02.512266+00:00,2026-09-10T20:27:02.512266+05:00,,,,4,,,,,
2026-09-10T15:28:02.706870+00:00,2026-09-10T20:28:02.706870+05:00,,,,3,,,,,
2026-09-10T15:29:02.739979+00:00,2026-09-10T20:29:02.739979+05:00,4,0,,3,,,,,
2026-09-10T15:30:03.009184+00:00,2026-09-10T20:30:03.009184+05:00,,,,3,91,16,232,125,4
2026-09-10T15:31:02.718140+00:00,2026-09-10T20:31:02.718140+05:00,,,,3,,,,,
2026-09-10T15:32:02.860848+00:00,2026-09-10T20:32:02.860848+05:00,,,,3,,,,,
2026-09-10T15:33:02.697254+00:00,2026-09-10T20:33:02.697254+05:00,4,0,,3,,,,,
2026-09-10T15:34:02.760029+00:00,2026-09-10T20:34:02.760029+05:00,,,,3,,,,,
2026-09-10T15:35:02.889725+00:00,2026-09-10T20:35:02.889725+05:00,,,,3,89,14,232,125,4
2026-09-10T15:36:02.745811+00:00,2026-09-10T20:36:02.745811+05:00,,,,3,,,,,
2026-09-10T15:37:02.915126+00:00,2026-09-10T20:37:02.915126+05:00,4,0,,3,,,,,
2026-09-10T15:38:02.697677+00:00,2026-09-10T20:38:02.697677+05:00,,,,3,,,,,
2026-09-10T15:39:02.832169+00:00,2026-09-10T20:39:02.832169+05:00,,,,3,,,,,
2026-09-10T15:40:03.063502+00:00,2026-09-10T20:40:03.063502+05:00,,,,3,90,16,232,121,4
2026-09-10T15:41:02.888602+00:00,2026-09-10T20:41:02.888602+05:00,3,0,,3,,,,,
2026-09-10T15:42:02.672550+00:00,2026-09-10T20:42:02.672550+05:00,,,,3,,,,,
2026-09-10T15:43:02.848662+00:00,2026-09-10T20:43:02.848662+05:00,,,,3,,,,,
2026-09-10T15:44:02.866454+00:00,2026-09-10T20:44:02.866454+05:00,,,,3,,,,,
2026-09-10T15:45:02.994851+00:00,2026-09-10T20:45:02.994851+05:00,3,0,,3,87,15,233,115,5
2026-09-10T15:46:02.888051+00:00,2026-09-10T20:46:02.888051+05:00,,,,3,,,,,
2026-09-10T15:47:02.801905+00:00,2026-09-10T20:47:02.801905+05:00,,,,3,,,,,
2026-09-10T15:48:02.856631+00:00,2026-09-10T20:48:02.856631+05:00,,,,3,,,,,
2026-09-10T15:49:03.674909+00:00,2026-09-10T20:49:03.674909+05:00,3,0,,3,,,,,
2026-09-10T15:50:02.863822+00:00,2026-09-10T20:50:02.863822+05:00,,,,3,84,14,232,113,4
2026-09-10T15:51:02.542683+00:00,2026-09-10T20:51:02.542683+05:00,,,,3,,,,,
2026-09-10T15:52:03.367408+00:00,2026-09-10T20:52:03.367408+05:00,,,,3,,,,,
2026-09-10T15:53:02.720771+00:00,2026-09-10T20:53:02.720771+05:00,3,0,,3,,,,,
2026-09-10T15:54:02.461280+00:00,2026-09-10T20:54:02.461280+05:00,,,,3,,,,,
2026-09-10T15:55:02.916763+00:00,2026-09-10T20:55:02.916763+05:00,,,,2,83,14,232,110,5
2026-09-10T15:56:02.630822+00:00,2026-09-10T20:56:02.630822+05:00,,,,2,,,,,
2026-09-10T15:57:05.769893+00:00,2026-09-10T20:57:05.769893+05:00,3,0,,2,,,,,
2026-09-10T15:58:02.918228+00:00,2026-09-10T20:58:02.918228+05:00,,,,2,,,,,
2026-09-10T15:59:02.670502+00:00,2026-09-10T20:59:02.670502+05:00,,,,2,,,,,
2026-09-10T16:00:02.938664+00:00,2026-09-10T21:00:02.938664+05:00,,,,2,79,14,232,112,5
2026-09-10T16:01:05.935665+00:00,2026-09-10T21:01:05.935665+05:00,3,0,,2,,,,,
2026-09-10T16:02:02.793734+00:00,2026-09-10T21:02:02.793734+05:00,,,,2,,,,,
2026-09-10T16:03:02.685224+00:00,2026-09-10T21:03:02.685224+05:00,,,,2,,,,,
2026-09-10T16:04:02.541751+00:00,2026-09-10T21:04:02.541751+05:00,,,,2,,,,,
2026-09-10T16:05:02.965383+00:00,2026-09-10T21:05:02.965383+05:00,2,0,,2,81,14,232,111,5
2026-09-10T16:06:02.611765+00:00,2026-09-10T21:06:02.611765+05:00,,,,2,,,,,
2026-09-10T16:07:02.697672+00:00,2026-09-10T21:07:02.697672+05:00,,,,2,,,,,
2026-09-10T16:08:02.546294+00:00,2026-09-10T21:08:02.546294+05:00,,,,2,,,,,
2026-09-10T16:09:02.731486+00:00,2026-09-10T21:09:02.731486+05:00,2,0,,2,,,,,
2026-09-10T16:10:02.876914+00:00,2026-09-10T21:10:02.876914+05:00,,,,2,76,15,232,104,5
2026-09-10T16:11:02.612038+00:00,2026-09-10T21:11:02.612038+05:00,,,,2,,,,,
2026-09-10T16:12:02.664272+00:00,2026-09-10T21:12:02.664272+05:00,,,,2,,,,,
2026-09-10T16:13:03.117298+00:00,2026-09-10T21:13:03.117298+05:00,2,0,,2,,,,,
2026-09-10T16:14:03.397047+00:00,2026-09-10T21:14:03.397047+05:00,,,,2,,,,,
2026-09-10T16:15:02.896868+00:00,2026-09-10T21:15:02.896868+05:00,,,,2,72,15,232,102,4
2026-09-10T16:16:02.768335+00:00,2026-09-10T21:16:02.768335+05:00,,,,2,,,,,
2026-09-10T16:17:06.209868+00:00,2026-09-10T21:17:06.209868+05:00,2,0,,2,,,,,
2026-09-10T16:18:02.627559+00:00,2026-09-10T21:18:02.627559+05:00,,,,2,,,,,
2026-09-10T16:19:02.725583+00:00,2026-09-10T21:19:02.725583+05:00,,,,2,,,,,
2026-09-10T16:20:03.257290+00:00,2026-09-10T21:20:03.257290+05:00,,,,2,72,15,232,98,4
2026-09-10T16:21:03.829682+00:00,2026-09-10T21:21:03.829682+05:00,2,0,,2,,,,,
2026-09-10T16:22:02.547944+00:00,2026-09-10T21:22:02.547944+05:00,,,,2,,,,,
2026-09-10T16:23:02.856550+00:00,2026-09-10T21:23:02.856550+05:00,,,,2,,,,,
2026-09-10T16:24:02.549065+00:00,2026-09-10T21:24:02.549065+05:00,,,,2,,,,,
2026-09-10T16:25:03.004922+00:00,2026-09-10T21:25:03.004922+05:00,2,0,,2,70,15,232,98,4
2026-09-10T16:26:02.470547+00:00,2026-09-10T21:26:02.470547+05:00,,,,2,,,,,
2026-09-10T16:27:02.475191+00:00,2026-09-10T21:27:02.475191+05:00,,,,2,,,,,
2026-09-10T16:28:02.779509+00:00,2026-09-10T21:28:02.779509+05:00,,,,2,,,,,
2026-09-10T16:29:02.828130+00:00,2026-09-10T21:29:02.828130+05:00,2,0,,2,,,,,
2026-09-10T16:30:02.938980+00:00,2026-09-10T21:30:02.938980+05:00,,,,2,68,15,232,96,4
2026-09-10T16:31:02.735510+00:00,2026-09-10T21:31:02.735510+05:00,,,,2,,,,,
2026-09-10T16:32:02.832588+00:00,2026-09-10T21:32:02.832588+05:00,,,,2,,,,,
2026-09-10T16:33:02.857458+00:00,2026-09-10T21:33:02.857458+05:00,2,0,,2,,,,,
2026-09-10T16:34:02.892272+00:00,2026-09-10T21:34:02.892272+05:00,,,,2,,,,,
2026-09-10T16:35:02.918057+00:00,2026-09-10T21:35:02.918057+05:00,,,,2,66,16,231,89,4
2026-09-10T16:36:02.469227+00:00,2026-09-10T21:36:02.469227+05:00,,,,2,,,,,
2026-09-10T16:37:02.716352+00:00,2026-09-10T21:37:02.716352+05:00,2,0,,1,,,,,
2026-09-10T16:38:02.696057+00:00,2026-09-10T21:38:02.696057+05:00,,,,1,,,,,
2026-09-10T16:39:02.553070+00:00,2026-09-10T21:39:02.553070+05:00,,,,1,,,,,
2026-09-10T16:40:02.855791+00:00,2026-09-10T21:40:02.855791+05:00,,,,1,71,16,231,88,4
2026-09-10T16:41:03.176809+00:00,2026-09-10T21:41:03.176809+05:00,2,0,,1,,,,,
2026-09-10T16:42:02.713564+00:00,2026-09-10T21:42:02.713564+05:00,,,,1,,,,,
2026-09-10T16:43:02.812842+00:00,2026-09-10T21:43:02.812842+05:00,,,,1,,,,,
2026-09-10T16:44:02.856005+00:00,2026-09-10T21:44:02.856005+05:00,,,,1,,,,,
2026-09-10T16:45:05.726160+00:00,2026-09-10T21:45:05.726160+05:00,2,0,,1,66,16,231,84,3
2026-09-10T16:46:02.742386+00:00,2026-09-10T21:46:02.742386+05:00,,,,1,,,,,
2026-09-10T16:47:02.608399+00:00,2026-09-10T21:47:02.608399+05:00,,,,1,,,,,
2026-09-10T16:48:02.642413+00:00,2026-09-10T21:48:02.642413+05:00,,,,1,,,,,
2026-09-10T16:49:05.906068+00:00,2026-09-10T21:49:05.906068+05:00,1,0,,1,,,,,
2026-09-10T16:50:02.727113+00:00,2026-09-10T21:50:02.727113+05:00,,,,1,62,18,230,78,2
2026-09-10T16:51:02.629693+00:00,2026-09-10T21:51:02.629693+05:00,,,,1,,,,,
2026-09-10T16:52:02.847142+00:00,2026-09-10T21:52:02.847142+05:00,,,,1,,,,,
2026-09-10T16:53:03.098559+00:00,2026-09-10T21:53:03.098559+05:00,1,0,,1,,,,,
2026-09-10T16:54:02.713199+00:00,2026-09-10T21:54:02.713199+05:00,,,,1,,,,,
2026-09-10T16:55:02.913665+00:00,2026-09-10T21:55:02.913665+05:00,,,,1,58,18,230,72,1
2026-09-10T16:56:03.110071+00:00,2026-09-10T21:56:03.110071+05:00,,,,1,,,,,
2026-09-10T16:57:06.240459+00:00,2026-09-10T21:57:06.240459+05:00,1,0,,1,,,,,
2026-09-10T16:58:02.977253+00:00,2026-09-10T21:58:02.977253+05:00,,,,1,,,,,
2026-09-10T16:59:02.483001+00:00,2026-09-10T21:59:02.483001+05:00,,,,1,,,,,
2026-09-10T17:00:04.666159+00:00,2026-09-10T22:00:04.666159+05:00,,,,1,55,18,230,66,1
2026-09-10T17:01:03.798072+00:00,2026-09-10T22:01:03.798072+05:00,1,0,,1,,,,,
2026-09-10T17:02:03.749775+00:00,2026-09-10T22:02:03.749775+05:00,,,,1,,,,,
2026-09-10T17:03:02.812841+00:00,2026-09-10T22:03:02.812841+05:00,,,,1,,,,,
2026-09-10T17:04:02.742044+00:00,2026-09-10T22:04:02.742044+05:00,,,,1,,,,,
2026-09-10T17:05:02.738063+00:00,2026-09-10T22:05:02.738063+05:00,1,0,,1,55,19,229,64,1
2026-09-10T17:06:03.564959+00:00,2026-09-10T22:06:03.564959+05:00,,,,1,,,,,
2026-09-10T17:07:02.656512+00:00,2026-09-10T22:07:02.656512+05:00,,,,1,,,,,
2026-09-10T17:08:02.723947+00:00,2026-09-10T22:08:02.723947+05:00,,,,1,,,,,
2026-09-10T17:09:05.754244+00:00,2026-09-10T22:09:05.754244+05:00,1,0,,1,,,,,
2026-09-10T17:10:02.970944+00:00,2026-09-10T22:10:02.970944+05:00,,,,1,49,19,229,62,1
2026-09-10T17:11:02.556776+00:00,2026-09-10T22:11:02.556776+05:00,,,,1,,,,,
2026-09-10T17:12:03.799462+00:00,2026-09-10T22:12:03.799462+05:00,,,,1,,,,,
2026-09-10T17:13:02.805621+00:00,2026-09-10T22:13:02.805621+05:00,1,0,,1,,,,,
2026-09-10T17:14:02.723247+00:00,2026-09-10T22:14:02.723247+05:00,,,,1,,,,,
2026-09-10T17:15:33.071089+00:00,2026-09-10T22:15:33.071089+05:00,1,0,,1,50,19,229,61,1
2026-09-10T17:16:29.486080+00:00,2026-09-10T22:16:29.486080+05:00,,,,1,,,,,
2026-09-10T17:17:29.619508+00:00,2026-09-10T22:17:29.619508+05:00,,,,1,,,,,
2026-09-10T17:18:29.525098+00:00,2026-09-10T22:18:29.525098+05:00,,,,1,,,,,
2026-09-10T17:19:32.723236+00:00,2026-09-10T22:19:32.723236+05:00,1,0,,1,,,,,
2026-09-10T17:20:30.073107+00:00,2026-09-10T22:20:30.073107+05:00,,,,1,47,20,229,60,1
2026-09-10T17:21:29.362841+00:00,2026-09-10T22:21:29.362841+05:00,,,,1,,,,,
2026-09-10T17:22:29.634825+00:00,2026-09-10T22:22:29.634825+05:00,,,,1,,,,,
2026-09-10T17:23:30.202936+00:00,2026-09-10T22:23:30.202936+05:00,1,0,,1,,,,,
2026-09-10T17:24:29.496864+00:00,2026-09-10T22:24:29.496864+05:00,,,,1,,,,,
2026-09-10T17:25:30.248365+00:00,2026-09-10T22:25:30.248365+05:00,,,,1,45,20,229,62,0
2026-09-10T17:26:29.789038+00:00,2026-09-10T22:26:29.789038+05:00,,,,1,,,,,
2026-09-10T17:27:29.750599+00:00,2026-09-10T22:27:29.750599+05:00,1,0,,1,,,,,
2026-09-10T17:28:29.719830+00:00,2026-09-10T22:28:29.719830+05:00,,,,1,,,,,
2026-09-10T17:29:29.400933+00:00,2026-09-10T22:29:29.400933+05:00,,,,1,,,,,
2026-09-10T17:30:30.051450+00:00,2026-09-10T22:30:30.051450+05:00,,,,1,48,18,229,59,0
2026-09-10T17:31:32.809579+00:00,2026-09-10T22:31:32.809579+05:00,1,0,,1,,,,,
2026-09-10T17:32:31.461659+00:00,2026-09-10T22:32:31.461659+05:00,,,,1,,,,,
2026-09-10T17:33:29.192199+00:00,2026-09-10T22:33:29.192199+05:00,,,,1,,,,,
2026-09-10T17:34:29.581215+00:00,2026-09-10T22:34:29.581215+05:00,,,,1,,,,,
2026-09-10T17:35:32.543827+00:00,2026-09-10T22:35:32.543827+05:00,1,0,,1,50,18,230,56,0
2026-09-10T17:36:29.534675+00:00,2026-09-10T22:36:29.534675+05:00,,,,1,,,,,
2026-09-10T17:37:29.386162+00:00,2026-09-10T22:37:29.386162+05:00,,,,1,,,,,
2026-09-10T17:38:29.362369+00:00,2026-09-10T22:38:29.362369+05:00,,,,1,,,,,
2026-09-10T17:39:31.578461+00:00,2026-09-10T22:39:31.578461+05:00,1,0,,1,,,,,
2026-09-10T17:40:30.140240+00:00,2026-09-10T22:40:30.140240+05:00,,,,1,53,18,230,53,0
2026-09-10T17:41:29.396384+00:00,2026-09-10T22:41:29.396384+05:00,,,,1,,,,,
2026-09-10T17:42:30.496489+00:00,2026-09-10T22:42:30.496489+05:00,,,,1,,,,,
2026-09-10T17:43:32.634003+00:00,2026-09-10T22:43:32.634003+05:00,1,0,,1,,,,,
2026-09-10T17:44:29.664302+00:00,2026-09-10T22:44:29.664302+05:00,,,,1,,,,,
2026-09-10T17:45:29.799935+00:00,2026-09-10T22:45:29.799935+05:00,,,,1,50,18,230,49,0
2026-09-10T17:46:29.406805+00:00,2026-09-10T22:46:29.406805+05:00,,,,1,,,,,
2026-09-10T17:47:29.671302+00:00,2026-09-10T22:47:29.671302+05:00,1,0,,1,,,,,
2026-09-10T17:48:29.747272+00:00,2026-09-10T22:48:29.747272+05:00,,,,1,,,,,
2026-09-10T17:49:29.431979+00:00,2026-09-10T22:49:29.431979+05:00,,,,1,,,,,
2026-09-10T17:50:29.818754+00:00,2026-09-10T22:50:29.818754+05:00,,,,1,49,18,231,47,0
2026-09-10T17:51:32.654065+00:00,2026-09-10T22:51:32.654065+05:00,1,0,,1,,,,,
2026-09-10T17:52:29.373872+00:00,2026-09-10T22:52:29.373872+05:00,,,,1,,,,,
2026-09-10T17:53:29.549816+00:00,2026-09-10T22:53:29.549816+05:00,,,,1,,,,,
2026-09-10T17:54:29.446334+00:00,2026-09-10T22:54:29.446334+05:00,,,,1,,,,,
2026-09-10T17:55:30.035603+00:00,2026-09-10T22:55:30.035603+05:00,1,0,48.8,1,45,17,232,45,0
2026-09-10T17:56:29.564069+00:00,2026-09-10T22:56:29.564069+05:00,,,,1,,,,,
2026-09-10T17:57:29.533253+00:00,2026-09-10T22:57:29.533253+05:00,,,,1,,,,,
2026-09-10T17:58:29.664116+00:00,2026-09-10T22:58:29.664116+05:00,,,,1,,,,,
2026-09-10T17:59:32.563977+00:00,2026-09-10T22:59:32.563977+05:00,1,0,,1,,,,,
2026-09-10T18:00:29.765343+00:00,2026-09-10T23:00:29.765343+05:00,,,,1,47,19,233,44,0
2026-09-10T18:01:29.527758+00:00,2026-09-10T23:01:29.527758+05:00,,,,1,,,,,
2026-09-10T18:02:29.758463+00:00,2026-09-10T23:02:29.758463+05:00,,,,1,,,,,
2026-09-10T18:03:29.638386+00:00,2026-09-10T23:03:29.638386+05:00,1,0,,1,,,,,
2026-09-10T18:04:29.545134+00:00,2026-09-10T23:04:29.545134+05:00,,,,1,,,,,
2026-09-10T18:05:30.115219+00:00,2026-09-10T23:05:30.115219+05:00,,,,1,49,19,233,46,0
2026-09-10T18:06:29.663128+00:00,2026-09-10T23:06:29.663128+05:00,,,,1,,,,,
2026-09-10T18:07:29.543959+00:00,2026-09-10T23:07:29.543959+05:00,1,0,,1,,,,,
2026-09-10T18:08:29.549159+00:00,2026-09-10T23:08:29.549159+05:00,,,,1,,,,,
2026-09-10T18:09:29.541075+00:00,2026-09-10T23:09:29.541075+05:00,,,,1,,,,,
2026-09-10T18:10:29.749308+00:00,2026-09-10T23:10:29.749308+05:00,,,,1,44,19,233,46,0
2026-09-10T18:11:29.645494+00:00,2026-09-10T23:11:29.645494+05:00,1,0,44.5,1,,,,,
2026-09-10T18:12:29.336145+00:00,2026-09-10T23:12:29.336145+05:00,,,,1,,,,,
2026-09-10T18:13:29.641908+00:00,2026-09-10T23:13:29.641908+05:00,,,,1,,,,,
2026-09-10T18:14:29.338488+00:00,2026-09-10T23:14:29.338488+05:00,,,,1,,,,,
2026-09-10T18:15:30.026716+00:00,2026-09-10T23:15:30.026716+05:00,1,0,,1,45,19,233,42,0
2026-09-10T18:16:29.565473+00:00,2026-09-10T23:16:29.565473+05:00,,,,1,,,,,
2026-09-10T18:17:29.628302+00:00,2026-09-10T23:17:29.628302+05:00,,,,1,,,,,
2026-09-10T18:18:29.579100+00:00,2026-09-10T23:18:29.579100+05:00,,,,1,,,,,
2026-09-10T18:19:32.730099+00:00,2026-09-10T23:19:32.730099+05:00,1,0,,1,,,,,
2026-09-10T18:20:30.139727+00:00,2026-09-10T23:20:30.139727+05:00,,,,1,48,18,233,45,0
2026-09-10T18:21:29.528757+00:00,2026-09-10T23:21:29.528757+05:00,,,,1,,,,,
2026-09-10T18:22:29.458391+00:00,2026-09-10T23:22:29.458391+05:00,,,,1,,,,,
2026-09-10T18:23:32.617585+00:00,2026-09-10T23:23:32.617585+05:00,1,0,,1,,,,,
2026-09-10T18:24:29.668087+00:00,2026-09-10T23:24:29.668087+05:00,,,,1,,,,,
2026-09-10T18:25:30.808154+00:00,2026-09-10T23:25:30.808154+05:00,,,,1,46,17,231,44,0
2026-09-10T18:26:29.509931+00:00,2026-09-10T23:26:29.509931+05:00,,,,1,,,,,
2026-09-10T18:27:29.819063+00:00,2026-09-10T23:27:29.819063+05:00,1,0,,1,,,,,
2026-09-10T18:28:29.736524+00:00,2026-09-10T23:28:29.736524+05:00,,,,1,,,,,
2026-09-10T18:29:29.374467+00:00,2026-09-10T23:29:29.374467+05:00,,,,1,,,,,
2026-09-10T18:30:30.048518+00:00,2026-09-10T23:30:30.048518+05:00,,,,1,46,16,230,45,0
2026-09-10T18:31:33.412518+00:00,2026-09-10T23:31:33.412518+05:00,1,0,,1,,,,,
2026-09-10T18:32:29.556685+00:00,2026-09-10T23:32:29.556685+05:00,,,,1,,,,,
2026-09-10T18:33:29.542689+00:00,2026-09-10T23:33:29.542689+05:00,,,,1,,,,,
2026-09-10T18:34:29.561374+00:00,2026-09-10T23:34:29.561374+05:00,,,,1,,,,,
2026-09-10T18:35:29.883881+00:00,2026-09-10T23:35:29.883881+05:00,0,0,,1,43,17,230,43,0
2026-09-10T18:36:29.571861+00:00,2026-09-10T23:36:29.571861+05:00,,,,1,,,,,
2026-09-10T18:37:29.434873+00:00,2026-09-10T23:37:29.434873+05:00,,,,1,,,,,
2026-09-10T18:38:29.534062+00:00,2026-09-10T23:38:29.534062+05:00,,,,1,,,,,
2026-09-10T18:39:29.717088+00:00,2026-09-10T23:39:29.717088+05:00,0,0,,1,,,,,
2026-09-10T18:40:29.994403+00:00,2026-09-10T23:40:29.994403+05:00,,,,1,41,16,230,37,0
2026-09-10T18:41:29.538605+00:00,2026-09-10T23:41:29.538605+05:00,,,,1,,,,,
2026-09-10T18:42:29.576296+00:00,2026-09-10T23:42:29.576296+05:00,,,,1,,,,,
2026-09-10T18:43:33.331227+00:00,2026-09-10T23:43:33.331227+05:00,0,0,36.2,1,,,,,
2026-09-10T18:44:29.533362+00:00,2026-09-10T23:44:29.533362+05:00,,,,1,,,,,
2026-09-10T18:45:29.901404+00:00,2026-09-10T23:45:29.901404+05:00,,,,1,40,16,229,35,0
2026-09-10T18:46:29.499571+00:00,2026-09-10T23:46:29.499571+05:00,,,,1,,,,,
2026-09-10T18:47:32.629614+00:00,2026-09-10T23:47:32.629614+05:00,0,0,,1,,,,,
2026-09-10T18:48:29.692218+00:00,2026-09-10T23:48:29.692218+05:00,,,,1,,,,,
2026-09-10T18:49:29.568202+00:00,2026-09-10T23:49:29.568202+05:00,,,,1,,,,,
2026-09-10T18:50:29.980207+00:00,2026-09-10T23:50:29.980207+05:00,,,,1,46,15,231,33,0
2026-09-10T18:51:32.823412+00:00,2026-09-10T23:51:32.823412+05:00,0,0,,1,,,,,
2026-09-10T18:52:29.623398+00:00,2026-09-10T23:52:29.623398+05:00,,,,1,,,,,
2026-09-10T18:53:29.701858+00:00,2026-09-10T23:53:29.701858+05:00,,,,1,,,,,
2026-09-10T18:54:29.560228+00:00,2026-09-10T23:54:29.560228+05:00,,,,1,,,,,
2026-09-10T18:55:29.984691+00:00,2026-09-10T23:55:29.984691+05:00,0,0,32.5,1,46,15,231,32,0
2026-09-10T18:56:29.649530+00:00,2026-09-10T23:56:29.649530+05:00,,,,1,,,,,
2026-09-10T18:57:29.339835+00:00,2026-09-10T23:57:29.339835+05:00,,,,1,,,,,
2026-09-10T18:58:29.385572+00:00,2026-09-10T23:58:29.385572+05:00,,,,1,,,,,
2026-09-10T18:59:29.673054+00:00,2026-09-10T23:59:29.673054+05:00,0,0,,1,,,,,
2026-09-10T19:00:30.052641+00:00,2026-09-11T00:00:30.052641+05:00,,,,1,43,16,231,32,0
2026-09-10T19:01:29.606041+00:00,2026-09-11T00:01:29.606041+05:00,,,,1,,,,,
2026-09-10T19:02:29.546525+00:00,2026-09-11T00:02:29.546525+05:00,,,,1,,,,,
2026-09-10T19:03:29.646385+00:00,2026-09-11T00:03:29.646385+05:00,0,0,,1,,,,,
2026-09-10T19:04:29.340002+00:00,2026-09-11T00:04:29.340002+05:00,,,,1,,,,,
2026-09-10T19:05:29.934834+00:00,2026-09-11T00:05:29.934834+05:00,,,,1,41,18,231,30,0
2026-09-10T19:06:29.327806+00:00,2026-09-11T00:06:29.327806+05:00,,,,1,,,,,
2026-09-10T19:07:29.665243+00:00,2026-09-11T00:07:29.665243+05:00,0,0,,1,,,,,
2026-09-10T19:08:29.572244+00:00,2026-09-11T00:08:29.572244+05:00,,,,1,,,,,
2026-09-10T19:09:29.211087+00:00,2026-09-11T00:09:29.211087+05:00,,,,1,,,,,
2026-09-10T19:10:29.636140+00:00,2026-09-11T00:10:29.636140+05:00,,,,1,38,16,231,31,0
2026-09-10T19:11:32.585197+00:00,2026-09-11T00:11:32.585197+05:00,0,0,,1,,,,,
2026-09-10T19:12:29.548890+00:00,2026-09-11T00:12:29.548890+05:00,,,,1,,,,,
2026-09-10T19:13:29.489073+00:00,2026-09-11T00:13:29.489073+05:00,,,,1,,,,,
2026-09-10T19:14:29.204272+00:00,2026-09-11T00:14:29.204272+05:00,,,,1,,,,,
2026-09-10T19:15:32.784436+00:00,2026-09-11T00:15:32.784436+05:00,0,0,,1,36,16,231,30,0
2026-09-10T19:16:29.517665+00:00,2026-09-11T00:16:29.517665+05:00,,,,1,,,,,
2026-09-10T19:17:29.633662+00:00,2026-09-11T00:17:29.633662+05:00,,,,1,,,,,
2026-09-10T19:18:29.456365+00:00,2026-09-11T00:18:29.456365+05:00,,,,1,,,,,
2026-09-10T19:19:29.495166+00:00,2026-09-11T00:19:29.495166+05:00,0,0,24.2,1,,,,,
2026-09-10T19:20:30.675690+00:00,2026-09-11T00:20:30.675690+05:00,,,,1,36,16,231,30,0
2026-09-10T19:21:29.617793+00:00,2026-09-11T00:21:29.617793+05:00,,,,1,,,,,
2026-09-10T19:22:29.600707+00:00,2026-09-11T00:22:29.600707+05:00,,,,1,,,,,
2026-09-10T19:23:30.314436+00:00,2026-09-11T00:23:30.314436+05:00,0,0,,1,,,,,
2026-09-10T19:24:29.377411+00:00,2026-09-11T00:24:29.377411+05:00,,,,1,,,,,
2026-09-10T19:25:29.885142+00:00,2026-09-11T00:25:29.885142+05:00,,,,1,38,16,231,30,0
2026-09-10T19:26:29.530214+00:00,2026-09-11T00:26:29.530214+05:00,,,,1,,,,,
2026-09-10T19:27:29.554373+00:00,2026-09-11T00:27:29.554373+05:00,0,0,,1,,,,,
2026-09-10T19:28:29.671884+00:00,2026-09-11T00:28:29.671884+05:00,,,,1,,,,,
2026-09-10T19:29:29.542482+00:00,2026-09-11T00:29:29.542482+05:00,,,,1,,,,,
2026-09-10T19:30:29.676643+00:00,2026-09-11T00:30:29.676643+05:00,,,,1,37,16,231,29,0
2026-09-10T19:31:29.664105+00:00,2026-09-11T00:31:29.664105+05:00,0,0,,1,,,,,
2026-09-10T19:32:29.379698+00:00,2026-09-11T00:32:29.379698+05:00,,,,1,,,,,
2026-09-10T19:33:29.570803+00:00,2026-09-11T00:33:29.570803+05:00,,,,1,,,,,
2026-09-10T19:34:29.537560+00:00,2026-09-11T00:34:29.537560+05:00,,,,1,,,,,
2026-09-10T19:35:32.584128+00:00,2026-09-11T00:35:32.584128+05:00,0,0,,1,36,14,231,29,0
2026-09-10T19:36:29.549758+00:00,2026-09-11T00:36:29.549758+05:00,,,,1,,,,,
2026-09-10T19:37:29.596973+00:00,2026-09-11T00:37:29.596973+05:00,,,,1,,,,,
2026-09-10T19:38:29.561635+00:00,2026-09-11T00:38:29.561635+05:00,,,,1,,,,,
2026-09-10T19:39:29.674823+00:00,2026-09-11T00:39:29.674823+05:00,0,0,,1,,,,,
2026-09-10T19:40:29.710748+00:00,2026-09-11T00:40:29.710748+05:00,,,,1,36,14,231,27,0
2026-09-10T19:41:29.577094+00:00,2026-09-11T00:41:29.577094+05:00,,,,1,,,,,
2026-09-10T19:42:29.601270+00:00,2026-09-11T00:42:29.601270+05:00,,,,1,,,,,
2026-09-10T19:43:29.518430+00:00,2026-09-11T00:43:29.518430+05:00,0,0,,1,,,,,
2026-09-10T19:44:29.544612+00:00,2026-09-11T00:44:29.544612+05:00,,,,1,,,,,
2026-09-10T19:45:29.628895+00:00,2026-09-11T00:45:29.628895+05:00,,,,1,34,13,231,23,0
2026-09-10T19:46:29.322794+00:00,2026-09-11T00:46:29.322794+05:00,,,,1,,,,,
2026-09-10T19:47:31.538763+00:00,2026-09-11T00:47:31.538763+05:00,0,0,,1,,,,,
2026-09-10T19:48:29.731222+00:00,2026-09-11T00:48:29.731222+05:00,,,,1,,,,,
2026-09-10T19:49:29.771095+00:00,2026-09-11T00:49:29.771095+05:00,,,,1,,,,,
2026-09-10T19:50:29.744993+00:00,2026-09-11T00:50:29.744993+05:00,,,,1,31,12,231,23,1
2026-09-10T19:51:32.582905+00:00,2026-09-11T00:51:32.582905+05:00,0,0,,1,,,,,
2026-09-10T19:52:29.733261+00:00,2026-09-11T00:52:29.733261+05:00,,,,1,,,,,
2026-09-10T19:53:29.671937+00:00,2026-09-11T00:53:29.671937+05:00,,,,1,,,,,
2026-09-10T19:54:29.200309+00:00,2026-09-11T00:54:29.200309+05:00,,,,1,,,,,
2026-09-10T19:55:29.796192+00:00,2026-09-11T00:55:29.796192+05:00,0,0,,1,30,12,231,22,1
2026-09-10T19:56:29.592414+00:00,2026-09-11T00:56:29.592414+05:00,,,,1,,,,,
2026-09-10T19:57:29.319967+00:00,2026-09-11T00:57:29.319967+05:00,,,,1,,,,,
2026-09-10T19:58:29.189583+00:00,2026-09-11T00:58:29.189583+05:00,,,,1,,,,,
2026-09-10T19:59:29.486488+00:00,2026-09-11T00:59:29.486488+05:00,0,0,,1,,,,,
2026-09-10T20:00:30.068914+00:00,2026-09-11T01:00:30.068914+05:00,,,,1,31,12,231,24,1
2026-09-10T20:01:29.493235+00:00,2026-09-11T01:01:29.493235+05:00,,,,1,,,,,
2026-09-10T20:02:29.604773+00:00,2026-09-11T01:02:29.604773+05:00,,,,1,,,,,
2026-09-10T20:03:32.729639+00:00,2026-09-11T01:03:32.729639+05:00,0,0,,1,,,,,
2026-09-10T20:04:29.202876+00:00,2026-09-11T01:04:29.202876+05:00,,,,1,,,,,
2026-09-10T20:05:29.608754+00:00,2026-09-11T01:05:29.608754+05:00,,,,1,32,11,231,25,1
2026-09-10T20:06:29.640881+00:00,2026-09-11T01:06:29.640881+05:00,,,,1,,,,,
2026-09-10T20:07:32.554572+00:00,2026-09-11T01:07:32.554572+05:00,0,0,,1,,,,,
2026-09-10T20:08:29.592543+00:00,2026-09-11T01:08:29.592543+05:00,,,,1,,,,,
2026-09-10T20:09:29.528179+00:00,2026-09-11T01:09:29.528179+05:00,,,,1,,,,,
2026-09-10T20:10:29.728356+00:00,2026-09-11T01:10:29.728356+05:00,,,,1,31,11,232,24,1
2026-09-10T20:11:30.123072+00:00,2026-09-11T01:11:30.123072+05:00,0,0,,1,,,,,
2026-09-10T20:12:29.568668+00:00,2026-09-11T01:12:29.568668+05:00,,,,1,,,,,
2026-09-10T20:13:29.539004+00:00,2026-09-11T01:13:29.539004+05:00,,,,1,,,,,
2026-09-10T20:14:29.316161+00:00,2026-09-11T01:14:29.316161+05:00,,,,1,,,,,
2026-09-10T20:15:29.495222+00:00,2026-09-11T01:15:29.495222+05:00,0,0,,1,31,11,232,22,1
2026-09-10T20:16:29.331939+00:00,2026-09-11T01:16:29.331939+05:00,,,,1,,,,,
2026-09-10T20:17:29.590966+00:00,2026-09-11T01:17:29.590966+05:00,,,,1,,,,,
2026-09-10T20:18:29.500666+00:00,2026-09-11T01:18:29.500666+05:00,,,,1,,,,,
2026-09-10T20:19:34.535183+00:00,2026-09-11T01:19:34.535183+05:00,0,0,,1,,,,,
2026-09-10T20:20:29.548376+00:00,2026-09-11T01:20:29.548376+05:00,,,,1,22,10,232,20,1
2026-09-10T20:21:29.541724+00:00,2026-09-11T01:21:29.541724+05:00,,,,1,,,,,
2026-09-10T20:22:29.521597+00:00,2026-09-11T01:22:29.521597+05:00,,,,1,,,,,
2026-09-10T20:23:29.453481+00:00,2026-09-11T01:23:29.453481+05:00,0,0,,1,,,,,
2026-09-10T20:24:29.612318+00:00,2026-09-11T01:24:29.612318+05:00,,,,1,,,,,
2026-09-10T20:25:29.855666+00:00,2026-09-11T01:25:29.855666+05:00,,,,1,22,10,232,20,1
2026-09-10T20:26:29.323887+00:00,2026-09-11T01:26:29.323887+05:00,,,,1,,,,,
2026-09-10T20:27:32.736690+00:00,2026-09-11T01:27:32.736690+05:00,0,0,,1,,,,,
2026-09-10T20:28:29.314169+00:00,2026-09-11T01:28:29.314169+05:00,,,,1,,,,,
2026-09-10T20:29:29.191622+00:00,2026-09-11T01:29:29.191622+05:00,,,,1,,,,,
2026-09-10T20:30:29.817801+00:00,2026-09-11T01:30:29.817801+05:00,,,,1,21,10,232,19,1
2026-09-10T20:31:29.786411+00:00,2026-09-11T01:31:29.786411+05:00,0,0,,1,,,,,
2026-09-10T20:32:29.500773+00:00,2026-09-11T01:32:29.500773+05:00,,,,1,,,,,
2026-09-10T20:33:29.370319+00:00,2026-09-11T01:33:29.370319+05:00,,,,1,,,,,
2026-09-10T20:34:29.521668+00:00,2026-09-11T01:34:29.521668+05:00,,,,1,,,,,
2026-09-10T20:35:33.321650+00:00,2026-09-11T01:35:33.321650+05:00,0,0,,1,20,9,232,19,1
2026-09-10T20:36:29.518988+00:00,2026-09-11T01:36:29.518988+05:00,,,,1,,,,,
2026-09-10T20:37:29.610222+00:00,2026-09-11T01:37:29.610222+05:00,,,,1,,,,,
2026-09-10T20:38:29.196307+00:00,2026-09-11T01:38:29.196307+05:00,,,,1,,,,,
2026-09-10T20:39:32.507507+00:00,2026-09-11T01:39:32.507507+05:00,0,0,,1,,,,,
2026-09-10T20:40:29.734245+00:00,2026-09-11T01:40:29.734245+05:00,,,,1,24,9,232,17,1
2026-09-10T20:41:29.658897+00:00,2026-09-11T01:41:29.658897+05:00,,,,1,,,,,
2026-09-10T20:42:29.670508+00:00,2026-09-11T01:42:29.670508+05:00,,,,1,,,,,
2026-09-10T20:43:29.625481+00:00,2026-09-11T01:43:29.625481+05:00,0,0,,1,,,,,
2026-09-10T20:44:29.183266+00:00,2026-09-11T01:44:29.183266+05:00,,,,1,,,,,
2026-09-10T20:45:29.737203+00:00,2026-09-11T01:45:29.737203+05:00,,,,1,24,9,232,15,1
2026-09-10T20:46:29.346050+00:00,2026-09-11T01:46:29.346050+05:00,,,,1,,,,,
2026-09-10T20:47:29.450163+00:00,2026-09-11T01:47:29.450163+05:00,0,0,,1,,,,,
2026-09-10T20:48:29.604709+00:00,2026-09-11T01:48:29.604709+05:00,,,,1,,,,,
2026-09-10T20:49:29.547694+00:00,2026-09-11T01:49:29.547694+05:00,,,,1,,,,,
2026-09-10T20:50:29.735406+00:00,2026-09-11T01:50:29.735406+05:00,,,,1,23,9,231,15,1
2026-09-10T20:51:29.762797+00:00,2026-09-11T01:51:29.762797+05:00,0,0,22.5,1,,,,,
2026-09-10T20:52:29.368188+00:00,2026-09-11T01:52:29.368188+05:00,,,,1,,,,,
2026-09-10T20:53:29.201685+00:00,2026-09-11T01:53:29.201685+05:00,,,,1,,,,,
2026-09-10T20:54:29.542526+00:00,2026-09-11T01:54:29.542526+05:00,,,,1,,,,,
2026-09-10T20:55:29.765583+00:00,2026-09-11T01:55:29.765583+05:00,0,0,,1,20,7,230,14,1
2026-09-10T20:56:29.358760+00:00,2026-09-11T01:56:29.358760+05:00,,,,1,,,,,
2026-09-10T20:57:29.528717+00:00,2026-09-11T01:57:29.528717+05:00,,,,1,,,,,
2026-09-10T20:58:29.605522+00:00,2026-09-11T01:58:29.605522+05:00,,,,1,,,,,
2026-09-10T20:59:29.763444+00:00,2026-09-11T01:59:29.763444+05:00,0,0,,1,,,,,
2026-09-10T21:00:29.818490+00:00,2026-09-11T02:00:29.818490+05:00,,,,1,18,5,229,14,1
2026-09-10T21:01:29.515817+00:00,2026-09-11T02:01:29.515817+05:00,,,,1,,,,,
2026-09-10T21:02:29.523395+00:00,2026-09-11T02:02:29.523395+05:00,,,,1,,,,,
2026-09-10T21:03:29.452554+00:00,2026-09-11T02:03:29.452554+05:00,0,0,23.8,1,,,,,
2026-09-10T21:04:29.559513+00:00,2026-09-11T02:04:29.559513+05:00,,,,1,,,,,
2026-09-10T21:05:29.538437+00:00,2026-09-11T02:05:29.538437+05:00,,,,1,16,6,229,14,1
2026-09-10T21:06:29.672149+00:00,2026-09-11T02:06:29.672149+05:00,,,,1,,,,,
2026-09-10T21:07:32.706466+00:00,2026-09-11T02:07:32.706466+05:00,0,0,,1,,,,,
2026-09-10T21:08:29.652616+00:00,2026-09-11T02:08:29.652616+05:00,,,,1,,,,,
2026-09-10T21:09:29.325448+00:00,2026-09-11T02:09:29.325448+05:00,,,,1,,,,,
2026-09-10T21:10:29.715996+00:00,2026-09-11T02:10:29.715996+05:00,,,,1,14,6,229,12,1
2026-09-10T21:11:29.450010+00:00,2026-09-11T02:11:29.450010+05:00,0,0,,1,,,,,
2026-09-10T21:12:29.612077+00:00,2026-09-11T02:12:29.612077+05:00,,,,1,,,,,
2026-09-10T21:13:29.183399+00:00,2026-09-11T02:13:29.183399+05:00,,,,1,,,,,
2026-09-10T21:14:29.545823+00:00,2026-09-11T02:14:29.545823+05:00,,,,1,,,,,
2026-09-10T21:15:29.790155+00:00,2026-09-11T02:15:29.790155+05:00,0,0,,1,13,6,229,12,1
2026-09-10T21:16:29.554212+00:00,2026-09-11T02:16:29.554212+05:00,,,,1,,,,,
2026-09-10T21:17:29.604393+00:00,2026-09-11T02:17:29.604393+05:00,,,,1,,,,,
2026-09-10T21:18:29.342188+00:00,2026-09-11T02:18:29.342188+05:00,,,,1,,,,,
2026-09-10T21:19:29.702337+00:00,2026-09-11T02:19:29.702337+05:00,0,0,,1,,,,,
2026-09-10T21:20:29.731165+00:00,2026-09-11T02:20:29.731165+05:00,,,,1,13,6,229,12,0
2026-09-10T21:21:29.566972+00:00,2026-09-11T02:21:29.566972+05:00,,,,1,,,,,
2026-09-10T21:22:29.348098+00:00,2026-09-11T02:22:29.348098+05:00,,,,1,,,,,
2026-09-10T21:23:29.616788+00:00,2026-09-11T02:23:29.616788+05:00,0,0,,1,,,,,
2026-09-10T21:24:29.650907+00:00,2026-09-11T02:24:29.650907+05:00,,,,1,,,,,
2026-09-10T21:25:29.740839+00:00,2026-09-11T02:25:29.740839+05:00,,,,1,13,6,229,13,0
2026-09-10T21:26:30.125544+00:00,2026-09-11T02:26:30.125544+05:00,,,,1,,,,,
2026-09-10T21:27:32.558882+00:00,2026-09-11T02:27:32.558882+05:00,0,0,19.2,1,,,,,
2026-09-10T21:28:29.535444+00:00,2026-09-11T02:28:29.535444+05:00,,,,1,,,,,
2026-09-10T21:29:29.514099+00:00,2026-09-11T02:29:29.514099+05:00,,,,1,,,,,
2026-09-10T21:30:29.872642+00:00,2026-09-11T02:30:29.872642+05:00,,,,1,12,6,228,12,0
2026-09-10T21:31:32.736069+00:00,2026-09-11T02:31:32.736069+05:00,0,0,,1,,,,,
2026-09-10T21:32:29.310929+00:00,2026-09-11T02:32:29.310929+05:00,,,,1,,,,,
2026-09-10T21:33:29.616512+00:00,2026-09-11T02:33:29.616512+05:00,,,,1,,,,,
2026-09-10T21:34:29.641049+00:00,2026-09-11T02:34:29.641049+05:00,,,,1,,,,,
2026-09-10T21:35:29.552350+00:00,2026-09-11T02:35:29.552350+05:00,0,0,,1,10,4,228,13,0
2026-09-10T21:36:29.543375+00:00,2026-09-11T02:36:29.543375+05:00,,,,1,,,,,
2026-09-10T21:37:29.373413+00:00,2026-09-11T02:37:29.373413+05:00,,,,1,,,,,
2026-09-10T21:38:29.616654+00:00,2026-09-11T02:38:29.616654+05:00,,,,1,,,,,
2026-09-10T21:39:32.888180+00:00,2026-09-11T02:39:32.888180+05:00,0,0,,1,,,,,
2026-09-10T21:40:29.873095+00:00,2026-09-11T02:40:29.873095+05:00,,,,1,10,4,228,12,0
2026-09-10T21:41:29.603797+00:00,2026-09-11T02:41:29.603797+05:00,,,,1,,,,,
2026-09-10T21:42:29.624801+00:00,2026-09-11T02:42:29.624801+05:00,,,,1,,,,,
2026-09-10T21:43:32.669898+00:00,2026-09-11T02:43:32.669898+05:00,0,0,,1,,,,,
2026-09-10T21:44:29.498560+00:00,2026-09-11T02:44:29.498560+05:00,,,,1,,,,,
2026-09-10T21:45:29.780532+00:00,2026-09-11T02:45:29.780532+05:00,,,,1,9,4,228,11,1
2026-09-10T21:46:29.342724+00:00,2026-09-11T02:46:29.342724+05:00,,,,1,,,,,
2026-09-10T21:47:29.825699+00:00,2026-09-11T02:47:29.825699+05:00,0,0,,1,,,,,
2026-09-10T21:48:29.624981+00:00,2026-09-11T02:48:29.624981+05:00,,,,1,,,,,
2026-09-10T21:49:29.602204+00:00,2026-09-11T02:49:29.602204+05:00,,,,1,,,,,
2026-09-10T21:50:29.717929+00:00,2026-09-11T02:50:29.717929+05:00,,,,1,9,4,226,12,1
2026-09-10T21:51:32.616427+00:00,2026-09-11T02:51:32.616427+05:00,0,0,,1,,,,,
2026-09-10T21:52:29.204069+00:00,2026-09-11T02:52:29.204069+05:00,,,,1,,,,,
2026-09-10T21:53:29.507949+00:00,2026-09-11T02:53:29.507949+05:00,,,,1,,,,,
2026-09-10T21:54:29.500565+00:00,2026-09-11T02:54:29.500565+05:00,,,,1,,,,,
2026-09-10T21:55:29.931662+00:00,2026-09-11T02:55:29.931662+05:00,0,0,,1,10,4,225,10,1
2026-09-10T21:56:29.513960+00:00,2026-09-11T02:56:29.513960+05:00,,,,1,,,,,
2026-09-10T21:57:29.376887+00:00,2026-09-11T02:57:29.376887+05:00,,,,1,,,,,
2026-09-10T21:58:29.196814+00:00,2026-09-11T02:58:29.196814+05:00,,,,1,,,,,
2026-09-10T21:59:32.504693+00:00,2026-09-11T02:59:32.504693+05:00,0,0,,1,,,,,
2026-09-10T22:00:31.056453+00:00,2026-09-11T03:00:31.056453+05:00,,,,1,10,4,225,10,1
2026-09-10T22:01:29.310840+00:00,2026-09-11T03:01:29.310840+05:00,,,,1,,,,,
2026-09-10T22:02:29.524283+00:00,2026-09-11T03:02:29.524283+05:00,,,,1,,,,,
2026-09-10T22:03:29.754781+00:00,2026-09-11T03:03:29.754781+05:00,0,0,,1,,,,,
2026-09-10T22:04:29.434681+00:00,2026-09-11T03:04:29.434681+05:00,,,,1,,,,,
2026-09-10T22:05:29.576383+00:00,2026-09-11T03:05:29.576383+05:00,,,,1,8,2,225,9,1
2026-09-10T22:06:29.350368+00:00,2026-09-11T03:06:29.350368+05:00,,,,1,,,,,
2026-09-10T22:07:32.584180+00:00,2026-09-11T03:07:32.584180+05:00,0,0,,1,,,,,
2026-09-10T22:08:29.529833+00:00,2026-09-11T03:08:29.529833+05:00,,,,1,,,,,
2026-09-10T22:09:29.508176+00:00,2026-09-11T03:09:29.508176+05:00,,,,1,,,,,
2026-09-10T22:10:29.753439+00:00,2026-09-11T03:10:29.753439+05:00,,,,1,4,2,225,9,1
2026-09-10T22:11:29.759954+00:00,2026-09-11T03:11:29.759954+05:00,0,0,19.7,1,,,,,
2026-09-10T22:12:29.498760+00:00,2026-09-11T03:12:29.498760+05:00,,,,1,,,,,
2026-09-10T22:13:29.508384+00:00,2026-09-11T03:13:29.508384+05:00,,,,1,,,,,
2026-09-10T22:14:29.575464+00:00,2026-09-11T03:14:29.575464+05:00,,,,1,,,,,
2026-09-10T22:15:32.547211+00:00,2026-09-11T03:15:32.547211+05:00,0,0,,1,3,2,225,9,1
2026-09-10T22:16:29.405320+00:00,2026-09-11T03:16:29.405320+05:00,,,,1,,,,,
2026-09-10T22:17:29.530798+00:00,2026-09-11T03:17:29.530798+05:00,,,,1,,,,,
2026-09-10T22:18:29.340792+00:00,2026-09-11T03:18:29.340792+05:00,,,,1,,,,,
2026-09-10T22:19:32.755884+00:00,2026-09-11T03:19:32.755884+05:00,0,0,,1,,,,,
2026-09-10T22:20:29.687221+00:00,2026-09-11T03:20:29.687221+05:00,,,,1,3,2,225,9,1
2026-09-10T22:21:29.520558+00:00,2026-09-11T03:21:29.520558+05:00,,,,1,,,,,
2026-09-10T22:22:29.601014+00:00,2026-09-11T03:22:29.601014+05:00,,,,1,,,,,
2026-09-10T22:23:29.538477+00:00,2026-09-11T03:23:29.538477+05:00,0,0,,1,,,,,
2026-09-10T22:24:29.310162+00:00,2026-09-11T03:24:29.310162+05:00,,,,1,,,,,
2026-09-10T22:25:29.756250+00:00,2026-09-11T03:25:29.756250+05:00,,,,1,4,2,225,9,1
2026-09-10T22:26:29.680694+00:00,2026-09-11T03:26:29.680694+05:00,,,,1,,,,,
2026-09-10T22:27:33.030015+00:00,2026-09-11T03:27:33.030015+05:00,0,0,,1,,,,,
2026-09-10T22:28:29.376751+00:00,2026-09-11T03:28:29.376751+05:00,,,,1,,,,,
2026-09-10T22:29:29.171026+00:00,2026-09-11T03:29:29.171026+05:00,,,,1,,,,,
2026-09-10T22:30:29.549861+00:00,2026-09-11T03:30:29.549861+05:00,,,,1,4,2,225,8,1
2026-09-10T22:31:29.484708+00:00,2026-09-11T03:31:29.484708+05:00,0,0,,1,,,,,
2026-09-10T22:32:29.580689+00:00,2026-09-11T03:32:29.580689+05:00,,,,1,,,,,
2026-09-10T22:33:29.174975+00:00,2026-09-11T03:33:29.174975+05:00,,,,1,,,,,
2026-09-10T22:34:29.576959+00:00,2026-09-11T03:34:29.576959+05:00,,,,1,,,,,
2026-09-10T22:35:29.858242+00:00,2026-09-11T03:35:29.858242+05:00,0,0,,1,4,2,225,8,1
2026-09-10T22:36:29.624898+00:00,2026-09-11T03:36:29.624898+05:00,,,,1,,,,,
2026-09-10T22:37:29.550681+00:00,2026-09-11T03:37:29.550681+05:00,,,,1,,,,,
2026-09-10T22:38:29.532555+00:00,2026-09-11T03:38:29.532555+05:00,,,,1,,,,,
2026-09-10T22:39:32.701229+00:00,2026-09-11T03:39:32.701229+05:00,0,0,18.9,1,,,,,
2026-09-10T22:40:29.528852+00:00,2026-09-11T03:40:29.528852+05:00,,,,1,4,2,225,8,1
2026-09-10T22:41:29.501198+00:00,2026-09-11T03:41:29.501198+05:00,,,,1,,,,,
2026-09-10T22:42:29.667429+00:00,2026-09-11T03:42:29.667429+05:00,,,,1,,,,,
2026-09-10T22:43:32.766105+00:00,2026-09-11T03:43:32.766105+05:00,0,0,,1,,,,,
2026-09-10T22:44:29.514239+00:00,2026-09-11T03:44:29.514239+05:00,,,,1,,,,,
2026-09-10T22:45:53.915108+00:00,2026-09-11T03:45:53.915108+05:00,0,0,,1,4,2,225,7,1
2026-09-10T22:46:53.429200+00:00,2026-09-11T03:46:53.429200+05:00,,,,1,,,,,
2026-09-10T22:47:53.406527+00:00,2026-09-11T03:47:53.406527+05:00,,,,1,,,,,
2026-09-10T22:48:53.450305+00:00,2026-09-11T03:48:53.450305+05:00,,,,1,,,,,
2026-09-10T22:49:53.411033+00:00,2026-09-11T03:49:53.411033+05:00,0,0,,1,,,,,
2026-09-10T22:50:53.606914+00:00,2026-09-11T03:50:53.606914+05:00,,,,1,4,2,225,6,1
2026-09-10T22:51:53.510092+00:00,2026-09-11T03:51:53.510092+05:00,,,,1,,,,,
2026-09-10T22:52:53.449938+00:00,2026-09-11T03:52:53.449938+05:00,,,,1,,,,,
2026-09-10T22:53:56.518949+00:00,2026-09-11T03:53:56.518949+05:00,0,0,,1,,,,,
2026-09-10T22:54:53.478524+00:00,2026-09-11T03:54:53.478524+05:00,,,,1,,,,,
2026-09-10T22:55:53.613727+00:00,2026-09-11T03:55:53.613727+05:00,,,,1,5,2,225,5,1
2026-09-10T22:56:53.456431+00:00,2026-09-11T03:56:53.456431+05:00,,,,1,,,,,
2026-09-10T22:57:56.364246+00:00,2026-09-11T03:57:56.364246+05:00,0,0,,1,,,,,
2026-09-10T22:58:53.411471+00:00,2026-09-11T03:58:53.411471+05:00,,,,1,,,,,
2026-09-10T22:59:53.092274+00:00,2026-09-11T03:59:53.092274+05:00,,,,1,,,,,
2026-09-10T23:00:53.415019+00:00,2026-09-11T04:00:53.415019+05:00,,,,1,4,2,225,5,1
2026-09-10T23:01:57.030898+00:00,2026-09-11T04:01:57.030898+05:00,0,0,,1,,,,,
2026-09-10T23:02:53.563574+00:00,2026-09-11T04:02:53.563574+05:00,,,,1,,,,,
2026-09-10T23:03:53.444530+00:00,2026-09-11T04:03:53.444530+05:00,,,,1,,,,,
2026-09-10T23:04:53.085445+00:00,2026-09-11T04:04:53.085445+05:00,,,,1,,,,,
2026-09-10T23:05:53.616269+00:00,2026-09-11T04:05:53.616269+05:00,0,0,,1,4,2,225,5,1
2026-09-10T23:06:53.220568+00:00,2026-09-11T04:06:53.220568+05:00,,,,1,,,,,
2026-09-10T23:07:53.253407+00:00,2026-09-11T04:07:53.253407+05:00,,,,1,,,,,
2026-09-10T23:08:53.454438+00:00,2026-09-11T04:08:53.454438+05:00,,,,1,,,,,
2026-09-10T23:09:56.725097+00:00,2026-09-11T04:09:56.725097+05:00,0,0,,1,,,,,
2026-09-10T23:10:53.415420+00:00,2026-09-11T04:10:53.415420+05:00,,,,1,4,2,224,6,1
2026-09-10T23:11:53.210105+00:00,2026-09-11T04:11:53.210105+05:00,,,,1,,,,,
2026-09-10T23:12:53.415027+00:00,2026-09-11T04:12:53.415027+05:00,,,,1,,,,,
2026-09-10T23:13:53.473351+00:00,2026-09-11T04:13:53.473351+05:00,0,0,,1,,,,,
2026-09-10T23:14:53.398571+00:00,2026-09-11T04:14:53.398571+05:00,,,,1,,,,,
2026-09-10T23:15:53.614647+00:00,2026-09-11T04:15:53.614647+05:00,,,,1,4,2,223,5,0
2026-09-10T23:16:53.402470+00:00,2026-09-11T04:16:53.402470+05:00,,,,1,,,,,
2026-09-10T23:17:53.456681+00:00,2026-09-11T04:17:53.456681+05:00,0,0,,1,,,,,
2026-09-10T23:18:53.458328+00:00,2026-09-11T04:18:53.458328+05:00,,,,1,,,,,
2026-09-10T23:19:53.214536+00:00,2026-09-11T04:19:53.214536+05:00,,,,1,,,,,
2026-09-10T23:20:53.770424+00:00,2026-09-11T04:20:53.770424+05:00,,,,1,5,2,223,6,0
2026-09-10T23:21:56.377650+00:00,2026-09-11T04:21:56.377650+05:00,0,0,,1,,,,,
2026-09-10T23:22:53.445300+00:00,2026-09-11T04:22:53.445300+05:00,,,,1,,,,,
2026-09-10T23:23:53.430318+00:00,2026-09-11T04:23:53.430318+05:00,,,,1,,,,,
2026-09-10T23:24:53.419667+00:00,2026-09-11T04:24:53.419667+05:00,,,,1,,,,,
2026-09-10T23:25:53.651645+00:00,2026-09-11T04:25:53.651645+05:00,0,0,,1,3,2,223,4,0
2026-09-10T23:26:53.222914+00:00,2026-09-11T04:26:53.222914+05:00,,,,1,,,,,
2026-09-10T23:27:53.277472+00:00,2026-09-11T04:27:53.277472+05:00,,,,1,,,,,
2026-09-10T23:28:53.228361+00:00,2026-09-11T04:28:53.228361+05:00,,,,1,,,,,
2026-09-10T23:29:53.474395+00:00,2026-09-11T04:29:53.474395+05:00,0,0,20.4,1,,,,,
2026-09-10T23:30:53.642776+00:00,2026-09-11T04:30:53.642776+05:00,,,,1,3,2,224,3,0
2026-09-10T23:31:53.226816+00:00,2026-09-11T04:31:53.226816+05:00,,,,1,,,,,
2026-09-10T23:32:53.422760+00:00,2026-09-11T04:32:53.422760+05:00,,,,1,,,,,
2026-09-10T23:33:53.401010+00:00,2026-09-11T04:33:53.401010+05:00,0,0,,1,,,,,
2026-09-10T23:34:53.640371+00:00,2026-09-11T04:34:53.640371+05:00,,,,1,,,,,
2026-09-10T23:35:53.595171+00:00,2026-09-11T04:35:53.595171+05:00,,,,1,3,2,224,3,0
2026-09-10T23:36:53.574631+00:00,2026-09-11T04:36:53.574631+05:00,,,,1,,,,,
2026-09-10T23:37:56.684150+00:00,2026-09-11T04:37:56.684150+05:00,0,0,20.2,1,,,,,
2026-09-10T23:38:53.524115+00:00,2026-09-11T04:38:53.524115+05:00,,,,1,,,,,
2026-09-10T23:39:53.540914+00:00,2026-09-11T04:39:53.540914+05:00,,,,1,,,,,
2026-09-10T23:40:53.776947+00:00,2026-09-11T04:40:53.776947+05:00,,,,1,3,2,224,2,0
2026-09-10T23:41:56.451063+00:00,2026-09-11T04:41:56.451063+05:00,0,0,,1,,,,,
2026-09-10T23:42:53.308523+00:00,2026-09-11T04:42:53.308523+05:00,,,,1,,,,,
2026-09-10T23:43:53.554909+00:00,2026-09-11T04:43:53.554909+05:00,,,,1,,,,,
2026-09-10T23:44:53.433488+00:00,2026-09-11T04:44:53.433488+05:00,,,,1,,,,,
2026-09-10T23:45:53.617340+00:00,2026-09-11T04:45:53.617340+05:00,0,0,,1,3,2,224,1,0
2026-09-10T23:46:53.304651+00:00,2026-09-11T04:46:53.304651+05:00,,,,1,,,,,
2026-09-10T23:47:53.407269+00:00,2026-09-11T04:47:53.407269+05:00,,,,1,,,,,
2026-09-10T23:48:53.216217+00:00,2026-09-11T04:48:53.216217+05:00,,,,1,,,,,
2026-09-10T23:49:53.566654+00:00,2026-09-11T04:49:53.566654+05:00,0,0,,1,,,,,
2026-09-10T23:50:53.683863+00:00,2026-09-11T04:50:53.683863+05:00,,,,1,3,2,224,1,0
2026-09-10T23:51:53.215322+00:00,2026-09-11T04:51:53.215322+05:00,,,,1,,,,,
2026-09-10T23:52:53.548947+00:00,2026-09-11T04:52:53.548947+05:00,,,,1,,,,,
2026-09-10T23:53:53.434855+00:00,2026-09-11T04:53:53.434855+05:00,0,0,,1,,,,,
2026-09-10T23:54:53.300479+00:00,2026-09-11T04:54:53.300479+05:00,,,,1,,,,,
2026-09-10T23:55:53.597012+00:00,2026-09-11T04:55:53.597012+05:00,,,,1,3,2,224,1,0
2026-09-10T23:56:53.093115+00:00,2026-09-11T04:56:53.093115+05:00,,,,1,,,,,
2026-09-10T23:57:56.525242+00:00,2026-09-11T04:57:56.525242+05:00,0,0,,1,,,,,
2026-09-10T23:58:53.455867+00:00,2026-09-11T04:58:53.455867+05:00,,,,1,,,,,
2026-09-10T23:59:53.211133+00:00,2026-09-11T04:59:53.211133+05:00,,,,1,,,,,
2026-09-11T00:00:53.607295+00:00,2026-09-11T05:00:53.607295+05:00,,,,1,4,2,213,1,0
2026-09-11T00:01:56.385129+00:00,2026-09-11T05:01:56.385129+05:00,0,0,,1,,,,,
2026-09-11T00:02:53.566588+00:00,2026-09-11T05:02:53.566588+05:00,,,,1,,,,,
2026-09-11T00:03:53.453516+00:00,2026-09-11T05:03:53.453516+05:00,,,,1,,,,,
2026-09-11T00:04:53.224856+00:00,2026-09-11T05:04:53.224856+05:00,,,,1,,,,,
2026-09-11T00:05:57.008655+00:00,2026-09-11T05:05:57.008655+05:00,0,0,18.5,1,4,1,213,1,0
2026-09-11T00:06:53.557741+00:00,2026-09-11T05:06:53.557741+05:00,,,,1,,,,,
2026-09-11T00:07:53.251874+00:00,2026-09-11T05:07:53.251874+05:00,,,,1,,,,,
2026-09-11T00:08:53.407934+00:00,2026-09-11T05:08:53.407934+05:00,,,,1,,,,,
2026-09-11T00:09:56.466599+00:00,2026-09-11T05:09:56.466599+05:00,0,0,,1,,,,,
2026-09-11T00:10:53.396998+00:00,2026-09-11T05:10:53.396998+05:00,,,,1,4,1,213,1,0
2026-09-11T00:11:53.090410+00:00,2026-09-11T05:11:53.090410+05:00,,,,1,,,,,
2026-09-11T00:12:53.229448+00:00,2026-09-11T05:12:53.229448+05:00,,,,1,,,,,
2026-09-11T00:13:53.394091+00:00,2026-09-11T05:13:53.394091+05:00,0,0,19.5,1,,,,,
2026-09-11T00:14:53.232186+00:00,2026-09-11T05:14:53.232186+05:00,,,,1,,,,,
2026-09-11T00:15:53.414246+00:00,2026-09-11T05:15:53.414246+05:00,,,,1,4,1,213,1,0
2026-09-11T00:16:53.230384+00:00,2026-09-11T05:16:53.230384+05:00,,,,1,,,,,
2026-09-11T00:17:56.371510+00:00,2026-09-11T05:17:56.371510+05:00,0,0,,1,,,,,
2026-09-11T00:18:53.285881+00:00,2026-09-11T05:18:53.285881+05:00,,,,1,,,,,
2026-09-11T00:19:53.562461+00:00,2026-09-11T05:19:53.562461+05:00,,,,1,,,,,
2026-09-11T00:20:53.644718+00:00,2026-09-11T05:20:53.644718+05:00,,,,1,4,1,213,1,0
2026-09-11T00:21:56.505042+00:00,2026-09-11T05:21:56.505042+05:00,0,0,,1,,,,,
2026-09-11T00:22:53.427072+00:00,2026-09-11T05:22:53.427072+05:00,,,,1,,,,,
2026-09-11T00:23:53.412298+00:00,2026-09-11T05:23:53.412298+05:00,,,,1,,,,,
2026-09-11T00:24:53.410845+00:00,2026-09-11T05:24:53.410845+05:00,,,,1,,,,,
2026-09-11T00:25:56.331275+00:00,2026-09-11T05:25:56.331275+05:00,0,0,,1,3,1,213,1,0
2026-09-11T00:26:53.091122+00:00,2026-09-11T05:26:53.091122+05:00,,,,1,,,,,
2026-09-11T00:27:53.415295+00:00,2026-09-11T05:27:53.415295+05:00,,,,1,,,,,
2026-09-11T00:28:53.408507+00:00,2026-09-11T05:28:53.408507+05:00,,,,1,,,,,
2026-09-11T00:29:53.469782+00:00,2026-09-11T05:29:53.469782+05:00,0,0,,1,,,,,
2026-09-11T00:30:53.431707+00:00,2026-09-11T05:30:53.431707+05:00,,,,1,3,1,213,1,0
2026-09-11T00:31:53.097487+00:00,2026-09-11T05:31:53.097487+05:00,,,,1,,,,,
2026-09-11T00:32:53.413106+00:00,2026-09-11T05:32:53.413106+05:00,,,,1,,,,,
2026-09-11T00:33:53.427328+00:00,2026-09-11T05:33:53.427328+05:00,0,0,,1,,,,,
2026-09-11T00:34:53.088245+00:00,2026-09-11T05:34:53.088245+05:00,,,,1,,,,,
2026-09-11T00:35:53.608900+00:00,2026-09-11T05:35:53.608900+05:00,,,,1,4,1,213,1,0
2026-09-11T00:36:53.088369+00:00,2026-09-11T05:36:53.088369+05:00,,,,1,,,,,
2026-09-11T00:37:53.535843+00:00,2026-09-11T05:37:53.535843+05:00,0,0,,1,,,,,
2026-09-11T00:38:53.458015+00:00,2026-09-11T05:38:53.458015+05:00,,,,1,,,,,
2026-09-11T00:39:53.425446+00:00,2026-09-11T05:39:53.425446+05:00,,,,1,,,,,
2026-09-11T00:40:53.615128+00:00,2026-09-11T05:40:53.615128+05:00,,,,1,4,1,213,0,0
2026-09-11T00:41:53.452182+00:00,2026-09-11T05:41:53.452182+05:00,0,0,,1,,,,,
2026-09-11T00:42:53.395777+00:00,2026-09-11T05:42:53.395777+05:00,,,,1,,,,,
2026-09-11T00:43:53.304364+00:00,2026-09-11T05:43:53.304364+05:00,,,,1,,,,,
2026-09-11T00:44:53.220507+00:00,2026-09-11T05:44:53.220507+05:00,,,,1,,,,,
2026-09-11T00:45:56.977452+00:00,2026-09-11T05:45:56.977452+05:00,0,0,,1,5,1,213,0,0
2026-09-11T00:46:53.391890+00:00,2026-09-11T05:46:53.391890+05:00,,,,1,,,,,
2026-09-11T00:47:53.447509+00:00,2026-09-11T05:47:53.447509+05:00,,,,1,,,,,
2026-09-11T00:48:53.409725+00:00,2026-09-11T05:48:53.409725+05:00,,,,1,,,,,
2026-09-11T00:49:53.259274+00:00,2026-09-11T05:49:53.259274+05:00,0,0,18.3,1,,,,,
2026-09-11T00:50:53.486676+00:00,2026-09-11T05:50:53.486676+05:00,,,,1,6,1,213,0,0
2026-09-11T00:51:53.398040+00:00,2026-09-11T05:51:53.398040+05:00,,,,1,,,,,
2026-09-11T00:52:53.087584+00:00,2026-09-11T05:52:53.087584+05:00,,,,1,,,,,
2026-09-11T00:53:56.441624+00:00,2026-09-11T05:53:56.441624+05:00,0,0,,1,,,,,
2026-09-11T00:54:53.224877+00:00,2026-09-11T05:54:53.224877+05:00,,,,1,,,,,
2026-09-11T00:55:53.573934+00:00,2026-09-11T05:55:53.573934+05:00,,,,1,6,1,213,1,0
2026-09-11T00:56:53.424536+00:00,2026-09-11T05:56:53.424536+05:00,,,,1,,,,,
2026-09-11T00:57:56.311366+00:00,2026-09-11T05:57:56.311366+05:00,0,0,,1,,,,,
2026-09-11T00:58:53.438846+00:00,2026-09-11T05:58:53.438846+05:00,,,,1,,,,,
2026-09-11T00:59:53.253504+00:00,2026-09-11T05:59:53.253504+05:00,,,,1,,,,,
2026-09-11T01:00:53.603136+00:00,2026-09-11T06:00:53.603136+05:00,,,,1,7,1,213,2,0
2026-09-11T01:01:53.402728+00:00,2026-09-11T06:01:53.402728+05:00,0,0,,1,,,,,
2026-09-11T01:02:53.438816+00:00,2026-09-11T06:02:53.438816+05:00,,,,1,,,,,
2026-09-11T01:03:53.439187+00:00,2026-09-11T06:03:53.439187+05:00,,,,1,,,,,
2026-09-11T01:04:53.461119+00:00,2026-09-11T06:04:53.461119+05:00,,,,1,,,,,
2026-09-11T01:05:53.454223+00:00,2026-09-11T06:05:53.454223+05:00,0,0,,1,7,1,213,4,0
2026-09-11T01:06:53.088489+00:00,2026-09-11T06:06:53.088489+05:00,,,,1,,,,,
2026-09-11T01:07:53.209886+00:00,2026-09-11T06:07:53.209886+05:00,,,,1,,,,,
2026-09-11T01:08:53.210604+00:00,2026-09-11T06:08:53.210604+05:00,,,,1,,,,,
2026-09-11T01:09:53.425414+00:00,2026-09-11T06:09:53.425414+05:00,0,0,,1,,,,,
2026-09-11T01:10:53.634085+00:00,2026-09-11T06:10:53.634085+05:00,,,,1,7,1,213,4,0
2026-09-11T01:11:53.424271+00:00,2026-09-11T06:11:53.424271+05:00,,,,1,,,,,
2026-09-11T01:12:53.253551+00:00,2026-09-11T06:12:53.253551+05:00,,,,1,,,,,
2026-09-11T01:13:56.329495+00:00,2026-09-11T06:13:56.329495+05:00,0,0,,1,,,,,
2026-09-11T01:14:53.406878+00:00,2026-09-11T06:14:53.406878+05:00,,,,1,,,,,
2026-09-11T01:15:53.540281+00:00,2026-09-11T06:15:53.540281+05:00,,,,1,7,1,213,5,0
2026-09-11T01:16:53.451803+00:00,2026-09-11T06:16:53.451803+05:00,,,,1,,,,,
2026-09-11T01:17:53.996146+00:00,2026-09-11T06:17:53.996146+05:00,0,0,,1,,,,,
2026-09-11T01:18:53.213957+00:00,2026-09-11T06:18:53.213957+05:00,,,,1,,,,,
2026-09-11T01:19:53.410793+00:00,2026-09-11T06:19:53.410793+05:00,,,,1,,,,,
2026-09-11T01:20:53.640980+00:00,2026-09-11T06:20:53.640980+05:00,,,,1,8,1,213,5,0
2026-09-11T01:21:53.266395+00:00,2026-09-11T06:21:53.266395+05:00,0,0,,1,,,,,
2026-09-11T01:22:53.426628+00:00,2026-09-11T06:22:53.426628+05:00,,,,1,,,,,
2026-09-11T01:23:53.563468+00:00,2026-09-11T06:23:53.563468+05:00,,,,1,,,,,
2026-09-11T01:24:53.124349+00:00,2026-09-11T06:24:53.124349+05:00,,,,1,,,,,
2026-09-11T01:25:56.537779+00:00,2026-09-11T06:25:56.537779+05:00,0,0,,1,7,1,213,6,0
2026-09-11T01:26:53.098377+00:00,2026-09-11T06:26:53.098377+05:00,,,,1,,,,,
2026-09-11T01:27:53.425886+00:00,2026-09-11T06:27:53.425886+05:00,,,,1,,,,,
2026-09-11T01:28:53.457456+00:00,2026-09-11T06:28:53.457456+05:00,,,,1,,,,,
2026-09-11T01:29:53.430531+00:00,2026-09-11T06:29:53.430531+05:00,0,0,,1,,,,,
2026-09-11T01:30:53.652714+00:00,2026-09-11T06:30:53.652714+05:00,,,,1,8,0,213,7,0
2026-09-11T01:31:53.310866+00:00,2026-09-11T06:31:53.310866+05:00,,,,1,,,,,
2026-09-11T01:32:53.553127+00:00,2026-09-11T06:32:53.553127+05:00,,,,1,,,,,
2026-09-11T01:33:56.576317+00:00,2026-09-11T06:33:56.576317+05:00,0,0,,1,,,,,
2026-09-11T01:34:53.638934+00:00,2026-09-11T06:34:53.638934+05:00,,,,1,,,,,
2026-09-11T01:35:53.420358+00:00,2026-09-11T06:35:53.420358+05:00,,,,1,12,0,213,9,1
2026-09-11T01:36:53.421128+00:00,2026-09-11T06:36:53.421128+05:00,,,,1,,,,,
2026-09-11T01:37:53.476754+00:00,2026-09-11T06:37:53.476754+05:00,0,0,37.7,1,,,,,
2026-09-11T01:38:53.454701+00:00,2026-09-11T06:38:53.454701+05:00,,,,1,,,,,
2026-09-11T01:39:53.442036+00:00,2026-09-11T06:39:53.442036+05:00,,,,1,,,,,
2026-09-11T01:40:53.744337+00:00,2026-09-11T06:40:53.744337+05:00,,,,1,14,0,213,9,1
2026-09-11T01:41:53.398626+00:00,2026-09-11T06:41:53.398626+05:00,0,0,,1,,,,,
2026-09-11T01:42:53.252268+00:00,2026-09-11T06:42:53.252268+05:00,,,,1,,,,,
2026-09-11T01:43:53.315422+00:00,2026-09-11T06:43:53.315422+05:00,,,,1,,,,,
2026-09-11T01:44:53.088815+00:00,2026-09-11T06:44:53.088815+05:00,,,,1,,,,,
2026-09-11T01:45:53.708732+00:00,2026-09-11T06:45:53.708732+05:00,1,0,,1,13,0,213,12,1
2026-09-11T01:46:53.212085+00:00,2026-09-11T06:46:53.212085+05:00,,,,1,,,,,
2026-09-11T01:47:53.086703+00:00,2026-09-11T06:47:53.086703+05:00,,,,1,,,,,
2026-09-11T01:48:53.510408+00:00,2026-09-11T06:48:53.510408+05:00,,,,1,,,,,
2026-09-11T01:49:53.543152+00:00,2026-09-11T06:49:53.543152+05:00,1,0,55.4,1,,,,,
2026-09-11T01:50:53.497668+00:00,2026-09-11T06:50:53.497668+05:00,,,,1,14,0,213,13,1
2026-09-11T01:51:53.394197+00:00,2026-09-11T06:51:53.394197+05:00,,,,1,,,,,
2026-09-11T01:52:53.430884+00:00,2026-09-11T06:52:53.430884+05:00,,,,1,,,,,
2026-09-11T01:53:53.267444+00:00,2026-09-11T06:53:53.267444+05:00,1,0,,1,,,,,
2026-09-11T01:54:53.477648+00:00,2026-09-11T06:54:53.477648+05:00,,,,1,,,,,
2026-09-11T01:55:53.702030+00:00,2026-09-11T06:55:53.702030+05:00,,,,1,14,0,213,17,1
2026-09-11T01:56:53.397608+00:00,2026-09-11T06:56:53.397608+05:00,,,,1,,,,,
2026-09-11T01:57:53.393006+00:00,2026-09-11T06:57:53.393006+05:00,1,0,,1,,,,,
2026-09-11T01:58:53.240243+00:00,2026-09-11T06:58:53.240243+05:00,,,,1,,,,,
2026-09-11T01:59:53.472724+00:00,2026-09-11T06:59:53.472724+05:00,,,,1,,,,,
2026-09-11T02:00:53.629609+00:00,2026-09-11T07:00:53.629609+05:00,,,,1,15,0,213,19,1
2026-09-11T02:01:56.300468+00:00,2026-09-11T07:01:56.300468+05:00,2,0,,2,,,,,
2026-09-11T02:02:53.407749+00:00,2026-09-11T07:02:53.407749+05:00,,,,2,,,,,
2026-09-11T02:03:53.419359+00:00,2026-09-11T07:03:53.419359+05:00,,,,2,,,,,
2026-09-11T02:04:53.208814+00:00,2026-09-11T07:04:53.208814+05:00,,,,2,,,,,
2026-09-11T02:05:53.410235+00:00,2026-09-11T07:05:53.410235+05:00,2,0,,2,15,0,213,22,1
2026-09-11T02:06:53.398725+00:00,2026-09-11T07:06:53.398725+05:00,,,,2,,,,,
2026-09-11T02:07:53.441556+00:00,2026-09-11T07:07:53.441556+05:00,,,,2,,,,,
2026-09-11T02:08:53.429899+00:00,2026-09-11T07:08:53.429899+05:00,,,,2,,,,,
2026-09-11T02:09:53.478436+00:00,2026-09-11T07:09:53.478436+05:00,3,0,,2,,,,,
2026-09-11T02:10:53.589050+00:00,2026-09-11T07:10:53.589050+05:00,,,,2,17,1,213,23,1
2026-09-11T02:11:53.419093+00:00,2026-09-11T07:11:53.419093+05:00,,,,2,,,,,
2026-09-11T02:12:53.429323+00:00,2026-09-11T07:12:53.429323+05:00,,,,2,,,,,
2026-09-11T02:13:53.894776+00:00,2026-09-11T07:13:53.894776+05:00,3,0,,3,,,,,
2026-09-11T02:14:53.411000+00:00,2026-09-11T07:14:53.411000+05:00,,,,3,,,,,
2026-09-11T02:15:53.593789+00:00,2026-09-11T07:15:53.593789+05:00,,,,3,18,1,213,24,1
2026-09-11T02:16:53.569493+00:00,2026-09-11T07:16:53.569493+05:00,,,,3,,,,,
2026-09-11T02:17:56.493239+00:00,2026-09-11T07:17:56.493239+05:00,4,0,,3,,,,,
2026-09-11T02:18:53.417242+00:00,2026-09-11T07:18:53.417242+05:00,,,,3,,,,,
2026-09-11T02:19:53.566938+00:00,2026-09-11T07:19:53.566938+05:00,,,,3,,,,,
2026-09-11T02:20:53.808250+00:00,2026-09-11T07:20:53.808250+05:00,,,,3,22,1,213,27,1
2026-09-11T02:21:53.415683+00:00,2026-09-11T07:21:53.415683+05:00,4,0,100.2,3,,,,,
2026-09-11T02:22:53.407208+00:00,2026-09-11T07:22:53.407208+05:00,,,,3,,,,,
2026-09-11T02:23:53.434198+00:00,2026-09-11T07:23:53.434198+05:00,,,,4,,,,,
2026-09-11T02:24:53.479657+00:00,2026-09-11T07:24:53.479657+05:00,,,,4,,,,,
2026-09-11T02:25:53.480337+00:00,2026-09-11T07:25:53.480337+05:00,5,0,102.6,4,28,0,213,28,1
2026-09-11T02:26:53.440494+00:00,2026-09-11T07:26:53.440494+05:00,,,,4,,,,,
2026-09-11T02:27:53.406330+00:00,2026-09-11T07:27:53.406330+05:00,,,,4,,,,,
2026-09-11T02:28:53.402356+00:00,2026-09-11T07:28:53.402356+05:00,,,,4,,,,,
2026-09-11T02:29:56.640021+00:00,2026-09-11T07:29:56.640021+05:00,6,0,105.2,4,,,,,
2026-09-11T02:30:53.474146+00:00,2026-09-11T07:30:53.474146+05:00,,,,4,30,0,212,33,1
2026-09-11T02:31:53.241933+00:00,2026-09-11T07:31:53.241933+05:00,,,,5,,,,,
2026-09-11T02:32:53.443137+00:00,2026-09-11T07:32:53.443137+05:00,,,,5,,,,,
2026-09-11T02:33:53.559620+00:00,2026-09-11T07:33:53.559620+05:00,6,0,108.6,5,,,,,
2026-09-11T02:34:53.393709+00:00,2026-09-11T07:34:53.393709+05:00,,,,5,,,,,
2026-09-11T02:35:53.637299+00:00,2026-09-11T07:35:53.637299+05:00,,,,5,32,0,212,37,1
2026-09-11T02:36:53.417147+00:00,2026-09-11T07:36:53.417147+05:00,,,,5,,,,,
2026-09-11T02:37:56.487447+00:00,2026-09-11T07:37:56.487447+05:00,6,0,114.6,5,,,,,
2026-09-11T02:38:53.089785+00:00,2026-09-11T07:38:53.089785+05:00,,,,5,,,,,
2026-09-11T02:39:53.219070+00:00,2026-09-11T07:39:53.219070+05:00,,,,5,,,,,
2026-09-11T02:40:53.610293+00:00,2026-09-11T07:40:53.610293+05:00,,,,5,35,0,212,40,1
2026-09-11T02:41:53.568920+00:00,2026-09-11T07:41:53.568920+05:00,7,0,124.3,6,,,,,
2026-09-11T02:42:53.135280+00:00,2026-09-11T07:42:53.135280+05:00,,,,6,,,,,
2026-09-11T02:43:53.409131+00:00,2026-09-11T07:43:53.409131+05:00,,,,6,,,,,
2026-09-11T02:44:53.090934+00:00,2026-09-11T07:44:53.090934+05:00,,,,6,,,,,
2026-09-11T02:45:53.757922+00:00,2026-09-11T07:45:53.757922+05:00,7,0,125.9,6,39,0,212,41,2
2026-09-11T02:46:53.388558+00:00,2026-09-11T07:46:53.388558+05:00,,,,6,,,,,
2026-09-11T02:47:53.448956+00:00,2026-09-11T07:47:53.448956+05:00,,,,6,,,,,
2026-09-11T02:48:53.425914+00:00,2026-09-11T07:48:53.425914+05:00,,,,6,,,,,
2026-09-11T02:49:53.265294+00:00,2026-09-11T07:49:53.265294+05:00,7,0,128.6,6,,,,,
2026-09-11T02:50:53.638880+00:00,2026-09-11T07:50:53.638880+05:00,,,,6,45,0,214,43,2
2026-09-11T02:51:53.215318+00:00,2026-09-11T07:51:53.215318+05:00,,,,6,,,,,
2026-09-11T02:52:53.443428+00:00,2026-09-11T07:52:53.443428+05:00,,,,6,,,,,
2026-09-11T02:53:56.715685+00:00,2026-09-11T07:53:56.715685+05:00,7,0,135.4,6,,,,,
2026-09-11T02:54:53.420960+00:00,2026-09-11T07:54:53.420960+05:00,,,,6,,,,,
2026-09-11T02:55:53.578612+00:00,2026-09-11T07:55:53.578612+05:00,,,,6,49,0,214,48,2
2026-09-11T02:56:53.221316+00:00,2026-09-11T07:56:53.221316+05:00,,,,6,,,,,
2026-09-11T02:57:53.264274+00:00,2026-09-11T07:57:53.264274+05:00,7,0,131.9,6,,,,,
2026-09-11T02:58:53.223896+00:00,2026-09-11T07:58:53.223896+05:00,,,,6,,,,,
2026-09-11T02:59:53.519034+00:00,2026-09-11T07:59:53.519034+05:00,,,,6,,,,,
2026-09-11T03:00:53.407794+00:00,2026-09-11T08:00:53.407794+05:00,,,,6,51,0,214,50,2
2026-09-11T03:01:53.694439+00:00,2026-09-11T08:01:53.694439+05:00,7,0,130.7,6,,,,,
2026-09-11T03:02:53.418280+00:00,2026-09-11T08:02:53.418280+05:00,,,,6,,,,,
2026-09-11T03:03:53.563154+00:00,2026-09-11T08:03:53.563154+05:00,,,,6,,,,,
2026-09-11T03:04:53.343263+00:00,2026-09-11T08:04:53.343263+05:00,,,,6,,,,,
2026-09-11T03:05:53.599076+00:00,2026-09-11T08:05:53.599076+05:00,7,0,138.9,6,50,3,214,49,2
2026-09-11T03:06:53.224687+00:00,2026-09-11T08:06:53.224687+05:00,,,,6,,,,,
2026-09-11T03:07:53.420678+00:00,2026-09-11T08:07:53.420678+05:00,,,,6,,,,,
2026-09-11T03:08:53.090774+00:00,2026-09-11T08:08:53.090774+05:00,,,,6,,,,,
2026-09-11T03:09:56.580519+00:00,2026-09-11T08:09:56.580519+05:00,7,0,134.2,6,,,,,
2026-09-11T03:10:53.453333+00:00,2026-09-11T08:10:53.453333+05:00,,,,6,58,3,214,54,2
2026-09-11T03:11:53.082648+00:00,2026-09-11T08:11:53.082648+05:00,,,,6,,,,,
2026-09-11T03:12:53.091014+00:00,2026-09-11T08:12:53.091014+05:00,,,,6,,,,,
2026-09-11T03:13:53.256875+00:00,2026-09-11T08:13:53.256875+05:00,7,0,136.4,6,,,,,
2026-09-11T03:14:53.225062+00:00,2026-09-11T08:14:53.225062+05:00,,,,6,,,,,
2026-09-11T03:15:53.415640+00:00,2026-09-11T08:15:53.415640+05:00,,,,6,62,3,214,57,2
2026-09-11T03:16:53.431436+00:00,2026-09-11T08:16:53.431436+05:00,,,,6,,,,,
2026-09-11T03:17:53.394947+00:00,2026-09-11T08:17:53.394947+05:00,7,0,134.7,6,,,,,
2026-09-11T03:18:53.444771+00:00,2026-09-11T08:18:53.444771+05:00,,,,6,,,,,
2026-09-11T03:19:53.433243+00:00,2026-09-11T08:19:53.433243+05:00,,,,6,,,,,
2026-09-11T03:20:53.632764+00:00,2026-09-11T08:20:53.632764+05:00,,,,6,66,3,214,60,2
2026-09-11T03:21:53.477325+00:00,2026-09-11T08:21:53.477325+05:00,7,0,135.2,6,,,,,
2026-09-11T03:22:53.309418+00:00,2026-09-11T08:22:53.309418+05:00,,,,6,,,,,
2026-09-11T03:23:53.081210+00:00,2026-09-11T08:23:53.081210+05:00,,,,6,,,,,
2026-09-11T03:24:53.446264+00:00,2026-09-11T08:24:53.446264+05:00,,,,6,,,,,
2026-09-11T03:25:53.543898+00:00,2026-09-11T08:25:53.543898+05:00,7,0,136.5,6,69,4,214,61,2
2026-09-11T03:26:53.420137+00:00,2026-09-11T08:26:53.420137+05:00,,,,6,,,,,
2026-09-11T03:27:53.415094+00:00,2026-09-11T08:27:53.415094+05:00,,,,6,,,,,
2026-09-11T03:28:53.447811+00:00,2026-09-11T08:28:53.447811+05:00,,,,6,,,,,
2026-09-11T03:29:53.277937+00:00,2026-09-11T08:29:53.277937+05:00,7,0,135.9,6,,,,,
2026-09-11T03:30:53.748159+00:00,2026-09-11T08:30:53.748159+05:00,,,,6,70,6,214,60,2
2026-09-11T03:31:53.079594+00:00,2026-09-11T08:31:53.079594+05:00,,,,6,,,,,
2026-09-11T03:32:53.223182+00:00,2026-09-11T08:32:53.223182+05:00,,,,6,,,,,
2026-09-11T03:33:53.424472+00:00,2026-09-11T08:33:53.424472+05:00,7,0,135.3,6,,,,,
2026-09-11T03:34:53.414041+00:00,2026-09-11T08:34:53.414041+05:00,,,,6,,,,,
2026-09-11T03:35:53.530726+00:00,2026-09-11T08:35:53.530726+05:00,,,,6,73,6,214,63,2
2026-09-11T03:36:53.087286+00:00,2026-09-11T08:36:53.087286+05:00,,,,6,,,,,
2026-09-11T03:37:53.400265+00:00,2026-09-11T08:37:53.400265+05:00,7,0,136.5,6,,,,,
2026-09-11T03:38:53.103522+00:00,2026-09-11T08:38:53.103522+05:00,,,,6,,,,,
2026-09-11T03:39:53.435297+00:00,2026-09-11T08:39:53.435297+05:00,,,,6,,,,,
2026-09-11T03:40:53.671680+00:00,2026-09-11T08:40:53.671680+05:00,,,,6,73,7,214,65,2
2026-09-11T03:41:53.411394+00:00,2026-09-11T08:41:53.411394+05:00,7,0,130.7,6,,,,,
2026-09-11T03:42:53.224686+00:00,2026-09-11T08:42:53.224686+05:00,,,,6,,,,,
2026-09-11T03:43:53.435249+00:00,2026-09-11T08:43:53.435249+05:00,,,,6,,,,,
2026-09-11T03:44:53.448568+00:00,2026-09-11T08:44:53.448568+05:00,,,,6,,,,,
2026-09-11T03:45:53.689468+00:00,2026-09-11T08:45:53.689468+05:00,7,0,132.4,6,74,6,214,66,2
2026-09-11T03:46:53.424277+00:00,2026-09-11T08:46:53.424277+05:00,,,,6,,,,,
2026-09-11T03:47:53.235362+00:00,2026-09-11T08:47:53.235362+05:00,,,,6,,,,,
2026-09-11T03:48:53.462740+00:00,2026-09-11T08:48:53.462740+05:00,,,,6,,,,,
2026-09-11T03:49:53.401581+00:00,2026-09-11T08:49:53.401581+05:00,7,0,132.4,6,,,,,
2026-09-11T03:50:53.676258+00:00,2026-09-11T08:50:53.676258+05:00,,,,6,70,6,214,67,2
2026-09-11T03:51:53.199596+00:00,2026-09-11T08:51:53.199596+05:00,,,,6,,,,,
2026-09-11T03:52:53.481873+00:00,2026-09-11T08:52:53.481873+05:00,,,,6,,,,,
2026-09-11T03:53:53.289181+00:00,2026-09-11T08:53:53.289181+05:00,7,0,125.6,6,,,,,
2026-09-11T03:54:53.256733+00:00,2026-09-11T08:54:53.256733+05:00,,,,6,,,,,
2026-09-11T03:55:53.632332+00:00,2026-09-11T08:55:53.632332+05:00,,,,6,68,6,215,70,3
2026-09-11T03:56:53.415579+00:00,2026-09-11T08:56:53.415579+05:00,,,,6,,,,,
2026-09-11T03:57:53.396868+00:00,2026-09-11T08:57:53.396868+05:00,7,0,132.3,6,,,,,
2026-09-11T03:58:53.563159+00:00,2026-09-11T08:58:53.563159+05:00,,,,6,,,,,
2026-09-11T03:59:53.468598+00:00,2026-09-11T08:59:53.468598+05:00,,,,6,,,,,
2026-09-11T04:00:53.659816+00:00,2026-09-11T09:00:53.659816+05:00,,,,6,69,6,215,69,3
2026-09-11T04:01:53.431106+00:00,2026-09-11T09:01:53.431106+05:00,7,0,128.7,6,,,,,
2026-09-11T04:02:53.422263+00:00,2026-09-11T09:02:53.422263+05:00,,,,6,,,,,
2026-09-11T04:03:53.463395+00:00,2026-09-11T09:03:53.463395+05:00,,,,6,,,,,
2026-09-11T04:04:53.228535+00:00,2026-09-11T09:04:53.228535+05:00,,,,6,,,,,
2026-09-11T04:05:56.956509+00:00,2026-09-11T09:05:56.956509+05:00,7,0,121.5,6,70,6,215,70,3
2026-09-11T04:06:53.213919+00:00,2026-09-11T09:06:53.213919+05:00,,,,6,,,,,
2026-09-11T04:07:53.218694+00:00,2026-09-11T09:07:53.218694+05:00,,,,6,,,,,
2026-09-11T04:08:53.088126+00:00,2026-09-11T09:08:53.088126+05:00,,,,6,,,,,
2026-09-11T04:09:53.420562+00:00,2026-09-11T09:09:53.420562+05:00,7,0,126.8,6,,,,,
2026-09-11T04:10:53.667067+00:00,2026-09-11T09:10:53.667067+05:00,,,,5,72,7,215,72,2
2026-09-11T04:11:53.083050+00:00,2026-09-11T09:11:53.083050+05:00,,,,5,,,,,
2026-09-11T04:12:53.460313+00:00,2026-09-11T09:12:53.460313+05:00,,,,5,,,,,
2026-09-11T04:13:53.421647+00:00,2026-09-11T09:13:53.421647+05:00,6,0,118.9,5,,,,,
2026-09-11T04:14:53.437881+00:00,2026-09-11T09:14:53.437881+05:00,,,,5,,,,,
2026-09-11T04:16:21.051450+00:00,2026-09-11T09:16:21.051450+05:00,6,0,120.7,5,69,7,215,69,2
2026-09-11T04:17:20.272078+00:00,2026-09-11T09:17:20.272078+05:00,,,,5,,,,,
2026-09-11T04:18:20.482517+00:00,2026-09-11T09:18:20.482517+05:00,,,,5,,,,,
2026-09-11T04:19:20.140660+00:00,2026-09-11T09:19:20.140660+05:00,,,,5,,,,,
2026-09-11T04:20:23.563483+00:00,2026-09-11T09:20:23.563483+05:00,6,0,120.8,5,,,,,
2026-09-11T04:21:20.819747+00:00,2026-09-11T09:21:20.819747+05:00,,,,5,66,7,215,69,2
2026-09-11T04:22:20.558989+00:00,2026-09-11T09:22:20.558989+05:00,,,,5,,,,,
2026-09-11T04:23:20.494312+00:00,2026-09-11T09:23:20.494312+05:00,,,,5,,,,,
2026-09-11T04:24:20.580431+00:00,2026-09-11T09:24:20.580431+05:00,6,0,120.6,5,,,,,
2026-09-11T04:25:20.160091+00:00,2026-09-11T09:25:20.160091+05:00,,,,5,,,,,
2026-09-11T04:26:20.541661+00:00,2026-09-11T09:26:20.541661+05:00,,,,5,66,7,215,71,2
2026-09-11T04:27:20.164722+00:00,2026-09-11T09:27:20.164722+05:00,,,,5,,,,,
2026-09-11T04:28:20.644615+00:00,2026-09-11T09:28:20.644615+05:00,5,0,119.9,5,,,,,
2026-09-11T04:29:20.484757+00:00,2026-09-11T09:29:20.484757+05:00,,,,5,,,,,
2026-09-11T04:30:20.461465+00:00,2026-09-11T09:30:20.461465+05:00,,,,5,,,,,
2026-09-11T04:31:20.762796+00:00,2026-09-11T09:31:20.762796+05:00,,,,5,69,7,215,70,2
2026-09-11T04:32:20.556606+00:00,2026-09-11T09:32:20.556606+05:00,5,0,117.7,5,,,,,
2026-09-11T04:33:20.543650+00:00,2026-09-11T09:33:20.543650+05:00,,,,5,,,,,
2026-09-11T04:34:20.497734+00:00,2026-09-11T09:34:20.497734+05:00,,,,5,,,,,
2026-09-11T04:35:20.322021+00:00,2026-09-11T09:35:20.322021+05:00,,,,5,,,,,
2026-09-11T04:36:20.582178+00:00,2026-09-11T09:36:20.582178+05:00,5,0,113.5,5,70,7,215,72,2
2026-09-11T04:37:20.541589+00:00,2026-09-11T09:37:20.541589+05:00,,,,5,,,,,
2026-09-11T04:38:20.461197+00:00,2026-09-11T09:38:20.461197+05:00,,,,5,,,,,
2026-09-11T04:39:20.136087+00:00,2026-09-11T09:39:20.136087+05:00,,,,5,,,,,
2026-09-11T04:40:20.559343+00:00,2026-09-11T09:40:20.559343+05:00,5,0,114.1,5,,,,,
2026-09-11T04:41:20.741326+00:00,2026-09-11T09:41:20.741326+05:00,,,,5,67,10,215,68,2
2026-09-11T04:42:20.504709+00:00,2026-09-11T09:42:20.504709+05:00,,,,5,,,,,
2026-09-11T04:43:20.270454+00:00,2026-09-11T09:43:20.270454+05:00,,,,5,,,,,
2026-09-11T04:44:20.670178+00:00,2026-09-11T09:44:20.670178+05:00,5,0,116.7,5,,,,,
2026-09-11T04:45:20.490828+00:00,2026-09-11T09:45:20.490828+05:00,,,,5,,,,,
2026-09-11T04:46:20.781856+00:00,2026-09-11T09:46:20.781856+05:00,,,,5,70,10,216,66,1
2026-09-11T04:47:20.545268+00:00,2026-09-11T09:47:20.545268+05:00,,,,5,,,,,
2026-09-11T04:48:21.024129+00:00,2026-09-11T09:48:21.024129+05:00,5,0,113.7,5,,,,,
2026-09-11T04:49:20.129253+00:00,2026-09-11T09:49:20.129253+05:00,,,,5,,,,,
2026-09-11T04:50:20.630235+00:00,2026-09-11T09:50:20.630235+05:00,,,,5,,,,,
2026-09-11T04:51:20.744986+00:00,2026-09-11T09:51:20.744986+05:00,,,,5,69,10,216,66,0
2026-09-11T04:52:20.458794+00:00,2026-09-11T09:52:20.458794+05:00,5,0,109.5,5,,,,,
2026-09-11T04:53:20.511463+00:00,2026-09-11T09:53:20.511463+05:00,,,,5,,,,,
2026-09-11T04:54:20.317749+00:00,2026-09-11T09:54:20.317749+05:00,,,,5,,,,,
2026-09-11T04:55:20.536583+00:00,2026-09-11T09:55:20.536583+05:00,,,,5,,,,,
2026-09-11T04:56:20.755105+00:00,2026-09-11T09:56:20.755105+05:00,5,0,111.8,5,73,11,216,65,0
2026-09-11T04:57:20.493372+00:00,2026-09-11T09:57:20.493372+05:00,,,,4,,,,,
2026-09-11T04:58:20.320672+00:00,2026-09-11T09:58:20.320672+05:00,,,,4,,,,,
2026-09-11T04:59:20.327609+00:00,2026-09-11T09:59:20.327609+05:00,,,,4,,,,,
2026-09-11T05:00:20.499987+00:00,2026-09-11T10:00:20.499987+05:00,5,0,110.0,5,,,,,
2026-09-11T05:01:20.714301+00:00,2026-09-11T10:01:20.714301+05:00,,,,5,75,12,216,65,0
2026-09-11T05:02:20.500954+00:00,2026-09-11T10:02:20.500954+05:00,,,,5,,,,,
2026-09-11T05:03:20.164061+00:00,2026-09-11T10:03:20.164061+05:00,,,,5,,,,,
2026-09-11T05:04:24.127582+00:00,2026-09-11T10:04:24.127582+05:00,5,0,109.8,4,,,,,
2026-09-11T05:05:20.484408+00:00,2026-09-11T10:05:20.484408+05:00,,,,4,,,,,
2026-09-11T05:06:20.732704+00:00,2026-09-11T10:06:20.732704+05:00,,,,4,72,12,216,63,0
2026-09-11T05:07:20.549643+00:00,2026-09-11T10:07:20.549643+05:00,,,,4,,,,,
2026-09-11T05:08:20.530343+00:00,2026-09-11T10:08:20.530343+05:00,5,0,106.1,4,,,,,
2026-09-11T05:09:20.506792+00:00,2026-09-11T10:09:20.506792+05:00,,,,4,,,,,
2026-09-11T05:10:20.481338+00:00,2026-09-11T10:10:20.481338+05:00,,,,4,,,,,
2026-09-11T05:11:20.565957+00:00,2026-09-11T10:11:20.565957+05:00,,,,4,70,12,216,63,0
2026-09-11T05:12:20.559148+00:00,2026-09-11T10:12:20.559148+05:00,5,0,109.4,4,,,,,
2026-09-11T05:13:20.663786+00:00,2026-09-11T10:13:20.663786+05:00,,,,4,,,,,
2026-09-11T05:14:20.510996+00:00,2026-09-11T10:14:20.510996+05:00,,,,4,,,,,
2026-09-11T05:15:20.156691+00:00,2026-09-11T10:15:20.156691+05:00,,,,4,,,,,
2026-09-11T05:16:20.810412+00:00,2026-09-11T10:16:20.810412+05:00,5,0,105.5,4,72,13,216,63,0
2026-09-11T05:17:20.525864+00:00,2026-09-11T10:17:20.525864+05:00,,,,4,,,,,
2026-09-11T05:18:20.588088+00:00,2026-09-11T10:18:20.588088+05:00,,,,4,,,,,
2026-09-11T05:19:20.499557+00:00,2026-09-11T10:19:20.499557+05:00,,,,4,,,,,
2026-09-11T05:20:20.748756+00:00,2026-09-11T10:20:20.748756+05:00,4,0,103.2,4,,,,,
2026-09-11T05:21:20.795583+00:00,2026-09-11T10:21:20.795583+05:00,,,,4,76,14,216,61,0
2026-09-11T05:22:20.485487+00:00,2026-09-11T10:22:20.485487+05:00,,,,4,,,,,
2026-09-11T05:23:20.512253+00:00,2026-09-11T10:23:20.512253+05:00,,,,4,,,,,
2026-09-11T05:24:20.489901+00:00,2026-09-11T10:24:20.489901+05:00,4,0,101.8,4,,,,,
2026-09-11T05:25:20.288763+00:00,2026-09-11T10:25:20.288763+05:00,,,,4,,,,,
2026-09-11T05:26:20.961823+00:00,2026-09-11T10:26:20.961823+05:00,,,,4,76,14,216,55,0
2026-09-11T05:27:20.475392+00:00,2026-09-11T10:27:20.475392+05:00,,,,4,,,,,
2026-09-11T05:28:20.546376+00:00,2026-09-11T10:28:20.546376+05:00,4,0,97.2,4,,,,,
2026-09-11T05:29:20.267176+00:00,2026-09-11T10:29:20.267176+05:00,,,,4,,,,,
2026-09-11T05:30:20.508315+00:00,2026-09-11T10:30:20.508315+05:00,,,,4,,,,,
2026-09-11T05:31:20.791311+00:00,2026-09-11T10:31:20.791311+05:00,,,,4,72,15,220,53,0
2026-09-11T05:32:20.469781+00:00,2026-09-11T10:32:20.469781+05:00,4,0,99.7,4,,,,,
2026-09-11T05:33:20.325050+00:00,2026-09-11T10:33:20.325050+05:00,,,,4,,,,,
2026-09-11T05:34:20.745201+00:00,2026-09-11T10:34:20.745201+05:00,,,,4,,,,,
2026-09-11T05:35:20.547953+00:00,2026-09-11T10:35:20.547953+05:00,,,,4,,,,,
2026-09-11T05:36:20.804308+00:00,2026-09-11T10:36:20.804308+05:00,4,0,104.9,4,73,15,220,49,0
2026-09-11T05:37:20.510550+00:00,2026-09-11T10:37:20.510550+05:00,,,,4,,,,,
2026-09-11T05:38:20.496363+00:00,2026-09-11T10:38:20.496363+05:00,,,,4,,,,,
2026-09-11T05:39:20.137186+00:00,2026-09-11T10:39:20.137186+05:00,,,,4,,,,,
2026-09-11T05:40:20.377452+00:00,2026-09-11T10:40:20.377452+05:00,4,0,107.9,4,,,,,
2026-09-11T05:41:20.745769+00:00,2026-09-11T10:41:20.745769+05:00,,,,4,72,15,220,51,0
2026-09-11T05:42:20.669668+00:00,2026-09-11T10:42:20.669668+05:00,,,,4,,,,,
2026-09-11T05:43:20.534176+00:00,2026-09-11T10:43:20.534176+05:00,,,,4,,,,,
2026-09-11T05:44:20.534658+00:00,2026-09-11T10:44:20.534658+05:00,4,0,108.7,4,,,,,
2026-09-11T05:45:20.518085+00:00,2026-09-11T10:45:20.518085+05:00,,,,4,,,,,
2026-09-11T05:46:20.640164+00:00,2026-09-11T10:46:20.640164+05:00,,,,4,74,16,220,54,0
2026-09-11T05:47:20.532338+00:00,2026-09-11T10:47:20.532338+05:00,,,,4,,,,,
2026-09-11T05:48:20.555724+00:00,2026-09-11T10:48:20.555724+05:00,5,0,103.2,4,,,,,
2026-09-11T05:49:20.593787+00:00,2026-09-11T10:49:20.593787+05:00,,,,4,,,,,
2026-09-11T05:50:20.436468+00:00,2026-09-11T10:50:20.436468+05:00,,,,4,,,,,
2026-09-11T05:51:20.744795+00:00,2026-09-11T10:51:20.744795+05:00,,,,4,82,17,220,48,0
2026-09-11T05:52:20.536927+00:00,2026-09-11T10:52:20.536927+05:00,4,0,104.2,4,,,,,
2026-09-11T05:53:20.554416+00:00,2026-09-11T10:53:20.554416+05:00,,,,4,,,,,
2026-09-11T05:54:20.565450+00:00,2026-09-11T10:54:20.565450+05:00,,,,4,,,,,
2026-09-11T05:55:20.284572+00:00,2026-09-11T10:55:20.284572+05:00,,,,4,,,,,
2026-09-11T05:56:20.726245+00:00,2026-09-11T10:56:20.726245+05:00,4,0,100.8,4,81,18,222,46,0
2026-09-11T05:57:20.496404+00:00,2026-09-11T10:57:20.496404+05:00,,,,4,,,,,
2026-09-11T05:58:20.464627+00:00,2026-09-11T10:58:20.464627+05:00,,,,4,,,,,
2026-09-11T05:59:20.464823+00:00,2026-09-11T10:59:20.464823+05:00,,,,4,,,,,
2026-09-11T06:00:20.578743+00:00,2026-09-11T11:00:20.578743+05:00,4,0,,4,,,,,
2026-09-11T06:01:20.782715+00:00,2026-09-11T11:01:20.782715+05:00,,,,4,82,19,223,42,3
2026-09-11T06:02:20.624515+00:00,2026-09-11T11:02:20.624515+05:00,,,,4,,,,,
2026-09-11T06:03:20.146735+00:00,2026-09-11T11:03:20.146735+05:00,,,,4,,,,,
2026-09-11T06:04:23.672263+00:00,2026-09-11T11:04:23.672263+05:00,4,0,102.2,4,,,,,
2026-09-11T06:05:20.531445+00:00,2026-09-11T11:05:20.531445+05:00,,,,4,,,,,
2026-09-11T06:06:20.757529+00:00,2026-09-11T11:06:20.757529+05:00,,,,4,82,16,223,40,3
2026-09-11T06:07:20.493300+00:00,2026-09-11T11:07:20.493300+05:00,,,,4,,,,,
2026-09-11T06:08:20.592441+00:00,2026-09-11T11:08:20.592441+05:00,4,0,102.4,4,,,,,
2026-09-11T06:09:20.311951+00:00,2026-09-11T11:09:20.311951+05:00,,,,4,,,,,
2026-09-11T06:10:20.342584+00:00,2026-09-11T11:10:20.342584+05:00,,,,4,,,,,
2026-09-11T06:11:20.692500+00:00,2026-09-11T11:11:20.692500+05:00,,,,4,84,18,223,39,3
2026-09-11T06:12:20.472935+00:00,2026-09-11T11:12:20.472935+05:00,4,0,,4,,,,,
2026-09-11T06:13:20.543298+00:00,2026-09-11T11:13:20.543298+05:00,,,,4,,,,,
2026-09-11T06:14:20.277946+00:00,2026-09-11T11:14:20.277946+05:00,,,,4,,,,,
2026-09-11T06:15:20.269419+00:00,2026-09-11T11:15:20.269419+05:00,,,,4,,,,,
2026-09-11T06:16:20.731701+00:00,2026-09-11T11:16:20.731701+05:00,4,0,,4,88,17,225,38,3
2026-09-11T06:17:20.498442+00:00,2026-09-11T11:17:20.498442+05:00,,,,4,,,,,
2026-09-11T06:18:20.275209+00:00,2026-09-11T11:18:20.275209+05:00,,,,4,,,,,
2026-09-11T06:19:20.564946+00:00,2026-09-11T11:19:20.564946+05:00,,,,4,,,,,
2026-09-11T06:20:20.546998+00:00,2026-09-11T11:20:20.546998+05:00,4,0,101.4,4,,,,,
2026-09-11T06:21:20.794646+00:00,2026-09-11T11:21:20.794646+05:00,,,,4,92,18,225,38,2
2026-09-11T06:22:20.465457+00:00,2026-09-11T11:22:20.465457+05:00,,,,4,,,,,
2026-09-11T06:23:20.551409+00:00,2026-09-11T11:23:20.551409+05:00,,,,4,,,,,
2026-09-11T06:24:20.759225+00:00,2026-09-11T11:24:20.759225+05:00,4,0,101.9,4,,,,,
2026-09-11T06:25:20.516247+00:00,2026-09-11T11:25:20.516247+05:00,,,,4,,,,,
2026-09-11T06:26:20.800548+00:00,2026-09-11T11:26:20.800548+05:00,,,,4,96,18,221,39,3
2026-09-11T06:27:20.459943+00:00,2026-09-11T11:27:20.459943+05:00,,,,4,,,,,
2026-09-11T06:28:20.589510+00:00,2026-09-11T11:28:20.589510+05:00,5,0,104.9,4,,,,,
2026-09-11T06:29:20.556491+00:00,2026-09-11T11:29:20.556491+05:00,,,,4,,,,,
2026-09-11T06:30:20.183934+00:00,2026-09-11T11:30:20.183934+05:00,,,,4,,,,,
2026-09-11T06:31:20.807255+00:00,2026-09-11T11:31:20.807255+05:00,,,,4,93,17,221,39,3
2026-09-11T06:32:21.027323+00:00,2026-09-11T11:32:21.027323+05:00,5,0,,4,,,,,
2026-09-11T06:33:20.306281+00:00,2026-09-11T11:33:20.306281+05:00,,,,4,,,,,
2026-09-11T06:34:20.285715+00:00,2026-09-11T11:34:20.285715+05:00,,,,4,,,,,
2026-09-11T06:35:20.536267+00:00,2026-09-11T11:35:20.536267+05:00,,,,4,,,,,
2026-09-11T06:36:20.732275+00:00,2026-09-11T11:36:20.732275+05:00,5,0,,4,97,17,219,39,4
2026-09-11T06:37:20.506402+00:00,2026-09-11T11:37:20.506402+05:00,,,,4,,,,,
2026-09-11T06:38:20.515736+00:00,2026-09-11T11:38:20.515736+05:00,,,,4,,,,,
2026-09-11T06:39:20.513364+00:00,2026-09-11T11:39:20.513364+05:00,,,,4,,,,,
2026-09-11T06:40:20.566876+00:00,2026-09-11T11:40:20.566876+05:00,5,0,,4,,,,,
2026-09-11T06:41:20.837653+00:00,2026-09-11T11:41:20.837653+05:00,,,,4,101,16,219,39,4
2026-09-11T06:42:20.518779+00:00,2026-09-11T11:42:20.518779+05:00,,,,4,,,,,
2026-09-11T06:43:20.610332+00:00,2026-09-11T11:43:20.610332+05:00,,,,4,,,,,
2026-09-11T06:44:20.485584+00:00,2026-09-11T11:44:20.485584+05:00,5,0,,4,,,,,
2026-09-11T06:45:20.504944+00:00,2026-09-11T11:45:20.504944+05:00,,,,4,,,,,
2026-09-11T06:46:20.713193+00:00,2026-09-11T11:46:20.713193+05:00,,,,4,102,17,218,39,4
2026-09-11T06:47:20.571710+00:00,2026-09-11T11:47:20.571710+05:00,,,,4,,,,,
2026-09-11T06:48:20.612891+00:00,2026-09-11T11:48:20.612891+05:00,4,0,,4,,,,,
2026-09-11T06:49:20.535631+00:00,2026-09-11T11:49:20.535631+05:00,,,,4,,,,,
2026-09-11T06:50:20.548821+00:00,2026-09-11T11:50:20.548821+05:00,,,,4,,,,,
2026-09-11T06:51:20.751560+00:00,2026-09-11T11:51:20.751560+05:00,,,,4,103,17,218,39,4
2026-09-11T06:52:20.441608+00:00,2026-09-11T11:52:20.441608+05:00,4,0,,4,,,,,
2026-09-11T06:53:20.485910+00:00,2026-09-11T11:53:20.485910+05:00,,,,4,,,,,
2026-09-11T06:54:20.340713+00:00,2026-09-11T11:54:20.340713+05:00,,,,4,,,,,
2026-09-11T06:55:20.523446+00:00,2026-09-11T11:55:20.523446+05:00,,,,4,,,,,
2026-09-11T06:56:20.742179+00:00,2026-09-11T11:56:20.742179+05:00,4,0,102.0,4,107,16,217,41,4
2026-09-11T06:57:20.533979+00:00,2026-09-11T11:57:20.533979+05:00,,,,4,,,,,
2026-09-11T06:58:20.163720+00:00,2026-09-11T11:58:20.163720+05:00,,,,4,,,,,
2026-09-11T06:59:20.497182+00:00,2026-09-11T11:59:20.497182+05:00,,,,4,,,,,
2026-09-11T07:00:20.519811+00:00,2026-09-11T12:00:20.519811+05:00,4,0,106.7,4,,,,,
2026-09-11T07:01:22.586121+00:00,2026-09-11T12:01:22.586121+05:00,,,,4,111,18,218,41,4
2026-09-11T07:02:20.592156+00:00,2026-09-11T12:02:20.592156+05:00,,,,4,,,,,
2026-09-11T07:03:20.484260+00:00,2026-09-11T12:03:20.484260+05:00,,,,4,,,,,
2026-09-11T07:04:20.542949+00:00,2026-09-11T12:04:20.542949+05:00,4,0,105.7,4,,,,,
2026-09-11T07:05:20.563979+00:00,2026-09-11T12:05:20.563979+05:00,,,,4,,,,,
2026-09-11T07:06:20.916143+00:00,2026-09-11T12:06:20.916143+05:00,,,,4,110,19,219,41,4
2026-09-11T07:07:20.609468+00:00,2026-09-11T12:07:20.609468+05:00,,,,4,,,,,
2026-09-11T07:08:20.387530+00:00,2026-09-11T12:08:20.387530+05:00,4,0,103.0,4,,,,,
2026-09-11T07:09:25.707670+00:00,2026-09-11T12:09:25.707670+05:00,,,,4,,,,,
2026-09-11T07:10:20.524925+00:00,2026-09-11T12:10:20.524925+05:00,,,,4,,,,,
2026-09-11T07:11:20.831216+00:00,2026-09-11T12:11:20.831216+05:00,,,,4,115,22,220,40,4
2026-09-11T07:12:20.592913+00:00,2026-09-11T12:12:20.592913+05:00,4,0,100.8,4,,,,,
2026-09-11T07:13:20.540454+00:00,2026-09-11T12:13:20.540454+05:00,,,,4,,,,,
2026-09-11T07:14:20.496804+00:00,2026-09-11T12:14:20.496804+05:00,,,,4,,,,,
2026-09-11T07:15:20.292924+00:00,2026-09-11T12:15:20.292924+05:00,,,,5,,,,,
2026-09-11T07:16:20.803647+00:00,2026-09-11T12:16:20.803647+05:00,4,0,100.4,5,113,27,220,40,4
2026-09-11T07:17:20.399100+00:00,2026-09-11T12:17:20.399100+05:00,,,,5,,,,,
2026-09-11T07:18:20.326035+00:00,2026-09-11T12:18:20.326035+05:00,,,,4,,,,,
2026-09-11T07:19:20.550066+00:00,2026-09-11T12:19:20.550066+05:00,,,,4,,,,,
2026-09-11T07:20:20.637657+00:00,2026-09-11T12:20:20.637657+05:00,5,0,107.7,4,,,,,
2026-09-11T07:21:20.771900+00:00,2026-09-11T12:21:20.771900+05:00,,,,4,112,27,220,39,4
2026-09-11T07:22:20.343624+00:00,2026-09-11T12:22:20.343624+05:00,,,,4,,,,,
2026-09-11T07:23:20.482528+00:00,2026-09-11T12:23:20.482528+05:00,,,,4,,,,,
2026-09-11T07:24:20.389837+00:00,2026-09-11T12:24:20.389837+05:00,5,0,104.9,4,,,,,
2026-09-11T07:25:20.513840+00:00,2026-09-11T12:25:20.513840+05:00,,,,5,,,,,
2026-09-11T07:26:20.776776+00:00,2026-09-11T12:26:20.776776+05:00,,,,5,112,29,220,41,4
2026-09-11T07:27:20.548559+00:00,2026-09-11T12:27:20.548559+05:00,,,,5,,,,,
2026-09-11T07:28:20.581388+00:00,2026-09-11T12:28:20.581388+05:00,5,0,107.1,5,,,,,
2026-09-11T07:29:20.525465+00:00,2026-09-11T12:29:20.525465+05:00,,,,5,,,,,
2026-09-11T07:30:20.505330+00:00,2026-09-11T12:30:20.505330+05:00,,,,5,,,,,
2026-09-11T07:31:20.755697+00:00,2026-09-11T12:31:20.755697+05:00,,,,5,114,31,220,42,4
2026-09-11T07:32:20.397980+00:00,2026-09-11T12:32:20.397980+05:00,5,0,106.1,5,,,,,
2026-09-11T07:33:20.291061+00:00,2026-09-11T12:33:20.291061+05:00,,,,5,,,,,
2026-09-11T07:34:20.663700+00:00,2026-09-11T12:34:20.663700+05:00,,,,5,,,,,
2026-09-11T07:35:20.478758+00:00,2026-09-11T12:35:20.478758+05:00,,,,5,,,,,
2026-09-11T07:36:20.625305+00:00,2026-09-11T12:36:20.625305+05:00,5,0,101.1,5,115,31,221,44,4
2026-09-11T07:37:20.525554+00:00,2026-09-11T12:37:20.525554+05:00,,,,5,,,,,
2026-09-11T07:38:20.694062+00:00,2026-09-11T12:38:20.694062+05:00,,,,5,,,,,
2026-09-11T07:39:20.159845+00:00,2026-09-11T12:39:20.159845+05:00,,,,5,,,,,
2026-09-11T07:40:20.537761+00:00,2026-09-11T12:40:20.537761+05:00,5,0,100.5,5,,,,,
2026-09-11T07:41:20.825057+00:00,2026-09-11T12:41:20.825057+05:00,,,,5,114,28,221,48,4
2026-09-11T07:42:20.510649+00:00,2026-09-11T12:42:20.510649+05:00,,,,5,,,,,
2026-09-11T07:43:20.498750+00:00,2026-09-11T12:43:20.498750+05:00,,,,5,,,,,
2026-09-11T07:44:20.558499+00:00,2026-09-11T12:44:20.558499+05:00,5,0,103.4,5,,,,,
2026-09-11T07:45:20.519788+00:00,2026-09-11T12:45:20.519788+05:00,,,,5,,,,,
2026-09-11T07:46:20.873721+00:00,2026-09-11T12:46:20.873721+05:00,,,,5,116,28,220,49,4
2026-09-11T07:47:20.505804+00:00,2026-09-11T12:47:20.505804+05:00,,,,5,,,,,
2026-09-11T07:48:20.391316+00:00,2026-09-11T12:48:20.391316+05:00,5,0,109.7,5,,,,,
2026-09-11T07:49:20.483147+00:00,2026-09-11T12:49:20.483147+05:00,,,,5,,,,,
2026-09-11T07:50:20.669183+00:00,2026-09-11T12:50:20.669183+05:00,,,,5,,,,,
2026-09-11T07:51:20.704566+00:00,2026-09-11T12:51:20.704566+05:00,,,,5,118,28,221,46,4
2026-09-11T07:52:20.563094+00:00,2026-09-11T12:52:20.563094+05:00,5,0,105.3,5,,,,,
2026-09-11T07:53:20.292415+00:00,2026-09-11T12:53:20.292415+05:00,,,,5,,,,,
2026-09-11T07:54:20.336665+00:00,2026-09-11T12:54:20.336665+05:00,,,,5,,,,,
2026-09-11T07:55:20.277499+00:00,2026-09-11T12:55:20.277499+05:00,,,,5,,,,,
2026-09-11T07:56:20.584736+00:00,2026-09-11T12:56:20.584736+05:00,5,0,104.3,5,115,28,223,46,4
2026-09-11T07:57:20.533163+00:00,2026-09-11T12:57:20.533163+05:00,,,,5,,,,,
2026-09-11T07:58:20.153199+00:00,2026-09-11T12:58:20.153199+05:00,,,,5,,,,,
2026-09-11T07:59:20.544448+00:00,2026-09-11T12:59:20.544448+05:00,,,,5,,,,,
2026-09-11T08:00:23.681331+00:00,2026-09-11T13:00:23.681331+05:00,5,0,103.1,5,,,,,
2026-09-11T08:01:20.607934+00:00,2026-09-11T13:01:20.607934+05:00,,,,5,120,27,225,46,4
2026-09-11T08:02:20.271753+00:00,2026-09-11T13:02:20.271753+05:00,,,,5,,,,,
2026-09-11T08:03:20.502882+00:00,2026-09-11T13:03:20.502882+05:00,,,,5,,,,,
2026-09-11T08:04:20.501587+00:00,2026-09-11T13:04:20.501587+05:00,5,0,104.2,5,,,,,
2026-09-11T08:05:20.549387+00:00,2026-09-11T13:05:20.549387+05:00,,,,5,,,,,
2026-09-11T08:06:20.568234+00:00,2026-09-11T13:06:20.568234+05:00,,,,5,120,28,225,47,3
2026-09-11T08:07:20.578714+00:00,2026-09-11T13:07:20.578714+05:00,,,,5,,,,,
2026-09-11T08:08:24.197193+00:00,2026-09-11T13:08:24.197193+05:00,5,0,101.2,5,,,,,
2026-09-11T08:09:20.148612+00:00,2026-09-11T13:09:20.148612+05:00,,,,5,,,,,
2026-09-11T08:10:20.553403+00:00,2026-09-11T13:10:20.553403+05:00,,,,5,,,,,
2026-09-11T08:11:21.040785+00:00,2026-09-11T13:11:21.040785+05:00,,,,5,126,29,229,48,3
2026-09-11T08:12:23.518739+00:00,2026-09-11T13:12:23.518739+05:00,5,0,,5,,,,,
2026-09-11T08:13:20.471663+00:00,2026-09-11T13:13:20.471663+05:00,,,,5,,,,,
2026-09-11T08:14:20.196102+00:00,2026-09-11T13:14:20.196102+05:00,,,,5,,,,,
2026-09-11T08:15:20.542592+00:00,2026-09-11T13:15:20.542592+05:00,,,,5,,,,,
2026-09-11T08:16:20.779086+00:00,2026-09-11T13:16:20.779086+05:00,5,0,,5,130,29,229,49,4
2026-09-11T08:17:20.489257+00:00,2026-09-11T13:17:20.489257+05:00,,,,5,,,,,
2026-09-11T08:18:20.515674+00:00,2026-09-11T13:18:20.515674+05:00,,,,5,,,,,
2026-09-11T08:19:20.485889+00:00,2026-09-11T13:19:20.485889+05:00,,,,5,,,,,
2026-09-11T08:20:20.485039+00:00,2026-09-11T13:20:20.485039+05:00,5,0,,5,,,,,
2026-09-11T08:21:20.864258+00:00,2026-09-11T13:21:20.864258+05:00,,,,5,124,28,230,51,4
2026-09-11T08:22:20.544290+00:00,2026-09-11T13:22:20.544290+05:00,,,,5,,,,,
2026-09-11T08:23:20.487460+00:00,2026-09-11T13:23:20.487460+05:00,,,,5,,,,,
2026-09-11T08:24:20.590112+00:00,2026-09-11T13:24:20.590112+05:00,5,0,,5,,,,,
2026-09-11T08:25:20.549082+00:00,2026-09-11T13:25:20.549082+05:00,,,,5,,,,,
2026-09-11T08:26:21.017267+00:00,2026-09-11T13:26:21.017267+05:00,,,,5,120,30,231,51,5
2026-09-11T08:27:20.283326+00:00,2026-09-11T13:27:20.283326+05:00,,,,5,,,,,
2026-09-11T08:28:20.407476+00:00,2026-09-11T13:28:20.407476+05:00,5,0,,5,,,,,
2026-09-11T08:29:20.595775+00:00,2026-09-11T13:29:20.595775+05:00,,,,5,,,,,
2026-09-11T08:30:20.322511+00:00,2026-09-11T13:30:20.322511+05:00,,,,4,,,,,
2026-09-11T08:31:20.638262+00:00,2026-09-11T13:31:20.638262+05:00,,,,4,121,30,230,51,5
2026-09-11T08:32:20.775270+00:00,2026-09-11T13:32:20.775270+05:00,4,0,,4,,,,,
2026-09-11T08:33:20.155654+00:00,2026-09-11T13:33:20.155654+05:00,,,,4,,,,,
2026-09-11T08:34:20.286976+00:00,2026-09-11T13:34:20.286976+05:00,,,,4,,,,,
2026-09-11T08:35:20.324714+00:00,2026-09-11T13:35:20.324714+05:00,,,,4,,,,,
2026-09-11T08:36:23.511230+00:00,2026-09-11T13:36:23.511230+05:00,4,0,,4,123,31,230,52,5
2026-09-11T08:37:20.490858+00:00,2026-09-11T13:37:20.490858+05:00,,,,4,,,,,
2026-09-11T08:38:20.507560+00:00,2026-09-11T13:38:20.507560+05:00,,,,4,,,,,
2026-09-11T08:39:20.369924+00:00,2026-09-11T13:39:20.369924+05:00,,,,5,,,,,
2026-09-11T08:40:20.553986+00:00,2026-09-11T13:40:20.553986+05:00,4,0,,5,,,,,
2026-09-11T08:41:20.662166+00:00,2026-09-11T13:41:20.662166+05:00,,,,5,122,31,230,50,5
2026-09-11T08:42:20.521386+00:00,2026-09-11T13:42:20.521386+05:00,,,,5,,,,,
2026-09-11T08:43:20.542594+00:00,2026-09-11T13:43:20.542594+05:00,,,,5,,,,,
2026-09-11T08:44:20.502782+00:00,2026-09-11T13:44:20.502782+05:00,5,0,101.2,5,,,,,
2026-09-11T08:45:20.149126+00:00,2026-09-11T13:45:20.149126+05:00,,,,5,,,,,
2026-09-11T08:46:20.649771+00:00,2026-09-11T13:46:20.649771+05:00,,,,5,120,31,230,52,5
2026-09-11T08:47:20.467218+00:00,2026-09-11T13:47:20.467218+05:00,,,,5,,,,,
2026-09-11T08:48:20.584774+00:00,2026-09-11T13:48:20.584774+05:00,5,0,104.0,5,,,,,
2026-09-11T08:49:20.606479+00:00,2026-09-11T13:49:20.606479+05:00,,,,5,,,,,
2026-09-11T08:50:20.326673+00:00,2026-09-11T13:50:20.326673+05:00,,,,5,,,,,
2026-09-11T08:51:20.655787+00:00,2026-09-11T13:51:20.655787+05:00,,,,5,115,30,228,51,5
2026-09-11T08:52:20.495554+00:00,2026-09-11T13:52:20.495554+05:00,5,0,109.1,5,,,,,
2026-09-11T08:53:20.505119+00:00,2026-09-11T13:53:20.505119+05:00,,,,5,,,,,
2026-09-11T08:54:20.590375+00:00,2026-09-11T13:54:20.590375+05:00,,,,5,,,,,
2026-09-11T08:55:20.181302+00:00,2026-09-11T13:55:20.181302+05:00,,,,5,,,,,
2026-09-11T08:56:20.769807+00:00,2026-09-11T13:56:20.769807+05:00,5,0,105.2,5,115,28,226,51,5
2026-09-11T08:57:20.486774+00:00,2026-09-11T13:57:20.486774+05:00,,,,5,,,,,
2026-09-11T08:58:20.344652+00:00,2026-09-11T13:58:20.344652+05:00,,,,5,,,,,
2026-09-11T08:59:20.491022+00:00,2026-09-11T13:59:20.491022+05:00,,,,5,,,,,
2026-09-11T09:00:20.486063+00:00,2026-09-11T14:00:20.486063+05:00,5,0,105.4,5,,,,,
2026-09-11T09:01:20.834713+00:00,2026-09-11T14:01:20.834713+05:00,,,,5,111,29,226,53,5
2026-09-11T09:02:20.491686+00:00,2026-09-11T14:02:20.491686+05:00,,,,5,,,,,
2026-09-11T09:03:20.581111+00:00,2026-09-11T14:03:20.581111+05:00,,,,5,,,,,
2026-09-11T09:04:20.636699+00:00,2026-09-11T14:04:20.636699+05:00,5,0,104.8,5,,,,,
2026-09-11T09:05:20.593466+00:00,2026-09-11T14:05:20.593466+05:00,,,,5,,,,,
2026-09-11T09:06:20.780209+00:00,2026-09-11T14:06:20.780209+05:00,,,,5,108,29,226,54,4
2026-09-11T09:07:20.282960+00:00,2026-09-11T14:07:20.282960+05:00,,,,5,,,,,
2026-09-11T09:08:20.412798+00:00,2026-09-11T14:08:20.412798+05:00,5,0,103.6,5,,,,,
2026-09-11T09:09:20.461127+00:00,2026-09-11T14:09:20.461127+05:00,,,,5,,,,,
2026-09-11T09:10:20.285334+00:00,2026-09-11T14:10:20.285334+05:00,,,,5,,,,,
2026-09-11T09:11:20.636822+00:00,2026-09-11T14:11:20.636822+05:00,,,,5,109,30,226,53,4
2026-09-11T09:12:20.576469+00:00,2026-09-11T14:12:20.576469+05:00,5,0,110.8,5,,,,,
2026-09-11T09:13:20.173048+00:00,2026-09-11T14:13:20.173048+05:00,,,,5,,,,,
2026-09-11T09:14:20.473384+00:00,2026-09-11T14:14:20.473384+05:00,,,,5,,,,,
2026-09-11T09:15:20.567956+00:00,2026-09-11T14:15:20.567956+05:00,,,,5,,,,,
2026-09-11T09:16:22.629896+00:00,2026-09-11T14:16:22.629896+05:00,5,0,106.2,5,101,32,226,51,4
2026-09-11T09:17:20.504569+00:00,2026-09-11T14:17:20.504569+05:00,,,,5,,,,,
2026-09-11T09:18:20.307489+00:00,2026-09-11T14:18:20.307489+05:00,,,,5,,,,,
2026-09-11T09:19:20.480886+00:00,2026-09-11T14:19:20.480886+05:00,,,,5,,,,,
2026-09-11T09:20:20.573750+00:00,2026-09-11T14:20:20.573750+05:00,5,0,106.9,5,,,,,
2026-09-11T09:21:20.646230+00:00,2026-09-11T14:21:20.646230+05:00,,,,5,94,31,226,53,4
2026-09-11T09:22:20.349056+00:00,2026-09-11T14:22:20.349056+05:00,,,,5,,,,,
2026-09-11T09:23:20.281793+00:00,2026-09-11T14:23:20.281793+05:00,,,,5,,,,,
2026-09-11T09:24:20.478845+00:00,2026-09-11T14:24:20.478845+05:00,5,0,114.1,5,,,,,
2026-09-11T09:25:20.536547+00:00,2026-09-11T14:25:20.536547+05:00,,,,5,,,,,
2026-09-11T09:26:20.932800+00:00,2026-09-11T14:26:20.932800+05:00,,,,5,93,31,226,54,4
2026-09-11T09:27:20.483759+00:00,2026-09-11T14:27:20.483759+05:00,,,,5,,,,,
2026-09-11T09:28:20.769248+00:00,2026-09-11T14:28:20.769248+05:00,5,0,111.9,5,,,,,
2026-09-11T09:29:20.544933+00:00,2026-09-11T14:29:20.544933+05:00,,,,5,,,,,
2026-09-11T09:30:20.512333+00:00,2026-09-11T14:30:20.512333+05:00,,,,5,,,,,
2026-09-11T09:31:20.603579+00:00,2026-09-11T14:31:20.603579+05:00,,,,5,95,31,226,56,4
2026-09-11T09:32:20.480796+00:00,2026-09-11T14:32:20.480796+05:00,5,0,111.4,5,,,,,
2026-09-11T09:33:20.294478+00:00,2026-09-11T14:33:20.294478+05:00,,,,5,,,,,
2026-09-11T09:34:20.498012+00:00,2026-09-11T14:34:20.498012+05:00,,,,5,,,,,
2026-09-11T09:35:20.479932+00:00,2026-09-11T14:35:20.479932+05:00,,,,5,,,,,
2026-09-11T09:36:23.717444+00:00,2026-09-11T14:36:23.717444+05:00,5,0,109.1,5,97,31,230,59,4
2026-09-11T09:37:20.625853+00:00,2026-09-11T14:37:20.625853+05:00,,,,5,,,,,
2026-09-11T09:38:20.615817+00:00,2026-09-11T14:38:20.615817+05:00,,,,5,,,,,
2026-09-11T09:39:20.556139+00:00,2026-09-11T14:39:20.556139+05:00,,,,5,,,,,
2026-09-11T09:40:20.418710+00:00,2026-09-11T14:40:20.418710+05:00,5,0,108.2,5,,,,,
2026-09-11T09:41:20.786288+00:00,2026-09-11T14:41:20.786288+05:00,,,,5,92,32,230,58,4
2026-09-11T09:42:20.291201+00:00,2026-09-11T14:42:20.291201+05:00,,,,5,,,,,
2026-09-11T09:43:20.538905+00:00,2026-09-11T14:43:20.538905+05:00,,,,5,,,,,
2026-09-11T09:44:20.804085+00:00,2026-09-11T14:44:20.804085+05:00,5,0,114.5,5,,,,,
2026-09-11T09:45:20.501432+00:00,2026-09-11T14:45:20.501432+05:00,,,,5,,,,,
2026-09-11T09:46:47.427716+00:00,2026-09-11T14:46:47.427716+05:00,5,0,118.8,5,92,32,230,56,2
2026-09-11T09:47:46.667401+00:00,2026-09-11T14:47:46.667401+05:00,,,,5,,,,,
2026-09-11T09:48:46.652258+00:00,2026-09-11T14:48:46.652258+05:00,,,,5,,,,,
2026-09-11T09:49:46.503649+00:00,2026-09-11T14:49:46.503649+05:00,,,,5,,,,,
2026-09-11T09:50:49.889957+00:00,2026-09-11T14:50:49.889957+05:00,5,0,113.0,5,,,,,
2026-09-11T09:51:47.066263+00:00,2026-09-11T14:51:47.066263+05:00,,,,5,97,32,230,56,2
2026-09-11T09:52:46.678728+00:00,2026-09-11T14:52:46.678728+05:00,,,,5,,,,,
2026-09-11T09:53:46.662542+00:00,2026-09-11T14:53:46.662542+05:00,,,,5,,,,,
2026-09-11T09:54:46.887296+00:00,2026-09-11T14:54:46.887296+05:00,5,0,117.1,5,,,,,
2026-09-11T09:55:46.532486+00:00,2026-09-11T14:55:46.532486+05:00,,,,5,,,,,
2026-09-11T09:56:46.828549+00:00,2026-09-11T14:56:46.828549+05:00,,,,5,105,32,231,54,1
2026-09-11T09:57:46.693893+00:00,2026-09-11T14:57:46.693893+05:00,,,,5,,,,,
2026-09-11T09:58:46.726206+00:00,2026-09-11T14:58:46.726206+05:00,5,0,117.7,5,,,,,
2026-09-11T09:59:46.509475+00:00,2026-09-11T14:59:46.509475+05:00,,,,5,,,,,
2026-09-11T10:00:46.509828+00:00,2026-09-11T15:00:46.509828+05:00,,,,5,,,,,
2026-09-11T10:01:47.033065+00:00,2026-09-11T15:01:47.033065+05:00,,,,5,103,30,230,55,1
2026-09-11T10:02:49.944024+00:00,2026-09-11T15:02:49.944024+05:00,5,0,113.4,5,,,,,
2026-09-11T10:03:46.657599+00:00,2026-09-11T15:03:46.657599+05:00,,,,5,,,,,
2026-09-11T10:04:46.655760+00:00,2026-09-11T15:04:46.655760+05:00,,,,5,,,,,
2026-09-11T10:05:46.721972+00:00,2026-09-11T15:05:46.721972+05:00,,,,5,,,,,
2026-09-11T10:06:47.008927+00:00,2026-09-11T15:06:47.008927+05:00,5,0,116.2,5,111,31,229,57,1
2026-09-11T10:07:47.556500+00:00,2026-09-11T15:07:47.556500+05:00,,,,5,,,,,
2026-09-11T10:08:46.500252+00:00,2026-09-11T15:08:46.500252+05:00,,,,5,,,,,
2026-09-11T10:09:46.514321+00:00,2026-09-11T15:09:46.514321+05:00,,,,5,,,,,
2026-09-11T10:10:46.888265+00:00,2026-09-11T15:10:46.888265+05:00,5,0,117.5,5,,,,,
2026-09-11T10:11:47.138837+00:00,2026-09-11T15:11:47.138837+05:00,,,,5,109,31,229,58,1
2026-09-11T10:12:46.667179+00:00,2026-09-11T15:12:46.667179+05:00,,,,5,,,,,
2026-09-11T10:13:46.677128+00:00,2026-09-11T15:13:46.677128+05:00,,,,5,,,,,
2026-09-11T10:14:49.779361+00:00,2026-09-11T15:14:49.779361+05:00,5,0,121.9,5,,,,,
2026-09-11T10:15:46.502595+00:00,2026-09-11T15:15:46.502595+05:00,,,,5,,,,,
2026-09-11T10:16:46.994426+00:00,2026-09-11T15:16:46.994426+05:00,,,,5,117,28,229,57,1
2026-09-11T10:17:46.647195+00:00,2026-09-11T15:17:46.647195+05:00,,,,5,,,,,
2026-09-11T10:18:46.890642+00:00,2026-09-11T15:18:46.890642+05:00,5,0,119.5,5,,,,,
2026-09-11T10:19:46.674478+00:00,2026-09-11T15:19:46.674478+05:00,,,,5,,,,,
2026-09-11T10:20:46.717772+00:00,2026-09-11T15:20:46.717772+05:00,,,,5,,,,,
2026-09-11T10:21:49.264343+00:00,2026-09-11T15:21:49.264343+05:00,,,,5,118,30,229,56,1
2026-09-11T10:22:46.723730+00:00,2026-09-11T15:22:46.723730+05:00,5,0,117.6,5,,,,,
2026-09-11T10:23:46.660470+00:00,2026-09-11T15:23:46.660470+05:00,,,,5,,,,,
2026-09-11T10:24:46.660077+00:00,2026-09-11T15:24:46.660077+05:00,,,,5,,,,,
2026-09-11T10:25:46.693322+00:00,2026-09-11T15:25:46.693322+05:00,,,,5,,,,,
2026-09-11T10:26:47.400789+00:00,2026-09-11T15:26:47.400789+05:00,5,0,119.0,5,120,31,229,56,1
2026-09-11T10:27:46.527216+00:00,2026-09-11T15:27:46.527216+05:00,,,,5,,,,,
2026-09-11T10:28:46.692352+00:00,2026-09-11T15:28:46.692352+05:00,,,,5,,,,,
2026-09-11T10:29:46.655820+00:00,2026-09-11T15:29:46.655820+05:00,,,,5,,,,,
2026-09-11T10:30:46.744841+00:00,2026-09-11T15:30:46.744841+05:00,5,0,113.6,5,,,,,
2026-09-11T10:31:47.221749+00:00,2026-09-11T15:31:47.221749+05:00,,,,5,120,30,229,56,1
2026-09-11T10:32:46.678904+00:00,2026-09-11T15:32:46.678904+05:00,,,,5,,,,,
2026-09-11T10:33:46.657179+00:00,2026-09-11T15:33:46.657179+05:00,,,,5,,,,,
2026-09-11T10:34:46.914824+00:00,2026-09-11T15:34:46.914824+05:00,5,0,115.7,5,,,,,
2026-09-11T10:35:46.507713+00:00,2026-09-11T15:35:46.507713+05:00,,,,5,,,,,
2026-09-11T10:36:46.971785+00:00,2026-09-11T15:36:46.971785+05:00,,,,5,125,31,228,56,1
2026-09-11T10:37:46.670109+00:00,2026-09-11T15:37:46.670109+05:00,,,,5,,,,,
2026-09-11T10:38:46.749350+00:00,2026-09-11T15:38:46.749350+05:00,5,0,118.5,5,,,,,
2026-09-11T10:39:46.657944+00:00,2026-09-11T15:39:46.657944+05:00,,,,5,,,,,
2026-09-11T10:40:46.672406+00:00,2026-09-11T15:40:46.672406+05:00,,,,5,,,,,
2026-09-11T10:41:47.048138+00:00,2026-09-11T15:41:47.048138+05:00,,,,5,127,32,229,55,1
2026-09-11T10:42:46.902798+00:00,2026-09-11T15:42:46.902798+05:00,6,0,119.7,5,,,,,
2026-09-11T10:43:46.699140+00:00,2026-09-11T15:43:46.699140+05:00,,,,5,,,,,
2026-09-11T10:44:46.676255+00:00,2026-09-11T15:44:46.676255+05:00,,,,5,,,,,
2026-09-11T10:45:46.674209+00:00,2026-09-11T15:45:46.674209+05:00,,,,5,,,,,
2026-09-11T10:46:46.985629+00:00,2026-09-11T15:46:46.985629+05:00,6,0,114.6,5,131,31,230,56,2
2026-09-11T10:47:46.657694+00:00,2026-09-11T15:47:46.657694+05:00,,,,5,,,,,
2026-09-11T10:48:46.874825+00:00,2026-09-11T15:48:46.874825+05:00,,,,5,,,,,
2026-09-11T10:49:46.673717+00:00,2026-09-11T15:49:46.673717+05:00,,,,5,,,,,
2026-09-11T10:50:46.897493+00:00,2026-09-11T15:50:46.897493+05:00,5,0,121.1,5,,,,,
2026-09-11T10:51:47.036524+00:00,2026-09-11T15:51:47.036524+05:00,,,,5,133,31,230,53,3
2026-09-11T10:52:46.656920+00:00,2026-09-11T15:52:46.656920+05:00,,,,5,,,,,
2026-09-11T10:53:46.658462+00:00,2026-09-11T15:53:46.658462+05:00,,,,5,,,,,
2026-09-11T10:54:46.734646+00:00,2026-09-11T15:54:46.734646+05:00,6,0,119.7,5,,,,,
2026-09-11T10:55:46.657914+00:00,2026-09-11T15:55:46.657914+05:00,,,,5,,,,,
2026-09-11T10:56:46.999980+00:00,2026-09-11T15:56:46.999980+05:00,,,,5,133,30,228,51,3
2026-09-11T10:57:46.630095+00:00,2026-09-11T15:57:46.630095+05:00,,,,5,,,,,
2026-09-11T10:58:47.474488+00:00,2026-09-11T15:58:47.474488+05:00,6,0,119.5,5,,,,,
2026-09-11T10:59:46.636623+00:00,2026-09-11T15:59:46.636623+05:00,,,,5,,,,,
2026-09-11T11:00:46.664646+00:00,2026-09-11T16:00:46.664646+05:00,,,,5,,,,,
2026-09-11T11:01:46.985067+00:00,2026-09-11T16:01:46.985067+05:00,,,,5,130,30,230,50,3
2026-09-11T11:02:46.904805+00:00,2026-09-11T16:02:46.904805+05:00,6,0,115.9,5,,,,,
2026-09-11T11:03:46.716010+00:00,2026-09-11T16:03:46.716010+05:00,,,,5,,,,,
2026-09-11T11:04:46.652552+00:00,2026-09-11T16:04:46.652552+05:00,,,,5,,,,,
2026-09-11T11:05:46.510706+00:00,2026-09-11T16:05:46.510706+05:00,,,,5,,,,,
2026-09-11T11:06:46.988398+00:00,2026-09-11T16:06:46.988398+05:00,6,0,118.0,5,127,28,230,51,3
2026-09-11T11:07:46.688665+00:00,2026-09-11T16:07:46.688665+05:00,,,,5,,,,,
2026-09-11T11:08:46.506989+00:00,2026-09-11T16:08:46.506989+05:00,,,,5,,,,,
2026-09-11T11:09:46.662800+00:00,2026-09-11T16:09:46.662800+05:00,,,,5,,,,,
2026-09-11T11:10:46.732095+00:00,2026-09-11T16:10:46.732095+05:00,6,0,116.1,5,,,,,
2026-09-11T11:11:46.968878+00:00,2026-09-11T16:11:46.968878+05:00,,,,5,126,28,230,54,4
2026-09-11T11:12:46.502129+00:00,2026-09-11T16:12:46.502129+05:00,,,,5,,,,,
2026-09-11T11:13:46.679091+00:00,2026-09-11T16:13:46.679091+05:00,,,,6,,,,,
2026-09-11T11:14:46.896802+00:00,2026-09-11T16:14:46.896802+05:00,6,0,119.5,6,,,,,
2026-09-11T11:15:46.690596+00:00,2026-09-11T16:15:46.690596+05:00,,,,6,,,,,
2026-09-11T11:16:47.006608+00:00,2026-09-11T16:16:47.006608+05:00,,,,6,126,27,230,52,4
2026-09-11T11:17:46.640718+00:00,2026-09-11T16:17:46.640718+05:00,,,,6,,,,,
2026-09-11T11:18:46.715359+00:00,2026-09-11T16:18:46.715359+05:00,6,0,120.9,6,,,,,
2026-09-11T11:19:46.682113+00:00,2026-09-11T16:19:46.682113+05:00,,,,6,,,,,
2026-09-11T11:20:46.505597+00:00,2026-09-11T16:20:46.505597+05:00,,,,6,,,,,
2026-09-11T11:21:47.588600+00:00,2026-09-11T16:21:47.588600+05:00,,,,6,126,27,229,52,3
2026-09-11T11:22:49.998180+00:00,2026-09-11T16:22:49.998180+05:00,6,0,126.2,6,,,,,
2026-09-11T11:23:46.671775+00:00,2026-09-11T16:23:46.671775+05:00,,,,6,,,,,
2026-09-11T11:24:46.517562+00:00,2026-09-11T16:24:46.517562+05:00,,,,6,,,,,
2026-09-11T11:25:46.669456+00:00,2026-09-11T16:25:46.669456+05:00,,,,6,,,,,
2026-09-11T11:26:49.908460+00:00,2026-09-11T16:26:49.908460+05:00,6,0,122.9,6,119,26,228,53,3
2026-09-11T11:27:46.661134+00:00,2026-09-11T16:27:46.661134+05:00,,,,6,,,,,
2026-09-11T11:28:46.499696+00:00,2026-09-11T16:28:46.499696+05:00,,,,6,,,,,
2026-09-11T11:29:46.667791+00:00,2026-09-11T16:29:46.667791+05:00,,,,6,,,,,
2026-09-11T11:30:46.900440+00:00,2026-09-11T16:30:46.900440+05:00,7,0,120.2,6,,,,,
2026-09-11T11:31:47.140576+00:00,2026-09-11T16:31:47.140576+05:00,,,,6,119,26,228,56,3
2026-09-11T11:32:46.676726+00:00,2026-09-11T16:32:46.676726+05:00,,,,6,,,,,
2026-09-11T11:33:46.709592+00:00,2026-09-11T16:33:46.709592+05:00,,,,6,,,,,
2026-09-11T11:34:49.866208+00:00,2026-09-11T16:34:49.866208+05:00,7,0,119.8,6,,,,,
2026-09-11T11:35:46.685961+00:00,2026-09-11T16:35:46.685961+05:00,,,,6,,,,,
2026-09-11T11:36:47.007149+00:00,2026-09-11T16:36:47.007149+05:00,,,,6,117,26,228,56,3
2026-09-11T11:37:46.691479+00:00,2026-09-11T16:37:46.691479+05:00,,,,6,,,,,
2026-09-11T11:38:50.025900+00:00,2026-09-11T16:38:50.025900+05:00,7,0,115.1,6,,,,,
2026-09-11T11:39:46.507542+00:00,2026-09-11T16:39:46.507542+05:00,,,,6,,,,,
2026-09-11T11:40:46.859429+00:00,2026-09-11T16:40:46.859429+05:00,,,,6,,,,,
2026-09-11T11:41:47.161726+00:00,2026-09-11T16:41:47.161726+05:00,,,,6,122,27,228,55,2
2026-09-11T11:42:46.719237+00:00,2026-09-11T16:42:46.719237+05:00,7,0,114.6,6,,,,,
2026-09-11T11:43:46.671032+00:00,2026-09-11T16:43:46.671032+05:00,,,,6,,,,,
2026-09-11T11:44:46.875379+00:00,2026-09-11T16:44:46.875379+05:00,,,,6,,,,,
2026-09-11T11:45:46.666596+00:00,2026-09-11T16:45:46.666596+05:00,,,,6,,,,,
2026-09-11T11:46:50.018436+00:00,2026-09-11T16:46:50.018436+05:00,7,0,119.0,6,122,29,228,54,2
2026-09-11T11:47:46.659034+00:00,2026-09-11T16:47:46.659034+05:00,,,,6,,,,,
2026-09-11T11:48:46.519539+00:00,2026-09-11T16:48:46.519539+05:00,,,,6,,,,,
2026-09-11T11:49:46.674507+00:00,2026-09-11T16:49:46.674507+05:00,,,,6,,,,,
2026-09-11T11:50:49.786137+00:00,2026-09-11T16:50:49.786137+05:00,7,0,123.5,6,,,,,
2026-09-11T11:51:47.050337+00:00,2026-09-11T16:51:47.050337+05:00,,,,6,121,31,228,54,2
2026-09-11T11:52:46.723381+00:00,2026-09-11T16:52:46.723381+05:00,,,,6,,,,,
2026-09-11T11:53:46.662139+00:00,2026-09-11T16:53:46.662139+05:00,,,,6,,,,,
2026-09-11T11:54:47.080358+00:00,2026-09-11T16:54:47.080358+05:00,7,0,117.9,6,,,,,
2026-09-11T11:55:46.677078+00:00,2026-09-11T16:55:46.677078+05:00,,,,6,,,,,
2026-09-11T11:56:46.966913+00:00,2026-09-11T16:56:46.966913+05:00,,,,6,119,31,231,53,2
2026-09-11T11:57:46.664837+00:00,2026-09-11T16:57:46.664837+05:00,,,,6,,,,,
2026-09-11T11:58:46.746010+00:00,2026-09-11T16:58:46.746010+05:00,7,0,118.2,6,,,,,
2026-09-11T11:59:46.849921+00:00,2026-09-11T16:59:46.849921+05:00,,,,6,,,,,
2026-09-11T12:00:46.664894+00:00,2026-09-11T17:00:46.664894+05:00,,,,6,,,,,
2026-09-11T12:01:47.024559+00:00,2026-09-11T17:01:47.024559+05:00,,,,6,122,30,232,55,3
